# rom	genre	players	orientation	parent	title	year	maker -- made by tools/make-gameinfo.py from FinalBurn Neo
005	Maze	2	vertical		005	1981	Sega
10yard	Sports	2	horizontal		10-Yard Fight (World, set 1)	1983	Irem
10yard85	Sports	2	horizontal	10yard	10-Yard Fight '85 (US, Taito license)	1985	Irem (Taito license)
10yardj	Sports	2	horizontal	10yard	10-Yard Fight (Japan)	1983	Irem
119	Platform	2	horizontal		119 (bootleg?)	1986	Coreland / Sega
1941	Vertical shooter	2	vertical		1941: Counter Attack (World 900227)	1990	Capcom
1941j	Vertical shooter	2	vertical	1941	1941: Counter Attack (Japan)	1990	Capcom
1941r1	Vertical shooter	2	vertical	1941	1941: Counter Attack (World)	1990	Capcom
1941u	Vertical shooter	2	vertical	1941	1941: Counter Attack (USA 900227)	1990	Capcom
1942	Vertical shooter	2	vertical		1942 (Revision B)	1984	Capcom
1942a	Vertical shooter	2	vertical	1942	1942 (Revision A)	1984	Capcom
1942abl	Vertical shooter	2	vertical	1942	1942 (Revision A, bootleg)	1984	bootleg
1942b	Vertical shooter	2	vertical	1942	1942 (First Version)	1984	Capcom
1942c64	Vertical shooter	2	vertical	1942	1942 (C64 Music)	2015	hack by Minwah
1942h	Vertical shooter	2	vertical	1942	Supercharger 1942	1991	hack (Two Bit Score)
1942w	Vertical shooter	2	vertical	1942	1942 (Williams Electronics license)	1985	Capcom (Williams Electronics license)
1943	Vertical shooter	2	vertical		1943: The Battle of Midway (Euro)	1987	Capcom
1943b	Vertical shooter	2	vertical	1943	1943: Battle of Midway (bootleg, hack of Japan set, set 1)	1987	bootleg
1943b2	Vertical shooter	2	vertical	1943	1943: Battle of Midway (bootleg, hack of Japan set, set 2)	1987	bootleg
1943bj	Vertical shooter	2	vertical	1943	1943: Midway Kaisen (bootleg)	1987	bootleg
1943j	Vertical shooter	2	vertical	1943	1943: Midway Kaisen (Japan, Rev B)	1987	Capcom
1943ja	Vertical shooter	2	vertical	1943	1943: Midway Kaisen (Japan)	1987	Capcom
1943jah	Vertical shooter	2	vertical	1943	1943: Midway Kaisen (Japan, no protection hack)	1987	Capcom
1943jaha	Vertical shooter	2	vertical	1943	1943: Midway Kaisen (Japan, no protection hack, alt)	1987	Capcom
1943kai	Vertical shooter	2	vertical		1943 Kai: Midway Kaisen (Japan)	1987	Capcom
1943mii	Vertical shooter	2	vertical		1943: The Battle of Midway Mark II (US)	1987	Capcom
1943u	Vertical shooter	2	vertical	1943	1943: The Battle of Midway (US, Rev C)	1987	Capcom
1943ua	Vertical shooter	2	vertical	1943	1943: The Battle of Midway (US)	1987	Capcom
1944	Vertical shooter	2	horizontal		1944: The Loop Master (Europe 000620)	2000	Eighting / Raizing (Capcom license)
1944ad	Vertical shooter	2	horizontal	1944	1944: The Loop Master (USA 000620 alt Phoenix Edition) (bootleg)	2000	bootleg
1944d	Vertical shooter	2	horizontal	1944	1944: The Loop Master (USA 000620 Phoenix Edition) (bootleg)	2000	bootleg
1944j	Vertical shooter	2	horizontal	1944	1944: The Loop Master (Japan 000620)	2000	Eighting / Raizing (Capcom license)
1944u	Vertical shooter	2	horizontal	1944	1944: The Loop Master (USA 000620)	2000	Eighting / Raizing (Capcom license)
1945kiii	Vertical shooter	2	vertical		1945k III (newer, OPCX2 PCB)	2000	Oriental Soft
1945kiiin	Vertical shooter	2	vertical	1945kiii	1945k III (newer, OPCX1 PCB)	2000	Oriental Soft
1945kiiio	Vertical shooter	2	vertical	1945kiii	1945k III (older, OPCX1 PCB)	1999	Oriental Soft
1945kiiipt	Vertical shooter	2	vertical	1945kiii	1945k III (Promat license, OPCX1 PCB)	1999	Promat
19xx	Vertical shooter	2	vertical		19XX: The War Against Destiny (Europe 960104)	1996	Capcom
19xxa	Vertical shooter	2	vertical	19xx	19XX: The War Against Destiny (Asia 960104)	1996	Capcom
19xxar1	Vertical shooter	2	vertical	19xx	19XX: The War Against Destiny (Asia 951207)	1996	Capcom
19xxb	Vertical shooter	2	vertical	19xx	19XX: The War Against Destiny (Brazil 951218)	1996	Capcom
19xxd	Vertical shooter	2	vertical	19xx	19XX: The War Against Destiny (USA 951207 Phoenix Edition) (bootleg)	1996	bootleg
19xxh	Vertical shooter	2	vertical	19xx	19XX: The War Against Destiny (Hispanic 951218)	1996	Capcom
19xxj	Vertical shooter	2	vertical	19xx	19XX: The War Against Destiny (Japan 960104, yellow case)	1996	Capcom
19xxjr1	Vertical shooter	2	vertical	19xx	19XX: The War Against Destiny (Japan 951225)	1996	Capcom
19xxjr2	Vertical shooter	2	vertical	19xx	19XX: The War Against Destiny (Japan 951207)	1996	Capcom
19xxu	Vertical shooter	2	vertical	19xx	19XX: The War Against Destiny (USA 951207)	1996	Capcom
19yy	Vertical shooter	2	horizontal		19YY (Neo CD conversion, ADK World)	2022	hack
19yyo	Vertical shooter	2	horizontal	19yy	19YY (Neo CD conversion, ADK World)(Original release)	2022	hack
2020bb	Sports	2	horizontal		2020 Super Baseball (set 1)	1991	SNK / Pallas
2020bba	Sports	2	horizontal	2020bb	2020 Super Baseball (set 2)	1991	SNK / Pallas
2020bbcd	Sports	2	horizontal	2020bb	2020 Super Baseball (Neo CD conversion)	1991	hack
2020bbh	Sports	2	horizontal	2020bb	2020 Super Baseball (set 3)	1991	SNK / Pallas
20pacgal	Maze / Shooter	2	vertical		Ms. Pac-Man/Galaga - 20th Anniversary Class of 1981 Reunion (V1.08)	2000	Namco / Cosmodog
20pacgalr0	Maze / Shooter	2	vertical	20pacgal	Ms. Pac-Man/Galaga - 20th Anniversary Class of 1981 Reunion (V1.00)	2000	Namco / Cosmodog
20pacgalr1	Maze / Shooter	2	vertical	20pacgal	Ms. Pac-Man/Galaga - 20th Anniversary Class of 1981 Reunion (V1.01)	2000	Namco / Cosmodog
20pacgalr2	Maze / Shooter	2	vertical	20pacgal	Ms. Pac-Man/Galaga - 20th Anniversary Class of 1981 Reunion (V1.02)	2000	Namco / Cosmodog
20pacgalr3	Maze / Shooter	2	vertical	20pacgal	Ms. Pac-Man/Galaga - 20th Anniversary Class of 1981 Reunion (V1.03)	2000	Namco / Cosmodog
20pacgalr4	Maze / Shooter	2	vertical	20pacgal	Ms. Pac-Man/Galaga - 20th Anniversary Class of 1981 Reunion (V1.04)	2000	Namco / Cosmodog
25pacmano	Maze	2	vertical	25pacman	Pac-Man - 25th Anniversary Edition (Rev 2.00)	2005	Namco / Cosmodog
3countb	Fighting	2	horizontal		3 Count Bout / Fire Suplex (NGM-043 ~ NGH-043)	1993	SNK
3countba	Fighting	2	horizontal	3countb	3 Count Bout / Fire Suplex (NGM-043)	1993	SNK
3in1semi	Mini-games	2	horizontal		New HyperMan (3-in-1 with Cookie & Bibi & HyperMan) (set 1)	1998	SemiCom / XESS
3in1semia	Mini-games	2	horizontal	3in1semi	New HyperMan (3-in-1 with Cookie & Bibi & HyperMan) (set 2)	1998	SemiCom / XESS
3kokushi	Mahjong	2	horizontal		Sankokushi (Japan)	1996	Mitchell
3on3dunk	Sports	2	horizontal		3 On 3 Dunk Madness (US, prototype? 1997/02/04)	1996	Video System Co.
3stooges	Action	2	horizontal		The Three Stooges In Brides Is Brides (set 1)	1984	Mylstar
3stoogesa	Action	2	horizontal	3stooges	The Three Stooges In Brides Is Brides (set 2)	1984	Mylstar
3wonders	Mini-games	2	horizontal		Three Wonders (World 910520)	1991	Capcom
3wondersb	Mini-games	2	horizontal	3wonders	Three Wonders (bootleg)	1991	bootleg
3wondersh	Mini-games	2	horizontal	3wonders	Three Wonders (hack, set 1)	1991	bootleg
3wondersha	Mini-games	2	horizontal	3wonders	Three Wonders (hack, set 2)	1991	bootleg
3wondersr1	Mini-games	2	horizontal	3wonders	Three Wonders (World 910513)	1991	Capcom
3wondersu	Mini-games	2	horizontal	3wonders	Three Wonders (USA 910520)	1991	Capcom
3x3puzzl	Puzzle	2	horizontal		3X3 Puzzle (Enterprise)	1998	Ace Enterprise
3x3puzzla	Puzzle	2	horizontal	3x3puzzl	3X3 Puzzle (Normal)	1998	Ace Enterprise
4dwarrio	Horizontal shooter	2	horizontal		4-D Warriors (315-5162)	1985	Coreland / Sega
4enraya	Puzzle	2	horizontal		4 En Raya (set 1)	1990	IDSA
4enrayaa	Puzzle	2	horizontal	4enraya	4 En Raya (set 2)	1990	IDSA
4in1	Maze	2	vertical		4 Fun in 1	1981	Armenia / Food and Fun
4in1boot	Mini-games	2	horizontal		Puzzle King (PacMan 2, Tetris, HyperMan 2, Snow Bros.)	2002	K1 Soft
4play	Misc	4	horizontal		4 player input test	???	SNK
600	Maze	2	vertical	turtles	600	1981	Konami
64street	Beat 'em up	2	horizontal		64th. Street: A Detective Story (World)	1991	Jaleco
64streetj	Beat 'em up	2	horizontal	64street	64th. Street: A Detective Story (Japan, set 1)	1991	Jaleco
64streetja	Beat 'em up	2	horizontal	64street	64th. Street: A Detective Story (Japan, set 2)	1991	Jaleco
720	Action / Sports	2	horizontal		720 Degrees (rev 4)	1986	Atari Games
720g	Action / Sports	2	horizontal	720	720 Degrees (German, rev 2)	1986	Atari Games
720gr1	Action / Sports	2	horizontal	720	720 Degrees (German, rev 1)	1986	Atari Games
720r1	Action / Sports	2	horizontal	720	720 Degrees (rev 1)	1986	Atari Games
720r2	Action / Sports	2	horizontal	720	720 Degrees (rev 2)	1986	Atari Games
720r3	Action / Sports	2	horizontal	720	720 Degrees (rev 3)	1986	Atari Games
7ordi	Casino	1	horizontal		7 Ordi (Korea)	2002	Yun Sung
7toitsu	Mahjong	2	horizontal	mgakuen	Chi-Toitsu	1988	Yuga
800fath	Horizontal shooter	2	vertical	mariner	800 Fathoms	1981	Amenip (US Billiards Inc. license)
800fatha	Horizontal shooter	2	vertical	mariner	800 Fathoms (older)	1981	Amenip (US Billiards Inc. license)
88games	Sports	4	horizontal		'88 Games	1988	Konami
8bpm	Sports	2	vertical	8ballact	Eight Ball Action (Pac-Man conversion)	1985	Seatongrove UK, Ltd. (Magic Electronics USA license)
99lstwar	Shooter	2	vertical	repulse	'99: The Last War (set 1)	1985	Crux / Proma
99lstwara	Shooter	2	vertical	repulse	'99: The Last War (set 2)	1985	Crux / Proma
99lstwarb	Shooter	2	vertical	repulse	'99: The Last War (bootleg)	1985	bootleg
99lstwark	Shooter	2	vertical	repulse	'99: The Last War (Kyugo)	1985	Crux / Kyugo
aa	Maze / Action	2	vertical		Alien Armada	2003	David Widel
abcop	Racing	2	horizontal		A.B. Cop (World) (FD1094 317-0169b)	1990	Sega
abcopd	Racing	2	horizontal	abcop	A.B. Cop (World) (bootleg of FD1094 317-0169b set)	1990	bootleg
abcopj	Racing	2	horizontal	abcop	A.B. Cop (Japan) (FD1094 317-0169b)	1990	Sega
abcopjd	Racing	2	horizontal	abcop	A.B. Cop (Japan) (bootleg of FD1094 317-0169b set)	1990	bootleg
ablast	Platform	2	horizontal	penbros	Hong Tian Lei (A-Blast) (Japan)	2000	Subsino
abscam	Maze / Action	2	vertical	puckman	Abscam	1981	GL (US Billiards license)
aburner	Shooter	2	horizontal		After Burner (VER 1.32, deluxe/upright)	1987	Sega
aburner131	Shooter	2	horizontal	aburner	After Burner (VER 1.31, deluxe/upright)	1987	Sega
aburner2	Shooter	2	horizontal		After Burner II (VER 2.00, deluxe/upright)	1987	Sega
aburner2g	Shooter	2	horizontal	aburner2	After Burner II (German, VER 2.01, deluxe/upright)	1987	Sega
abyssali	Horizontal shooter	1	horizontal		Abyssal Infants (HB)	2021	Kako Eimon
aceattac	Sports	2	vertical		Ace Attacker (FD1094 317-0059)	1988	Sega
aceattaca	Sports	2	vertical	aceattac	Ace Attacker (Japan, System 16A, FD1094 317-0060)	1988	Sega
acitya	Casino	2	vertical	bwcasino	Atlantic City Action	1983	Epos Corporation
acrobatm	Vertical shooter	2	vertical		Acrobat Mission	1991	UPL (Taito license)
actfancr	Horizontal shooter	2	horizontal		Act-Fancer Cybernetick Hyper Weapon (World revision 3)	1989	Data East Corporation
actfancr1	Horizontal shooter	2	horizontal	actfancr	Act-Fancer Cybernetick Hyper Weapon (World revision 1)	1989	Data East Corporation
actfancr2	Horizontal shooter	2	horizontal	actfancr	Act-Fancer Cybernetick Hyper Weapon (World revision 2)	1989	Data East Corporation
actfancrj	Horizontal shooter	2	horizontal	actfancr	Act-Fancer Cybernetick Hyper Weapon (Japan revision 1)	1989	Data East Corporation
actionhw	Beat 'em up	2	horizontal		Action Hollywood	1995	TCH / Proyesel
ad2083	Horizontal shooter	2	vertical		A. D. 2083	1983	Midcoin
adcanoe	Misc	2	vertical		Adventure Canoe	1982	Taito Corporation
adkw	Mini-games	2	horizontal		ADK World (Neo CD conversion)	1995	Alpha Denshi Co.
aeroboto	Horizontal shooter	2	horizontal	formatz	Aeroboto	1984	Jaleco (Williams license)
aerofgt	Vertical shooter	2	vertical		Aero Fighters (World / USA + Canada / Korea / Hong Kong / Taiwan) (newer hardware)	1992	Video System Co.
aerofgtb	Vertical shooter	2	vertical	aerofgt	Aero Fighters (Taiwan / Japan, set 1)	1992	Video System Co.
aerofgtc	Vertical shooter	2	vertical	aerofgt	Aero Fighters (Taiwan / Japan, set 2)	1992	Video System Co.
aerolitol	Shooter / Vector	2	horizontal	asteroid	Aerolitos Espaciales (Spanish bootleg of Asteroids)	1980	bootleg (Pasatiempos Laguna)
aerolitos	Shooter / Vector	2	horizontal	asteroid	Aerolitos (Spanish bootleg of Asteroids)	1980	bootleg (Rodmar Elec.)
afighter	Vertical shooter	2	vertical		Action Fighter (FD1089A 317-0018)	1986	Sega
afightera	Vertical shooter	2	vertical	afighter	Action Fighter (unprotected)	1986	Sega
afighterb	Vertical shooter	2	vertical	afighter	Action Fighter (unprotected, analog controls)	1986	Sega
afighterc	Vertical shooter	2	vertical	afighter	Action Fighter (FD1089B 317-unknown)	1986	Sega
afighterd	Vertical shooter	2	vertical	afighter	Action Fighter (FD1089B 317-unknown, analog controls)	1986	Sega
afightere	Vertical shooter	2	vertical	afighter	Action Fighter (System 16B, unprotected, analog controls)	1986	Sega
afighterf	Vertical shooter	2	vertical	afighter	Action Fighter (System 16B, FD1089B 317-unknown, analog controls)	1986	Sega
afighterg	Vertical shooter	2	vertical	afighter	Action Fighter (System 16B, FD1089B 317-unknown)	1986	Sega
afighterh	Vertical shooter	2	vertical	afighter	Action Fighter (System 16B, FD1089A 317-0018)	1986	Sega
agallet	Vertical shooter	2	vertical		Air Gallet (Europe)	1996	Gazelle (Banpresto license)
agalleta	Vertical shooter	2	vertical	agallet	Air Gallet (older, Europe)	1996	Gazelle (Banpresto license)
agalletah	Vertical shooter	2	vertical	agallet	Air Gallet (older, Hong Kong)	1996	Gazelle (Banpresto license)
agalletaj	Vertical shooter	2	vertical	agallet	Akuu Gallet (older, Japan)	1996	Gazelle (Banpresto license)
agalletak	Vertical shooter	2	vertical	agallet	Air Gallet (older, Korea)	1996	Gazelle (Banpresto license)
agalletat	Vertical shooter	2	vertical	agallet	Air Gallet (older, Taiwan)	1996	Gazelle (Banpresto license)
agalletau	Vertical shooter	2	vertical	agallet	Air Gallet (older, USA)	1996	Gazelle (Banpresto license)
agalleth	Vertical shooter	2	vertical	agallet	Air Gallet (Hong Kong)	1996	Gazelle (Banpresto license)
agalletj	Vertical shooter	2	vertical	agallet	Akuu Gallet (Japan)	1996	Gazelle (Banpresto license)
agalletk	Vertical shooter	2	vertical	agallet	Air Gallet (Korea)	1996	Gazelle (Banpresto license)
agallett	Vertical shooter	2	vertical	agallet	Air Gallet (Taiwan)	1996	Gazelle (Banpresto license)
agalletu	Vertical shooter	2	vertical	agallet	Air Gallet (USA)	1996	Gazelle (Banpresto license)
agentx1	Action	2	horizontal	cloak	Agent X (prototype, rev 1)	1983	Atari
agentx2	Action	2	horizontal	cloak	Agent X (prototype, rev 2)	1983	Atari
agentx3	Action	2	horizontal	cloak	Agent X (prototype, rev 3)	1983	Atari
agentx4	Action	2	horizontal	cloak	Agent X (prototype, rev 4)	1983	Atari
agress	Puzzle	2	horizontal		Agress - Missile Daisenryaku (Japan)	1991	Palco
agressb	Puzzle	2	horizontal	agress	Agress - Missile Daisenryaku (English bootleg)	2003	bootleg
airass	Vertical shooter	2	vertical		Air Assault (World)	1993	Irem
airattck	Vertical shooter	2	vertical		Air Attack (set 1)	1996	Comad
airattcka	Vertical shooter	2	vertical	airattck	Air Attack (set 2)	1996	Comad
airbustr	Horizontal shooter	2	horizontal		Air Buster: Trouble Specialty Raid Unit (World)	1990	Kaneko (Namco license)
airbustrb	Horizontal shooter	2	horizontal	airbustr	Air Buster: Trouble Specialty Raid Unit (bootleg)	1990	bootleg
airbustrj	Horizontal shooter	2	horizontal	airbustr	Air Buster: Trouble Specialty Raid Unit (Japan)	1990	Kaneko (Namco license)
airduel	Vertical shooter	2	vertical		Air Duel (World, M82 hardware)	1990	Irem
airdueljm72	Vertical shooter	2	vertical	airduel	Air Duel (Japan, M72 hardware)	1990	Irem
airduelm72	Vertical shooter	2	vertical	airduel	Air Duel (World, M72 hardware)	1990	Irem
airduelu	Vertical shooter	2	vertical	airduel	Air Duel (US location test, M82 hardware)	1990	Irem America
airwolf	Horizontal shooter	2	horizontal		Airwolf	1987	Kyugo
airwolfa	Horizontal shooter	2	horizontal	airwolf	Airwolf (US)	1987	Kyugo (United Amusements license)
ajax	Vertical shooter	2	vertical		Ajax	1987	Konami
ajaxj	Vertical shooter	2	vertical	ajax	Ajax (Japan)	1987	Konami
akatana	Horizontal shooter	2	horizontal		Akai Katana (2010/ 8/13 MASTER VER.)	2010	Cave
akazukin	Shooter / Action	2	horizontal		Akazukin (Japan)	1983	Sigma
akiss	Mahjong	2	horizontal		Mahjong Angel Kiss (ver 1.0)	1995	Jaleco
akkaarrh	Action / Shooter	2	horizontal		Akka Arrh (prototype)	1982	Atari
akkanvdr	Shooter	2	vertical	spcinv95	Akkanbeder (Ver 2.5J 1995/06/14)	1995	Taito Corporation
akumajou	Beat 'em up / Platform	2	horizontal	hcastle	Akuma-Jou Dracula (Japan version P)	1988	Konami
akumajoun	Beat 'em up / Platform	2	horizontal	hcastle	Akuma-Jou Dracula (Japan version N)	1988	Konami
alcon	Vertical shooter	2	vertical		Alcon (US)	1986	Toaplan / Taito America Corp.
alexkidd	Platform	2	horizontal		Alex Kidd: The Lost Stars (set 2, unprotected)	1986	Sega
alexkidd1	Platform	2	horizontal	alexkidd	Alex Kidd: The Lost Stars (set 1, FD1089A 317-0021)	1986	Sega
alibaba	Maze / Action	2	vertical		Ali Baba and 40 Thieves	1982	Sega
alibabab	Maze / Action	2	vertical	alibaba	Mustafa and 40 Thieves (bootleg)	1982	bootleg
alien3	Shooter	2	horizontal		Alien3: The Gun (World)	1993	Sega
alien3j	Shooter	2	horizontal	alien3	Alien3: The Gun (Japan)	1993	Sega
alien3u	Shooter	2	horizontal	alien3	Alien3: The Gun (US, Rev A)	1993	Sega
alienar	Action	2	horizontal		Alien Arena	1985	Duncan Brown
aliencha	Fighting	2	horizontal		Alien Challenge (World)	1994	IGS
alienchac	Fighting	2	horizontal	aliencha	Alien Challenge (China)	1994	IGS
alienres	Maze / Action	2	vertical		Alien Rescue (Homebrew, Test Build July 2019)	2019	MonstersGoBoom
aliens	Platform / Run & gun	2	horizontal		Aliens (World set 1)	1990	Konami
aliens2	Platform / Run & gun	2	horizontal	aliens	Aliens (World set 2)	1990	Konami
aliens3	Platform / Run & gun	2	horizontal	aliens	Aliens (World set 3)	1990	Konami
aliens4	Platform / Run & gun	2	horizontal	aliens	Aliens (World set 4)	1990	Konami
aliensa	Platform / Run & gun	2	horizontal	aliens	Aliens (Asia)	1990	Konami
aliensec	Horizontal shooter	2	horizontal		Alien Sector	1985	Namco
aliensj	Platform / Run & gun	2	horizontal	aliens	Aliens (Japan set 1)	1990	Konami
aliensj2	Platform / Run & gun	2	horizontal	aliens	Aliens (Japan set 2)	1990	Konami
aliensu	Platform / Run & gun	2	horizontal	aliens	Aliens (US, set 1)	1990	Konami
aliensu2	Platform / Run & gun	2	horizontal	aliens	Aliens (US, set 2)	1990	Konami
aliensyn	Maze / Run & gun	2	horizontal		Alien Syndrome (set 4, System 16B, unprotected)	1987	Sega
aliensyn2	Maze / Run & gun	2	horizontal	aliensyn	Alien Syndrome (set 2, System 16A, FD1089A 317-0033)	1987	Sega
aliensyn3	Maze / Run & gun	2	horizontal	aliensyn	Alien Syndrome (set 3, System 16B, FD1089A 317-0033)	1987	Sega
aliensyn5	Maze / Run & gun	2	horizontal	aliensyn	Alien Syndrome (set 5, System 16A, FD1089B 317-0037)	1987	Sega
aliensyn7	Maze / Run & gun	2	horizontal	aliensyn	Alien Syndrome (set 7, System 16B, MC-8123B 317-00xx)	1987	Sega
aliensynj	Maze / Run & gun	2	horizontal	aliensyn	Alien Syndrome (set 6, Japan, new, System 16B, FD1089A 317-0033)	1987	Sega
aliensynjo	Maze / Run & gun	2	horizontal	aliensyn	Alien Syndrome (set 1, Japan, old, System 16A, FD1089A 317-0033)	1987	Sega
aligator	Shooter	2	horizontal		Alligator Hunt (World, protected, checksum 2B34128B)	1994	Gaelco
aligators	Shooter	2	horizontal	aligator	Alligator Hunt (Spain, protected, checksum 2B34128B)	1994	Gaelco
aligatorun	Shooter	2	horizontal	aligator	Alligator Hunt (unprotected, checksum F9C6891D)	1994	Gaelco
aligatoruna	Shooter	2	horizontal	aligator	Alligator Hunt (unprotected, checksum 25A83609)	1994	Gaelco
alinvade	Shooter	1	vertical		Alien Invaders	198?	Forbes?
alpha1v	Horizontal shooter	2	horizontal		Alpha One (Vision Electronics)	1988	Vision Electronics
alphaho	Racing	2	vertical		Alpha Fighter / Head On	19??	Data East Corporation
alpham2	Vertical shooter	2	horizontal		Alpha Mission II / ASO II - Last Guardian (NGM-007 ~ NGH-007)	1991	SNK
alpham2p	Vertical shooter	2	horizontal	alpham2	Alpha Mission II / ASO II - Last Guardian (prototype)	1991	SNK
alphamis	Vertical shooter	2	vertical	aso	Alpha Mission	1985	SNK
alphaone	Platform / Vector	2	horizontal	mhavoc	Alpha One (prototype, 3 lives)	1983	Atari
alphaonea	Platform / Vector	2	horizontal	mhavoc	Alpha One (prototype, 5 lives)	1983	Atari
alphaxz	Vertical shooter	2	vertical		The Alphax Z (Japan)	1986	Ed Co., Ltd. (Wood Place Co., Ltd. license)
alpine	Sports	2	vertical		Alpine Ski (set 1)	1982	Taito Corporation
alpinea	Sports	2	vertical	alpine	Alpine Ski (set 2)	1982	Taito Corporation
altbeast	Beat 'em up	2	horizontal		Altered Beast (set 8) (8751 317-0078)	1988	Sega
altbeast2	Beat 'em up	2	horizontal	altbeast	Altered Beast (set 2) (MC-8123B 317-0066)	1988	Sega
altbeast4	Beat 'em up	2	horizontal	altbeast	Altered Beast (set 4) (MC-8123B 317-0066)	1988	Sega
altbeast5	Beat 'em up	2	horizontal	altbeast	Altered Beast (set 5) (FD1094 317-0069)	1988	Sega
altbeast5d	Beat 'em up	2	horizontal	altbeast	Altered Beast (set 5) (bootleg of FD1094 317-0069 set)	1988	bootleg
altbeast6	Beat 'em up	2	horizontal	altbeast	Altered Beast (set 6) (8751 317-0076)	1988	Sega
altbeastj	Beat 'em up	2	horizontal	altbeast	Juuouki (set 7, Japan) (8751 317-0077)	1988	Sega
altbeastj1	Beat 'em up	2	horizontal	altbeast	Juuouki (set 1, Japan) (FD1094 317-0065)	1988	Sega
altbeastj3	Beat 'em up	2	horizontal	altbeast	Juuouki (set 3, Japan) (FD1094 317-0068)	1988	Sega
altbeastj3d	Beat 'em up	2	horizontal	altbeast	Juuouki (set 3, Japan) (bootleg of FD1094 317-0068 set)	1988	bootleg
amatelas	Run & gun	2	vertical	amazon	Sei Senshi Amatelass	1986	Nichibutsu
amazon	Run & gun	2	vertical		Soldier Girl Amazon	1986	Nichibutsu
amazoneo	Misc	2	vertical		Soldier Girl Amazon Neo (HB)	2023	IQ_132
amazont	Run & gun	2	vertical	amazon	Soldier Girl Amazon (Tecfri license)	1986	Nichibutsu (Tecfri license)
ambush	Shooter	2	horizontal		Ambush	1983	Tecfri
ambushh	Shooter	2	horizontal	ambush	Ambush (hack?)	1983	Tecfri
ambushj	Shooter	2	horizontal	ambush	Ambush (Japan)	1983	Tecfri (Nippon Amuse license)
ambushv	Shooter	2	horizontal	ambush	Ambush (Volt Electronics)	1983	Tecfri (Volt Electronics license)
amidar	Maze	2	vertical		Amidar	1982	Konami
amidar1	Maze	2	vertical	amidar	Amidar (older)	1981	Konami
amidarb	Maze	2	vertical	amidar	Amidar (bootleg, set 1)	1982	bootleg
amidaro	Maze	2	vertical	amidar	Amidar (Olympia)	1982	Konami (Olympia license)
amidars	Maze	2	vertical	amidar	Amidar (Scramble hardware)	1982	Konami
amidaru	Maze	2	vertical	amidar	Amidar (Stern Electronics)	1982	Konami (Stern Electronics license)
amigo	Maze	2	vertical	amidar	Amigo (bootleg of Amidar, set 1)	1982	bootleg
amspdwy	Racing	2	horizontal		American Speedway (set 1)	1987	Enerdyne Technologies Inc.
amspdwya	Racing	2	horizontal	amspdwy	American Speedway (set 2)	1987	Enerdyne Technologies Inc.
androdun	Horizontal shooter	2	horizontal		Andro Dunos (NGM-049 ~ NGH-049)	1992	Visco
androidp	Vertical shooter	2	vertical		Android (prototype, later build)	1987	Nasco
androidpo	Vertical shooter	2	vertical	androidp	Android (prototype, early build)	198?	Nasco
angelkds	Breakout	2	vertical		Angel Kids (Japan)	1988	Sega / Nasco?
anpanman	Misc	2	horizontal		Soreike! Anpanman Popcorn Koujou (Rev B)	1992	Sega
anpanmana	Misc	2	horizontal	anpanman	Soreike! Anpanman Popcorn Koujou (Rev A)	1992	Sega
anteater	Maze	2	vertical		Anteater	1982	Tago Electronics
anteaterg	Maze	2	vertical	anteater	Ameisenbaer (German)	1982	Tago Electronics (TV-Tuning license from Free Enterprise Games)
anteateruk	Maze	2	vertical	anteater	The Anteater (UK)	1982	Tago Electronics (Free Enterprise Games license)
aodk	Fighting	2	horizontal		Aggressors of Dark Kombat / Tsuukai GANGAN Koushinkyoku (ADM-008 ~ ADH-008)	1994	ADK / SNK
aof	Fighting	2	horizontal		Art of Fighting / Ryuuko no Ken (NGM-044 ~ NGH-044)	1992	SNK
aof2	Fighting	2	horizontal		Art of Fighting 2 / Ryuuko no Ken 2 (NGM-056)	1994	SNK
aof2a	Fighting	2	horizontal	aof2	Art of Fighting 2 / Ryuuko no Ken 2 (NGH-056)	1994	SNK
aof2bh	Fighting	2	horizontal	aof2	Art of Fighting 2 / Ryuuko no Ken 2 (Enable hidden characters V2)	1994	Yumeji
aof2bhs	Fighting	2	horizontal	aof2	Art of Fighting 2 / Ryuuko no Ken 2 (Boss With Simple Attack Edition, Hack)	2018	hack
aof3	Fighting	2	horizontal		Art of Fighting 3 - The Path of the Warrior / Art of Fighting - Ryuuko no Ken Gaiden	1996	SNK
aof3bh	Fighting	2	horizontal	aof3	Art of Fighting 3 - The Path of the Warrior / Art of Fighting - Ryuuko no Ken Gaiden (Enable Hidden Characters V2)	1996	Yumeji
aof3k	Fighting	2	horizontal	aof3	Art of Fighting 3 - The Path of the Warrior (Korean release)	1996	SNK
aofbr	Fighting	2	horizontal	aof	Art of Fighting / Ryuuko no Ken (Portuguese edition v1.0, Hack)	2016	hack (NeoGeo BR Team)
aoh	Beat 'em up	2	horizontal		Age Of Heroes - Silkroad 2 (v0.63 - 2001/02/07)	2001	Unico
apb	Racing / Action	1	vertical		APB - All Points Bulletin (rev 7)	1987	Atari Games
apb1	Racing / Action	1	vertical	apb	APB - All Points Bulletin (rev 1)	1987	Atari Games
apb2	Racing / Action	1	vertical	apb	APB - All Points Bulletin (rev 2)	1987	Atari Games
apb3	Racing / Action	1	vertical	apb	APB - All Points Bulletin (rev 3)	1987	Atari Games
apb4	Racing / Action	1	vertical	apb	APB - All Points Bulletin (rev 4)	1987	Atari Games
apb5	Racing / Action	1	vertical	apb	APB - All Points Bulletin (rev 5)	1987	Atari Games
apb6	Racing / Action	1	vertical	apb	APB - All Points Bulletin (rev 6)	1987	Atari Games
apbf	Racing / Action	1	vertical	apb	APB - All Points Bulletin (French)	1987	Atari Games
apbg	Racing / Action	1	vertical	apb	APB - All Points Bulletin (German)	1987	Atari Games
aponow	Horizontal shooter	2	vertical	rescue	Apocaljpse Now (bootleg of Rescue)	1982	bootleg
appoooh	Fighting	2	horizontal		Appoooh	1984	Sanritsu / Sega
aquajack	Shooter	2	horizontal		Aqua Jack (World)	1990	Taito Corporation Japan
aquajackj	Shooter	2	horizontal	aquajack	Aqua Jack (Japan)	1990	Taito Corporation
aquajacku	Shooter	2	horizontal	aquajack	Aqua Jack (US)	1990	Taito America Corporation
aquario	Platform	2	horizontal		Clockwork Aquario (prototype)	2021	Sega / Westone
aquarium	Puzzle	2	horizontal		Aquarium (US)	1996	Excellent System
aquariumj	Puzzle	2	horizontal	aquarium	Aquarium (Japan)	1996	Excellent System
arabfgt	Beat 'em up	4	horizontal		Arabian Fight (World)	1991	Sega
arabfgtj	Beat 'em up	4	horizontal	arabfgt	Arabian Fight (Japan)	1991	Sega
arabfgtu	Beat 'em up	4	horizontal	arabfgt	Arabian Fight (US)	1991	Sega
arabian	Platform	2	vertical		Arabian	1983	Sun Electronics
arabiana	Platform	2	vertical	arabian	Arabian (Atari)	1983	Sun Electronics (Atari license)
arabianm	Beat 'em up	2	horizontal		Arabian Magic (Ver 1.0O 1992/07/06)	1992	Taito Corporation Japan
arabianmj	Beat 'em up	2	horizontal	arabianm	Arabian Magic (Ver 1.0J 1992/07/06)	1992	Taito Corporation
arabianmu	Beat 'em up	2	horizontal	arabianm	Arabian Magic (Ver 1.0A 1992/07/06)	1992	Taito America Corporation
aracnis	Horizontal shooter	2	vertical	scorpion	Aracnis (bootleg of Scorpion on Moon Cresta hardware, set 1)	19??	bootleg
arbalest	Vertical shooter	2	vertical		Arbalester	1989	Jordan I.S. / Seta
arcadecl	Misc	2	horizontal		Arcade Classics (prototype)	1992	Atari Games
arcadian	Vertical shooter	2	vertical		Arcadia (NMK)	1994	NMK
archrivl	Sports	2	horizontal		Arch Rivals (rev 4.0 6/29/89)	1989	Bally Midway
archrivla	Sports	2	horizontal	archrivl	Arch Rivals (rev 2.0 5/03/89)	1989	Bally Midway
archrivlb	Sports	2	horizontal	archrivl	Arch Rivals (rev 2.0 5/03/89, 8-way joystick bootleg)	1989	bootleg
area88	Horizontal shooter	2	horizontal	unsquad	Area 88 (Japan)	1989	Daipro (Capcom license)
area88r	Horizontal shooter	2	horizontal	unsquad	Area 88 (Japan Resale Ver.)	1989	Daipro (Capcom license)
arescue	Shooter	1	horizontal		Air Rescue (World)	1992	Sega
arescuej	Shooter	1	horizontal	arescue	Air Rescue (Japan)	1992	Sega
arescueu	Shooter	1	horizontal	arescue	Air Rescue (US)	1992	Sega
argus	Vertical shooter	2	vertical		Argus	1986	NMK (Jaleco license)
argusg	Shooter	2	horizontal		Argus (Gottlieb, prototype)	1984	Gottlieb
arian	Vertical shooter	2	vertical	aso	Arian Mission	1985	SNK
ark1ball	Breakout	2	vertical	arkanoid	Arkanoid (bootleg with MCU, harder)	1986	bootleg
ark1balla	Breakout	2	vertical	arkanoid	Arkanoid (bootleg with MCU, harder, alt)	1986	bootleg
arkaboot	Breakout	2	vertical	arkanoid	Arkanoid (bootleg of version Japan, older)	1986	bootleg
arkangc	Breakout	2	vertical	arkanoid	Arkanoid (Game Corporation bootleg, set 1)	1986	bootleg (Game Corporation)
arkangc2	Breakout	2	vertical	arkanoid	Arkanoid (Game Corporation bootleg, set 2)	1986	bootleg (Game Corporation)
arkanoid	Breakout	2	vertical		Arkanoid (World, older)	1986	Taito Corporation Japan
arkanoidj	Breakout	2	vertical	arkanoid	Arkanoid (Japan, newer)	1986	Taito Corporation
arkanoidja	Breakout	2	vertical	arkanoid	Arkanoid (Japan, newer w/level select)	1986	Taito Corporation
arkanoidjb	Breakout	2	vertical	arkanoid	Arkanoid (Japan, older)	1986	Taito Corporation
arkanoidjbl	Breakout	2	vertical	arkanoid	Arkanoid (bootleg with MCU, set 1)	1986	bootleg
arkanoidjbl2	Breakout	2	vertical	arkanoid	Arkanoid (bootleg with MCU, set 2)	1986	bootleg (Beta)
arkanoidjbla	Breakout	2	vertical	arkanoid	Arkanoid (bootleg with MCU, alt)	1986	bootleg
arkanoidpe	Breakout	2	vertical	arkanoid	Arkanoid (Phoenix Electronics Co. license)	1986	Taito Corporation (Phoenix Electronics Co. license)
arkanoidu	Breakout	2	vertical	arkanoid	Arkanoid (US, newer)	1986	Taito America Corporation (Romstar license)
arkanoiduo	Breakout	2	vertical	arkanoid	Arkanoid (US, older)	1986	Taito America Corporation (Romstar license)
arkarea	Shooter	2	horizontal		Ark Area	1988	UPL
arkatayt	Breakout	2	vertical	arkanoid	Arkanoid (Tayto bootleg)	1986	bootleg (Tayto)
arkatour	Breakout	2	vertical		Tournament Arkanoid (US, older)	1987	Taito America Corporation (Romstar license)
arkbloc2	Breakout	2	vertical	arkanoid	Block (Game Corporation bootleg, set 2)	1986	bootleg (Game Corporation)
arkblock	Breakout	2	vertical	arkanoid	Block (Game Corporation bootleg, set 1)	1986	bootleg (Game Corporation)
arkgcbl	Breakout	2	vertical	arkanoid	Arkanoid (bootleg on Block hardware, set 1)	1986	bootleg
arkgcbla	Breakout	2	vertical	arkanoid	Arkanoid (bootleg on Block hardware, set 2)	1986	bootleg
arknoid2	Breakout	2	vertical		Arkanoid - Revenge of DOH (World)	1987	Taito Corporation Japan
arknoid2b	Breakout	2	vertical	arknoid2	Arkanoid - Revenge of DOH (Japan bootleg)	1987	bootleg
arknoid2j	Breakout	2	vertical	arknoid2	Arkanoid - Revenge of DOH (Japan)	1987	Taito Corporation
arknoid2u	Breakout	2	vertical	arknoid2	Arkanoid - Revenge of DOH (US)	1987	Taito America Corporation (Romstar license)
arkretrn	Breakout	2	horizontal		Arkanoid Returns (Ver 2.02O 1997/02/10)	1997	Taito Corporation
arkretrnj	Breakout	2	horizontal	arkretrn	Arkanoid Returns (Ver 2.02J 1997/02/10)	1997	Taito Corporation
arkretrnu	Breakout	2	horizontal	arkretrn	Arkanoid Returns (Ver 2.02A 1997/02/10)	1997	Taito Corporation
arktayt2	Breakout	2	vertical	arkanoid	Arkanoid (Tayto bootleg, harder)	1986	bootleg (Tayto)
arlingtn	Misc	2	horizontal		Arlington Horse Racing (v1.40-D)	1991	Strata / Incredible Technologies
arlingtna	Misc	2	horizontal	arlingtn	Arlington Horse Racing (v1.21-D)	1991	Strata / Incredible Technologies
arlingtni	Misc	2	horizontal	arlingtn	Arlington Horse Racing (v1.21-I)	1991	Strata / Incredible Technologies
armedf	Vertical shooter	2	vertical		Armed F (Japan)	1988	Nichibutsu
armedff	Vertical shooter	2	vertical	armedf	Armed F (Fillmore license)	1988	Nichibutsu (Fillmore license)
armorcar	Maze	2	vertical		Armored Car (set 1)	1981	Stern Electronics
armorcar2	Maze	2	vertical	armorcar	Armored Car (set 2)	1981	Stern Electronics
armwar	Beat 'em up	3	horizontal		Armored Warriors (Europe 941024)	1994	Capcom
armwar1d	Beat 'em up	3	horizontal	armwar	Armored Warriors (Europe 941011 Phoenix Edition) (bootleg)	1994	bootleg
armwara	Beat 'em up	3	horizontal	armwar	Armored Warriors (Asia 941024)	1994	Capcom
armwarar1	Beat 'em up	3	horizontal	armwar	Armored Warriors (Asia 940920)	1994	Capcom
armwarb	Beat 'em up	3	horizontal	armwar	Armored Warriors (Brazil 941024)	1994	Capcom
armwarr1	Beat 'em up	3	horizontal	armwar	Armored Warriors (Europe 941011)	1994	Capcom
armwaru	Beat 'em up	3	horizontal	armwar	Armored Warriors (USA 941024)	1994	Capcom
armwaru1	Beat 'em up	3	horizontal	armwar	Armored Warriors (USA 940920)	1994	Capcom
armwrest	Sports	2	horizontal		Arm Wrestling	1985	Nintendo
ashnojoe	Fighting	2	horizontal	scessjoe	Ashita no Joe (Japan)	1990	Taito Corporation / Wave
ashura	Vertical shooter	2	vertical		Ashura Blaster (World)	1990	Taito Corporation Japan
ashuraj	Vertical shooter	2	vertical	ashura	Ashura Blaster (Japan)	1990	Taito Corporation
ashurau	Vertical shooter	2	vertical	ashura	Ashura Blaster (US)	1990	Taito America Corporation
asideral	Vertical shooter	2	vertical	uniwars	Ataque Sideral (Spanish bootleg of UniWar S)	1980	bootleg (Electrogame S.A.)
aso	Vertical shooter	2	vertical		ASO - Armored Scrum Object	1985	SNK
assault	Vertical shooter	2	vertical		Assault (Rev B)	1988	Namco
assaultj	Vertical shooter	2	vertical	assault	Assault (Japan)	1988	Namco
assaultp	Vertical shooter	2	vertical	assault	Assault Plus (Japan)	1988	Namco
astdelux	Shooter / Vector	2	horizontal		Asteroids Deluxe (rev 3)	1980	Atari
astdelux1	Shooter / Vector	2	horizontal	astdelux	Asteroids Deluxe (rev 1)	1980	Atari
astdelux2	Shooter / Vector	2	horizontal	astdelux	Asteroids Deluxe (rev 2)	1980	Atari
asterix	Beat 'em up	2	horizontal		Asterix (ver EAD)	1992	Konami
asterixaad	Beat 'em up	2	horizontal	asterix	Asterix (ver AAD)	1992	Konami
asterixeaa	Beat 'em up	2	horizontal	asterix	Asterix (ver EAA)	1992	Konami
asterixeac	Beat 'em up	2	horizontal	asterix	Asterix (ver EAC)	1992	Konami
asterixj	Beat 'em up	2	horizontal	asterix	Asterix (ver JAD)	1992	Konami
asterock	Shooter / Vector	2	horizontal	asteroid	Asterock (Sidam bootleg of Asteroids)	1979	bootleg (Sidam)
asterockv	Shooter / Vector	2	horizontal	asteroid	Asterock (Videotron bootleg of Asteroids)	1979	bootleg (Videotron)
asteroid	Shooter / Vector	2	horizontal		Asteroids (rev 4)	1979	Atari
asteroid1	Shooter / Vector	2	horizontal	asteroid	Asteroids (rev 1)	1979	Atari
asteroid2	Shooter / Vector	2	horizontal	asteroid	Asteroids (rev 2)	1979	Atari
asteroidb1	Shooter / Vector	2	horizontal	asteroid	Asteroids (bootleg on Lunar Lander hardware, set 1)	1979	bootleg
asteroidb2	Shooter / Vector	2	horizontal	asteroid	Asteroids (bootleg on Lunar Lander hardware, set 2)	1979	bootleg
astorm	Run & gun	2	horizontal		Alien Storm (World, 2 Players) (FD1094 317-0154)	1990	Sega
astorm3	Run & gun	3	horizontal	astorm	Alien Storm (World, 3 Players) (FD1094 317-0148)	1990	Sega
astorm3d	Run & gun	3	horizontal	astorm	Alien Storm (World, 3 Players) (bootleg of FD1094 317-0148 set)	1990	bootleg
astormj	Run & gun	2	horizontal	astorm	Alien Storm (Japan, 2 Players) (FD1094 317-0146)	1990	Sega
astormjd	Run & gun	2	horizontal	astorm	Alien Storm (Japan, 2 Players) (bootleg of FD1094 317-0146 set)	1990	bootleg
astormu	Run & gun	3	horizontal	astorm	Alien Storm (US, 3 Players) (FD1094 317-0147)	1990	Sega
astormud	Run & gun	3	horizontal	astorm	Alien Storm (US, 3 Players) (bootleg of FD1094 317-0147 set)	1990	bootleg
astrians	Vertical shooter	2	vertical	galaxian	Astrians (clone of Swarm)	1980	bootleg (BGV Ltd.)
astro_280zzap	Racing	1	horizontal		280 Zzzap / Dodgem (USA)	1978	Bally
astro_adssm	Misc	1	horizontal		ADS System Monitor (Prototype)	19??	<unknown>
astro_amazmaze	Board / Puzzle	2	horizontal		Amazing Maze / Tic-Tac-Toe (USA)	1978	Bally
astro_artiduel	Shooter	2	horizontal		Artillery Duel (USA)	1982	Xonox
astro_artiduelp1	Shooter	2	horizontal	astro_artiduel	Artillery Duel (Prototype)	1982	Xonox
astro_artiduelp2	Shooter	2	horizontal	astro_artiduel	Artillery Duel (Prototype, Alt)	1982	Xonox
astro_artiduelp3	Shooter	2	horizontal	astro_artiduel	Artillery Duel (Prototype, Alt 2)	1982	Xonox
astro_astrobat	Vertical shooter	1	horizontal		Astro Battle (USA)	1979	Bally
astro_ballypin	Pinball	4	horizontal		Bally Pin (USA)	1979	Bally
astro_baseball	Sports	2	horizontal		Tornado Baseball / Handball / Hockey / Tennis (USA)	1978	Bally
astro_biorhy	Misc	1	horizontal		BioRhythm (USA)	1981	Astrovision
astro_blckjack	Card	4	horizontal		Black Jack / Acey Deucey / Poker (USA)	1978	Bally
astro_bowling	Sports	4	horizontal		Bowling (Prototype)	1978	Bally
astro_brckyard	Breakout	4	horizontal		Brickyard / Clowns (USA)	1979	Bally
astro_bstdroid	Multi-directional shooter	2	horizontal		Blast Droids (USA)	1983	Esoterica
astro_buylove	Misc	1	horizontal		Can't Buy Me Love (Prototype)	198?	Richard Degler & George Moses
astro_candyman	Action / Maze	1	horizontal		Candyman (USA)	198?	L&M Software & Mike White
astro_cclimber	Action	1	horizontal		Crazy Climber (HB)	2011	RiffRaff Games
astro_checkers	Board	2	horizontal		Checkers (Prototype)	19??	Bally
astro_claim	Puzzle	4	horizontal		Claim Jumper (USA)	198?	L&M Software & Mike White
astro_colbook	Misc	1	horizontal		Coloring Book (Prototype)	198?	Astrocade Inc.
astro_conan	Action	1	horizontal		Conan The Barbarian! (USA)	1985	Dave Carson Software
astro_conanp	Action	1	horizontal	astro_conan	Conan The Barbarian! (Prototype)	1982	Astrocade Inc.
astro_cosmicrd	Horizontal shooter	4	horizontal		Cosmic Raiders (USA)	1982	Astrocade Inc.
astro_cosmicrd35	Horizontal shooter	4	horizontal	astro_cosmicrd	Cosmic Raiders (Prototype, v3.5)	198?	Astrocade Inc.
astro_cosmicrd36	Horizontal shooter	4	horizontal	astro_cosmicrd	Cosmic Raiders (Prototype, v3.6)	198?	Astrocade Inc.
astro_cosmicrda	Horizontal shooter	4	horizontal	astro_cosmicrd	Cosmic Raiders (Prototype, Alt)	198?	Astrocade Inc.
astro_cosmicrdb	Horizontal shooter	4	horizontal	astro_cosmicrd	Cosmic Raiders (Prototype, Alt 2)	198?	Astrocade Inc.
astro_dealdemo	Misc	1	horizontal		Dealer Demo (USA)	1978	Bally
astro_dogpatch	Action	2	horizontal		Dog Patch (USA)	1978	Bally
astro_eightday	Misc	1	horizontal		Eight Days A Week (Prototype)	198?	Richard Degler & George Moses
astro_fawn	RPG	1	horizontal		Fawn Dungeon (Prototype, first version)	1981	Barry McCleave
astro_fawna	RPG	1	horizontal	astro_fawn	Fawn Dungeon (Prototype, second version)	1981	Barry McCleave
astro_feelfine	Misc	1	horizontal		I Feel Fine (Prototype)	198?	Richard Degler & George Moses
astro_football	Sports	4	horizontal		Football (USA)	1978	Bally
astro_galactic	Vertical shooter	4	horizontal		Galactic Invasion (USA)	1981	Astrocade Inc.
astro_galaxian	Vertical shooter	4	horizontal	astro_galactic	Galaxian (USA)	1981	Astrocade Inc.
astro_golddig	Misc	1	horizontal		Golddigger / Goldrush (Prototype)	1984	Dave Carson & Ken Lill
astro_golddiga	Misc	1	horizontal	astro_golddig	Golddigger / Goldrush (Prototype, Alt)	1984	Dave Carson & Ken Lill
astro_golddigb	Misc	2	horizontal	astro_golddig	Golddigger / Goldrush (Prototype, Alt 2)	1984	Dave Carson & Ken Lill
astro_grandprx	Racing	4	horizontal		Grand Prix / Demolition Derby (USA)	1981	Astrovision Inc.
astro_hardday	Misc	1	horizontal		Hard Day's Night, A (Prototype)	198?	Richard Degler & George Moses
astro_icbmatk	Shooter	4	horizontal		ICBM Attack (USA)	1982	Spectre Systems
astro_icbmatkp	Shooter	4	horizontal	astro_icbmatk	ICBM Attack (Prototype)	1982	Spectre Systems
astro_letitbe	Misc	1	horizontal		Let It Be (Prototype)	198?	Richard Degler & George Moses
astro_life	Misc	1	horizontal		Life (USA)	1985	Richard Degler
astro_lttrmtch	Puzzle	4	horizontal		Letter Match / Spell 'n Score / Crosswords (USA)	1978	Bally
astro_matk	Shooter	4	horizontal		Missile Attack (USA)	1985	Spectre Systems & Mike White
astro_mazeman	Action / Maze	4	horizontal		Mazeman (USA)	1984	Dave Carson Software
astro_mazemanp	Action / Maze	4	horizontal	astro_mazeman	Mazeman (Prototype)	1984	Dave Carson Software
astro_mlangman	Misc	1	horizontal		Machine Language Manager (USA)	1982	The Bit Fiddlers
astro_mscandy	Action / Maze	2	horizontal		Ms. Candyman (USA)	1983	L&M Software
astro_muncher	Action / Maze	4	horizontal		Muncher (USA)	1983	Astrocade Inc.
astro_musicmak	Misc	1	horizontal		Music Maker (USA)	1985	Dave Carson Software
astro_musicmakp	Misc	1	horizontal	astro_musicmak	Music Maker (Prototype, v3.7)	1982	Astrocade Inc.
astro_musicmakp2	Misc	1	horizontal	astro_musicmak	Music Maker (Prototype, Alt)	1982	Astrocade Inc.
astro_nodie	Action / Maze	4	horizontal	astro_muncher	No-Die! (USA)	1984	Dave Carson & Mike White
astro_pacman	Action / Maze	4	horizontal		Pac-Man (Prototype)	198?	Astrocade Inc.
astro_pacmana	Action / Maze	4	horizontal	astro_pacman	Pac-Man (Prototype, Alt)	198?	Astrocade Inc.
astro_pacmaze	Action / Maze	4	horizontal	astro_mscandy	Pacmaze (Prototype)	198?	Dave Carson Software
astro_paperbck	Misc	1	horizontal		Paperback Writer (Prototype)	198?	Richard Degler & George Moses
astro_pirate	Action / Maze	2	horizontal		Pirate's Chase (USA)	1982	Astrocade Inc.
astro_rainbow2	Misc	1	horizontal		Rainbow v2 (Prototype)	19??	Hanson
astro_redbaron	Multi-directional shooter	4	horizontal		Red Baron / Panzer Attack (USA)	1978	Bally
astro_seadevil	Horizontal shooter	1	horizontal		Sea Devil (USA)	1983	L&M Software
astro_seawolf	Vertical shooter	2	horizontal		Seawolf / Missile (USA)	1978	Bally
astro_sheloves	Misc	1	horizontal		She Loves You (Prototype)	198?	Richard Degler & George Moses
astro_sloshed	Maze	4	horizontal		Sloshed! (USA)	1982-86	New Image
astro_sneaky	Vertical shooter	4	horizontal		Sneaky Snake (USA)	1983	New Image
astro_soccer	Football	4	horizontal		Soccer (USA)	1985	Astrocade Inc.
astro_soccera	Football	4	horizontal	astro_soccer	Socer (Prototype, Alt)	198?	Astrocade Inc.
astro_soccera2	Football	4	horizontal	astro_soccer	Socer (Prototype, Alt 2)	198?	Astrocade Inc.
astro_soccera3	Football	4	horizontal	astro_soccer	Soccer (Prototype, Alt 3)	198?	Astrocade Inc.
astro_soccera4	Football	4	horizontal	astro_soccer	Soccer (Prototype, Alt 4)	198?	Astrocade Inc.
astro_soccerp	Football	4	horizontal	astro_soccer	Soccer (Prototype)	198?	Astrocade Inc.
astro_solarcnq	Multi-directional shooter	4	horizontal		Solar Conqueror (USA)	1982	Astrocade Inc.
astro_solarcnqp	Multi-directional shooter	4	horizontal	astro_solarcnq	Solar Conqueror (Prototype)	1982	Astrocade Inc.
astro_solarcnqp28	Multi-directional shooter	4	horizontal	astro_solarcnq	Solar Conqueror (Prototype, v2.8)	198?	Astrocade Inc.
astro_solarcnqp39	Multi-directional shooter	4	horizontal	astro_solarcnq	Solar Conqueror (Prototype, v3.9)	198?	Astrocade Inc.
astro_songs	Misc	1	horizontal		Songs (Prototype)	19??	Bally
astro_songsa	Misc	1	horizontal	astro_songs	Songs (Prototype, Alt)	19??	Bally
astro_songsu	Misc	1	horizontal	astro_songs	Songs (Prototype, unfinished)	19??	Bally
astro_spacefrt	Multi-directional shooter	4	horizontal		Space Fortress (USA)	1981	Astrocade Inc.
astro_spacefrtp	Multi-directional shooter	4	horizontal	astro_spacefrt	Space Fortress (Prototype)	1981	Astrocade Inc.
astro_spaceinv	Vertical shooter	1	horizontal		Space Invaders (USA)	1979	Bally
astro_spaceinvp	Vertical shooter	1	horizontal	astro_spaceinv	Space Invaders (Prototype)	197?	Bally
astro_spedmath	Puzzle	1	horizontal		Speed Math / Bingo Math (USA)	1978	Bally
astro_sslope	Sports	1	horizontal		Super Slope (USA)	1982	Esoterica
astro_starbttl	Shooter	1	horizontal		Star Battle (USA)	1979	Bally
astro_stweek	Misc	1	horizontal		Stweek (USA)	19??	Bally
astro_tests	Misc	1	horizontal		Tests (USA)	19??	Bally
astro_treasure	Action	4	horizontal		Treasure Cove (USA)	1983	Spectre System
astro_treasurep	Action	4	horizontal	astro_treasure	Treasure Cove (Prototype)	198?	Spectre Systems
astro_vidstory	Misc	1	horizontal		Video Story Book (Prototype)	19??	<unknown>
astro_war	Breakout	4	horizontal		War (second printing) (HB)	2012	RiffRaff Games
astro_wizard	Maze / Run & gun	2	horizontal		Incredible Wizard, The (USA)	1982	Astrocade Inc.
astro_yesternv	Misc	1	horizontal	astro_yesterv	Yesterday (Prototype, no vibrato)	198?	Richard Degler & George Moses
astro_yesterv	Misc	1	horizontal		Yesterday (Prototype, with vibrato)	198?	Richard Degler & George Moses
astro_ziggyjx	Misc	1	horizontal		Fun With Vectors - Ziggy (Prototype JX label)	1985	Richard Degler
astro_ziggymo	Misc	1	horizontal	astro_ziggyjx	Fun With Vectors - Ziggy (Prototype MO label)	1985	Richard Degler
astrob	Vertical shooter	2	vertical		Astro Blaster (version 3)	1981	Sega
astrob2	Vertical shooter	2	vertical	astrob	Astro Blaster (version 2)	1981	Sega
astrob2a	Vertical shooter	2	vertical	astrob	Astro Blaster (version 2a)	1981	Sega
astrob2b	Vertical shooter	2	vertical	astrob	Astro Blaster (version 2b)	1981	Sega
astrob2h	Vertical shooter	2	vertical	astrob	Astro Blaster (version 2 Hack)	1981	Sega
astrobf	Vertical shooter	2	vertical	astrob	Astro Blaster (French)	1981	Sega
astrobg	Vertical shooter	2	vertical	astrob	Astro Blaster (German)	1981	Sega
astrofl	Horizontal shooter	2	horizontal	transfrm	Astro Flash (Japan)	1986	Sega
astyanax	Beat 'em up	2	horizontal		The Astyanax (EPROM version)	1989	Jaleco
astyanaxa	Beat 'em up	2	horizontal	astyanax	The Astyanax (mask ROM version)	1989	Jaleco
asuka	Vertical shooter	2	vertical		Asuka & Asuka (World)	1988	Taito
asukaj	Vertical shooter	2	vertical	asuka	Asuka & Asuka (Japan, rev 1)	1988	Taito
asukaja	Vertical shooter	2	vertical	asuka	Asuka & Asuka (Japan)	1988	Taito
asurabld	Fighting	2	horizontal		Asura Blade - Sword of Dynasty (Japan)	1998	Fuuki
asurabus	Fighting	2	horizontal		Asura Buster - Eternal Warriors (USA)	2001	Fuuki
asurabusj	Fighting	2	horizontal	asurabus	Asura Buster - Eternal Warriors (Japan, set 1)	2000	Fuuki
asurabusja	Fighting	2	horizontal	asurabus	Asura Buster - Eternal Warriors (Japan, set 2)	2000	Fuuki
asurabusjr	Fighting	2	horizontal	asurabus	Asura Buster - Eternal Warriors (Japan) (ARCADIA review build)	2000	Fuuki
ataqandr	Vertical shooter	2	vertical	mooncrst	Ataque Androide - Moon Cresta (FAR S.A. Spanish bootleg)	1980?	bootleg (FAR S.A.)
atehate	Quiz	2	horizontal		Athena no Hatena?	1993	Athena
atetris	Puzzle	2	horizontal		Tetris (set 1)	1988	Atari Games
atetrisa	Puzzle	2	horizontal	atetris	Tetris (set 2)	1988	Atari Games
atetrisb	Puzzle	2	horizontal	atetris	Tetris (bootleg set 1)	1988	bootleg
atetrisb2	Puzzle	2	horizontal	atetris	Tetris (bootleg set 2)	1988	bootleg
atetrisc	Puzzle	2	vertical	atetris	Tetris (cocktail set 1)	1989	Atari Games
atetrisc2	Puzzle	2	vertical	atetris	Tetris (cocktail set 2)	1989	Atari Games
athena	Platform	2	horizontal		Athena	1986	SNK
athenab	Platform	2	horizontal	athena	Athena (bootleg)	1986	bootleg
atlantis	Horizontal shooter	2	vertical		Battle of Atlantis (set 1)	1981	Comsoft
atlantis2	Horizontal shooter	2	vertical	atlantis	Battle of Atlantis (set 2)	1981	Comsoft
atlantisb	Horizontal shooter	2	vertical	atlantis	Battle of Atlantis (bootleg)	1981	bootleg
atombjt	Platform	2	vertical	bjtwin	Atom (bootleg of Bombjack Twin)	1993	bootleg (Kyon K.)
atomboy	Platform	2	horizontal	wilytowr	Atomic Boy (revision B)	1985	Irem (Memetron license)
atomboya	Platform	2	horizontal	wilytowr	Atomic Boy (revision A)	1985	Irem (Memetron license)
atomicp	Puzzle	2	horizontal		Atomic Point (Korea)	1990	Philko
atompunk	Maze	4	horizontal	dynablst	Atomic Punk (US)	1991	Irem America (licensed from Hudson Soft)
au	Shooter	2	vertical		Au (location test)	1983	Tehkan
aurail	Vertical shooter	2	horizontal		Aurail (set 3, US) (unprotected)	1990	Sega / Westone
aurail1	Vertical shooter	2	horizontal	aurail	Aurail (set 2, World) (FD1089B 317-0168)	1990	Sega / Westone
aurail1d	Vertical shooter	2	horizontal	aurail	Aurail (set 2, World) (bootleg of FD1089B 317-0168 set)	1990	bootleg
aurailj	Vertical shooter	2	horizontal	aurail	Aurail (set 1, Japan) (FD1089A 317-0167)	1990	Sega / Westone
aurailjd	Vertical shooter	2	horizontal	aurail	Aurail (set 1, Japan) (bootleg of FD1089A 317-0167 set)	1990	bootleg
avefenix	Shooter	2	vertical	phoenix	Ave Fenix (Electrogame, Spanish bootleg of Phoenix)	1980	bootleg (Video Game)
avefenixl	Shooter	2	vertical	phoenix	Ave Fenix (Laguna, Spanish bootleg of Phoenix)	1980	bootleg (Laguna)
avefenixrf	Shooter	2	vertical	phoenix	Ave Fenix (Recreativos Franco, Spanish bootleg of Phoenix)	1980	bootleg (Recreativos Franco S.A.)
avengers	Beat 'em up	2	vertical		Avengers (US, rev. D)	1987	Capcom
avengersa	Beat 'em up	2	vertical	avengers	Avengers (US, rev. C)	1987	Capcom
avengersb	Beat 'em up	2	vertical	avengers	Avengers (US, rev. A)	1987	Capcom
avengersc	Beat 'em up	2	vertical	avengers	Avengers (US)	1987	Capcom
avengrgs	Fighting	4	horizontal		Avengers In Galactic Storm (US/Europe 1.0)	1995	Data East Corporation
avengrgsbh	Fighting	4	horizontal	avengrgs	Avengers In Galactic Storm (Playable Boss, Hack)	2022	hack
avengrgsj	Fighting	4	horizontal	avengrgs	Avengers In Galactic Storm (Japan 1.2)	1995	Data East Corporation
avsp	Beat 'em up	3	horizontal		Alien vs. Predator (Europe 940520)	1994	Capcom
avspa	Beat 'em up	3	horizontal	avsp	Alien vs. Predator (Asia 940520)	1994	Capcom
avspd	Beat 'em up	3	horizontal	avsp	Alien vs. Predator (Europe 940520 Phoenix Edition) (bootleg)	1994	bootleg
avsph	Beat 'em up	3	horizontal	avsp	Alien vs. Predator (Hispanic 940520)	1994	Capcom
avspirit	Beat 'em up	2	horizontal		Avenging Spirit	1991	Jaleco
avspj	Beat 'em up	3	horizontal	avsp	Alien vs. Predator (Japan 940520)	1994	Capcom
avspu	Beat 'em up	3	horizontal	avsp	Alien vs. Predator (USA 940520)	1994	Capcom
aztarac	Shooter / Vector	2	horizontal		Aztarac	1983	Centuri
azurian	Shooter	2	vertical		Azurian Attack	1982	Rait Electronics Ltd
b2b	Platform	2	horizontal		Bang Bang Busters (2010 NCI release)	2010	Visco
b2b2	Platform	1	horizontal		Bang Bang Busters 2 (HB, Demo 2)	2025	PixelHeart
bace	Maze / Action	2	vertical		Balloon Ace	2003	David Widel
backfire	Racing	2	horizontal		Backfire! (Japan, set 1)	1995	Data East Corporation
backfirea	Racing	2	horizontal	backfire	Backfire! (Japan, set 2)	1995	Data East Corporation
backfirt	Horizontal shooter	2	horizontal		Back Fire (Tecmo)	1988	Tecmo
backfirtb	Horizontal shooter	2	horizontal	backfirt	Back Fire (Tecmo, bootleg)	1988	bootleg
badapple	Misc	1	horizontal		Bad Apple (HB, Tech-Demo)	2017	Hpman
baddudes	Beat 'em up	2	horizontal		Bad Dudes vs. Dragonninja (US, revision 1)	1988	Data East USA
badlands	Racing	2	horizontal		Bad Lands	1989	Atari Games
bagman	Platform	2	vertical		Bagman	1982	Valadon Automation
bagmanj	Platform	2	vertical	bagman	Bagman (Taito)	1982	Valadon Automation (Taito license)
bagmans	Platform	2	vertical	bagman	Bagman (Stern Electronics, revision A5)	1982	Valadon Automation (Stern Electronics license)
bagmans4	Platform	2	vertical	bagman	Bagman (Stern Electronics, revision A4)	1982	Valadon Automation (Stern Electronics license)
bagnard	Platform	2	vertical	bagman	Le Bagnard (set 1)	1982	Valadon Automation
bagnarda	Platform	2	vertical	bagman	Le Bagnard (set 2)	1982	Valadon Automation
bagnardi	Platform	2	vertical	bagman	Le Bagnard (Itisa, Spain)	1983	Valadon Automation (Itisa license)
bagnardio	Platform	2	vertical	bagman	Le Bagnard (Itisa, Spain, older)	1982	Valadon Automation (Itisa license)
bakatono	Mahjong	2	horizontal		Bakatonosama Mahjong Manyuuki (MOM-002 ~ MOH-002)	1991	Monolith Corp.
bakubrkr	Vertical shooter	2	vertical	explbrkr	Bakuretsu Breaker (Japan)	1992	Kaneko
bakutotu	Horizontal shooter	2	horizontal		Bakutotsu Kijuutei	1988	Namco
balcube	Puzzle	2	horizontal		Bal Cube	1996	Metro
ballboy	Platform	2	horizontal	snowbro3	Ball Boy (2 players)	2003	bootleg
ballboy3p	Platform	2	horizontal	snowbro3	Ball Boy (3 players)	2004	bootleg
ballbros	Puzzle	2	horizontal		Balloon Brothers	1992	East Technology
baluba	Platform	2	vertical		Baluba-louk no Densetsu (Japan)	1986	Able Corp, Ltd.
banbam	Action / Maze	2	horizontal		BanBam	1984	Sun Electronics
bang	Shooter	2	horizontal		Bang! (version 2, checksum 140E)	1998	Gaelco / Bit Managers
banga	Shooter	2	horizontal	bang	Bang! (version 2, checksum D35D)	1998	Gaelco / Bit Managers
bangb	Shooter	2	horizontal	bang	Bang! (version 0, checksum B61D)	1998	Gaelco / Bit Managers
bangball	Puzzle	2	horizontal		Bang Bang Ball (v1.05)	1996	Banpresto / Kunihiko Tashiro+Goodhouse
bangbead	Ball & paddle	2	horizontal		Bang Bead	2000	Visco
bangbedp	Ball & paddle	2	horizontal	bangbead	Bang Bead (Prototype?)	2000	Visco
bangj	Shooter	2	horizontal	bang	Gun Gabacho (Japan, version 2, checksum C6BB)	1999	Gaelco / Bit Managers (GM Shoji license)
bangja	Shooter	2	horizontal	bang	Gun Gabacho (Japan, version 2, checksum 1C8C)	1999	Gaelco / Bit Managers (GM Shoji license)
bangjb	Shooter	2	horizontal	bang	Gun Gabacho (Japan, version 2, checksum B75B)	1999	Gaelco / Bit Managers (GM Shoji license)
bankp	Shooter	3	horizontal		Bank Panic	1984	Sanritsu / Sega
bankpt	Shooter	3	horizontal	bankp	Bank Panic (Tecfri bootleg)	1984	bootleg (Tecfri)
baracuda	Maze / Action	2	vertical	puckman	Barracuda	1981	hack (Coinex)
baraduke	Horizontal shooter	2	horizontal	aliensec	Baraduke	1985	Namco
baryon	Vertical shooter	2	vertical		Baryon - Future Assault (set 1)	1997	SemiCom / Tirano
baryona	Vertical shooter	2	vertical	baryon	Baryon - Future Assault (set 2)	1997	SemiCom / Tirano
basketbal	Sports	2	horizontal	archrivl	Basket Ball (8-way joystick bootleg of Arch Rivals)	1989	bootleg
batcir	Beat 'em up	4	horizontal		Battle Circuit (Europe 970319)	1997	Capcom
batcira	Beat 'em up	4	horizontal	batcir	Battle Circuit (Asia 970319)	1997	Capcom
batcird	Beat 'em up	4	horizontal	batcir	Battle Circuit (Europe 970319 Phoenix Edition) (bootleg)	1997	bootleg
batcirj	Beat 'em up	4	horizontal	batcir	Battle Circuit (Japan 970319)	1997	Capcom
batlball	Puzzle	2	horizontal	senkyu	Battle Balls (Germany, newer)	1995	Seibu Kaihatsu (Tuning license)
batlballa	Puzzle	2	horizontal	senkyu	Battle Balls (Hong Kong)	1995	Seibu Kaihatsu (Metrotainment license)
batlballe	Puzzle	2	horizontal	senkyu	Battle Balls (Hong Kong, earlier)	1995	Seibu Kaihatsu (Metrotainment license)
batlballo	Puzzle	2	horizontal	senkyu	Battle Balls (Germany, earlier)	1995	Seibu Kaihatsu (Tuning license)
batlballpt	Puzzle	2	horizontal	senkyu	Battle Balls (Portugal)	1995	Seibu Kaihatsu
batlballu	Puzzle	2	horizontal	senkyu	Battle Balls (US)	1995	Seibu Kaihatsu (Fabtek license)
batlbubl	Puzzle	2	horizontal	bangball	Battle Bubble (v2.00)	1999	Banpresto (Limenko license?)
batlzone	Horizontal shooter	2	horizontal	mayday	Battle Zone (bootleg of Mayday)	1980	bootleg (Video Game)
batman	Beat 'em up	2	horizontal		Batman	1991	Atari Games
batman2	Vertical shooter	2	vertical	phoenix	Batman Part 2	1981	bootleg
batrider	Vertical shooter	2	horizontal		Armed Police Batrider (Europe) (Fri Feb 13 1998)	1998	Raizing / Eighting
batriderc	Vertical shooter	2	horizontal	batrider	Armed Police Batrider (China) (Fri Feb 13 1998)	1998	Raizing / Eighting
batriderhk	Vertical shooter	2	horizontal	batrider	Armed Police Batrider (Hong Kong) (Mon Dec 22 1997)	1998	Raizing / Eighting
batriderj	Vertical shooter	2	horizontal	batrider	Armed Police Batrider (Japan, B version) (Fri Feb 13 1998)	1998	Raizing / Eighting
batriderja	Vertical shooter	2	horizontal	batrider	Armed Police Batrider (Japan, older version) (Mon Dec 22 1997)	1998	Raizing / Eighting
batriderk	Vertical shooter	2	horizontal	batrider	Armed Police Batrider (Korea) (Fri Feb 13 1998)	1998	Raizing / Eighting
batridert	Vertical shooter	2	horizontal	batrider	Armed Police Batrider (Taiwan) (Mon Dec 22 1997)	1998	Raizing / Eighting
batrideru	Vertical shooter	2	horizontal	batrider	Armed Police Batrider (USA) (Fri Feb 13 1998)	1998	Raizing / Eighting
batsugun	Vertical shooter	2	horizontal		Batsugun	1993	Toaplan
batsuguna	Vertical shooter	2	horizontal	batsugun	Batsugun (older, set 1)	1993	Toaplan
batsugunb	Vertical shooter	2	horizontal	batsugun	Batsugun (Korean PCB)	1993	Toaplan
batsugunc	Vertical shooter	2	horizontal	batsugun	Batsugun (older, set 2)	1993	Toaplan
batsugunsp	Vertical shooter	2	horizontal	batsugun	Batsugun - Special Version	1993	Toaplan
battlane	Shooter	2	vertical		Battle Lane! Vol. 5 (set 1)	1986	Technos Japan (Taito license)
battlane2	Shooter	2	vertical	battlane	Battle Lane! Vol. 5 (set 2)	1986	Technos Japan (Taito license)
battlane3	Shooter	2	vertical	battlane	Battle Lane! Vol. 5 (set 3)	1986	Technos Japan (Taito license)
battlex	Horizontal shooter	2	horizontal		Battle Cross	1982	Omori Electric Co., Ltd.
battlnts	Shooter	2	vertical		Battlantis (version G)	1987	Konami
battlntsa	Shooter	2	vertical	battlnts	Battlantis (version F)	1987	Konami
battlntsj	Shooter	2	vertical	battlnts	Battlantis (Japan, version E)	1987	Konami
battroad	Action / Shooter	2	vertical		The Battle-Road	1984	Irem
bayroute	Run & gun	2	horizontal		Bay Route (set 3, World) (FD1094 317-0116)	1989	Sunsoft / Sega
bayroute1	Run & gun	2	horizontal	bayroute	Bay Route (set 1, US) (unprotected)	1989	Sunsoft / Sega
bayrouted	Run & gun	2	horizontal	bayroute	Bay Route (set 3, World) (bootleg of FD1094 317-0116 set)	1989	bootleg
bayroutej	Run & gun	2	horizontal	bayroute	Bay Route (set 2, Japan) (FD1094 317-0115)	1989	Sunsoft / Sega
bayroutejd	Run & gun	2	horizontal	bayroute	Bay Route (set 2, Japan) (bootleg of FD1094 317-0115 set)	1989	bootleg
bbakraid	Vertical shooter	2	horizontal		Battle Bakraid - Unlimited Version (USA) (Tue Jun 8 1999)	1999	Eighting
bbakraidc	Vertical shooter	2	horizontal	bbakraid	Battle Bakraid - Unlimited Version (China) (Tue Jun 8 1999)	1999	Eighting
bbakraidj	Vertical shooter	2	horizontal	bbakraid	Battle Bakraid - Unlimited Version (Japan) (Tue Jun 8 1999)	1999	Eighting
bbakraidja	Vertical shooter	2	horizontal	bbakraid	Battle Bakraid (Japan) (Wed Apr 7 1999)	1999	Eighting
bballs	Puzzle	2	horizontal		Bouncing Balls	1991	Comad
bballsa	Puzzle	2	horizontal	bballs	Bouncing Balls (Adult)	1991	Comad
bbbxing	Sports	2	horizontal		Best Bout Boxing (ver 1.3)	1994	Jaleco
bbmanw	Maze	2	horizontal		Bomber Man World / New Dyna Blaster - Global Quest	1992	Irem
bbmanwj	Maze	2	horizontal	bbmanw	Bomber Man World (Japan)	1992	Irem
bbmanwja	Maze	2	horizontal	bbmanw	Bomber Man World (Japan, revised sound hardware)	1992	Irem
bbredux	Platform	2	horizontal	bublbobl	Bubble Bobble ('bootleg redux' hack for Bobble Bobble PCB)	2013	bootleg (Punji)
bbros	Puzzle	2	horizontal	pang	Buster Bros. (USA)	1989	Mitchell (Capcom license)
bbusters	Shooter	2	horizontal		Beast Busters (World)	1989	SNK
bbustersj	Shooter	2	horizontal	bbusters	Beast Busters (Japan, Version 2, 3 Player)	1989	SNK
bbustersja	Shooter	2	horizontal	bbusters	Beast Busters (Japan, Version 2, 2 Player)	1989	SNK
bbustersu	Shooter	2	horizontal	bbusters	Beast Busters (US, Version 3)	1989	SNK
bbustersua	Shooter	2	horizontal	bbusters	Beast Busters (US, Version 2)	1989	SNK
bchopper	Horizontal shooter	2	horizontal		Battle Chopper (World)	1987	Irem
bcrusher	Beat 'em up	2	horizontal	kncljoe	Bone Crusher	1985	bootleg
bcruzm12	Shooter	2	vertical		Battle Cruiser M-12	1983	Sigma Enterprises Inc.
bcstry	Sports	2	horizontal		B.C. Story (set 1)	1997	SemiCom / Tirano
bcstrya	Sports	2	horizontal	bcstry	B.C. Story (set 2)	1997	SemiCom / Tirano
bdudes	Beat 'em up	1	horizontal		Bad Dudes - Burger Edition (Demo Version)	2025	Balek Corp
beaminv	Vertical shooter	2	vertical		Beam Invader	1979	Teknon Kogyo
beast	Platform	2	horizontal		Shadow of the Beast (Neo Geo demo)	????	Jeff Kurtz
beastfp	Platform	2	vertical	suprglob	Beastie Feastie (Pac-Man conversion, set 1)	1984	Epos Corporation
beastfpa	Platform	2	vertical	suprglob	Beastie Feastie (Pac-Man conversion, set 2)	1984	Epos Corporation
benberob	Platform	2	horizontal		Ben Bero Beh (Japan)	1984	Taito
berabohm	Beat 'em up	2	horizontal		Chou Zetsurinjin Berabowman (Japan, Rev C)	1988	Namco
berabohmb	Beat 'em up	2	horizontal	berabohm	Chou Zetsurinjin Berabowman (Japan, Rev B)	1988	Namco
berlwall	Platform	2	horizontal		The Berlin Wall	1991	Kaneko
berlwallk	Platform	2	horizontal	berlwall	The Berlin Wall (Korea)	1991	Kaneko (Inter license)
berlwallt	Platform	2	horizontal	berlwall	The Berlin Wall (bootleg?)	1991	Kaneko
bermudat	Vertical shooter	2	vertical		Bermuda Triangle (World?)	1987	SNK
bermudata	Vertical shooter	2	vertical	worldwar	Bermuda Triangle (World Wars) (US)	1987	SNK
bermudatj	Vertical shooter	2	vertical	bermudat	Bermuda Triangle (Japan)	1987	SNK
berzerk	Shooter / Maze	2	horizontal		Berzerk (revision RC31A)	1980	Stern Electronics
berzerka	Shooter / Maze	2	horizontal	berzerk	Berzerk (revision RC31)	1980	Stern Electronics
berzerkb	Shooter / Maze	2	horizontal	berzerk	Berzerk (revision RC28)	1980	Stern Electronics
berzerkf	Shooter / Maze	2	horizontal	berzerk	Berzerk (French Speech, revision RC31)	1980	Stern Electronics
berzerkg	Shooter / Maze	2	horizontal	berzerk	Berzerk (German Speech, revision RC32)	1980	Stern Electronics
berzerks	Shooter / Maze	2	horizontal	berzerk	Berzerk (Spanish Speech, revision RC32)	1980	Stern Electronics (Sonic License)
bestbest	Fighting	2	horizontal		Best Of Best	1994	SunA
bestleag	Football	2	horizontal	bigstrik	Best League (bootleg of Big Striker, Italian Serie A)	1993	bootleg
bestleaw	Football	2	horizontal	bigstrik	Best League (bootleg of Big Striker, World Cup)	1993	bootleg
bestri	Mini-games	2	horizontal		Bestri (Korea, set 1)	1998	F2 System
bestria	Mini-games	2	horizontal	bestri	Bestri (Korea, set 2)	1998	F2 System
bgaregga	Vertical shooter	2	horizontal		Battle Garegga (Europe / USA / Japan / Asia) (Sat Feb 3 1996)	1996	Raizing / Eighting
bgareggabl	Vertical shooter	2	horizontal	bgaregga	1945 Er Dai / 1945 Part-2 (Chinese hack of Battle Garegga)	1998	bootleg (Melody)
bgareggabla	Vertical shooter	2	horizontal	bgaregga	Leishen Chuan / Thunder Deity Biography (Chinese hack of Battle Garegga)	1997	bootleg (Melody)
bgareggablj	Vertical shooter	2	horizontal	bgaregga	Battle Garegga (Japan, bootleg) (Sat Feb 3 1996)	1996	bootleg
bgareggacn	Vertical shooter	2	horizontal	bgaregga	Battle Garegga - Type 2 (Denmark / China) (Tue Apr 2 1996)	1996	Raizing / Eighting
bgareggahk	Vertical shooter	2	horizontal	bgaregga	Battle Garegga (Austria / Hong Kong) (Sat Feb 3 1996)	1996	Raizing / Eighting
bgareggak	Vertical shooter	2	horizontal	bgaregga	Battle Garegga (Korea / Greece) (Wed Feb 7 1996)	1996	Raizing / Eighting
bgaregganv	Vertical shooter	2	horizontal	bgaregga	Battle Garegga - New Version (Austria / Hong Kong) (Sat Mar 2 1996)	1996	Raizing / Eighting
bgareggat	Vertical shooter	2	horizontal	bgaregga	Battle Garegga (location test) (Wed Jan 17 1996)	1996	Raizing / Eighting
bgareggat2	Vertical shooter	2	horizontal	bgaregga	Battle Garegga - Type 2 (Europe / USA / Japan / Asia) (Sat Mar 2 1996)	1996	Raizing / Eighting
bgareggatw	Vertical shooter	2	horizontal	bgaregga	Battle Garegga (Taiwan / Germany) (Thu Feb 1 1996)	1996	Raizing / Eighting
bgareggaz	Vertical shooter	2	horizontal	bgaregga	Battle Garegga Zakk version (Europe / USA / Japan / Asia) (Sat Feb 3 1996)	2019	Raizing / Eighting
bigbang	Vertical shooter	2	vertical	tdragon2	Big Bang (9th Nov. 1993, set 1)	1993	NMK
bigbanga	Vertical shooter	2	vertical	tdragon2	Big Bang (9th Nov. 1993, set 2)	1993	NMK
bigbucks	Quiz	2	vertical		Big Bucks	1986	Dynasoft Inc.
bigfghtr	Horizontal shooter	2	horizontal	skyrobo	Tatakae! Big Fighter (Japan)	1989	Nichibutsu
bigkarnk	Platform / Beat 'em up	2	horizontal		Big Karnak (ver. 1.0, checksum 1e38c94)	1991	Gaelco
bigkarnka	Platform / Beat 'em up	2	horizontal	bigkarnk	Big Karnak (ver. 1.0, checksum 1e38b94)	1991	Gaelco
bigkong	Platform	2	vertical	ckong	Big Kong	1981	bootleg
bigprowr	Fighting	2	vertical		The Big Pro Wrestling! (set 1)	1983	Technos Japan
bigprowra	Fighting	2	vertical	bigprowr	The Big Pro Wrestling! (set 2)	1983	Technos Japan
bigrun	Racing	2	horizontal		Big Run (11th Rallye version, Europe?)	1989	Jaleco
bigrunu	Racing	2	horizontal	bigrun	Big Run (11th Rallye version, US?)	1989	Jaleco
bigstrik	Football	2	horizontal		Big Striker	1992	Jaleco
bigstrkb	Football	2	horizontal	bigstrik	Big Striker (bootleg)	1992	bootleg
bigstrkba	Football	2	horizontal	bigstrik	Big Striker (bootleg w/Italian teams)	1992	bootleg
bigtwin	Puzzle	2	horizontal		Big Twin	1995	Playmark
bigtwinb	Puzzle	2	horizontal	bigtwin	Big Twin (No Girls Conversion, set 1)	1995	Playmark
bigtwinc	Puzzle	2	horizontal	bigtwin	Big Twin (No Girls Conversion, set 2)	1995	Playmark
bikkuric	Casino	2	vertical		Bikkuri Card (Japan)	1987	Peni
billiard	Sports	2	vertical	hustler	The Billiards (bootleg of Video Hustler)	1981	bootleg
bilyard	Sports	2	horizontal		Billiard	198?	Terminal
bioatack	Vertical shooter	2	vertical		Bio Attack	1983	Taito Corporation
biomtoy	Run & gun	2	horizontal		Biomechanical Toy (ver. 1.0.1885, checksum 69f5e032)	1995	Gaelco / Zeus
biomtoya	Run & gun	2	horizontal	biomtoy	Biomechanical Toy (ver. 1.0.1884, checksum 3f316c70)	1995	Gaelco / Zeus
biomtoyb	Run & gun	2	horizontal	biomtoy	Biomechanical Toy (ver. 1.0.1878, checksum d84b28ff)	1995	Gaelco / Zeus
biomtoyc	Run & gun	2	horizontal	biomtoy	Biomechanical Toy (ver. 1.0.1870, checksum ba682195)	1994	Gaelco / Zeus
bionicc	Platform / Run & gun	2	horizontal		Bionic Commando (Euro)	1987	Capcom
bionicc1	Platform / Run & gun	2	horizontal	bionicc	Bionic Commando (US set 1)	1987	Capcom
bionicc2	Platform / Run & gun	2	horizontal	bionicc	Bionic Commando (US set 2)	1987	Capcom
bioniccbl	Platform / Run & gun	2	horizontal	bionicc	Bionic Commandos (bootleg, set 1)	1987	bootleg
bioniccbl2	Platform / Run & gun	2	horizontal	bionicc	Bionic Commandos (bootleg, set 2)	1987	bootleg
bioplayc	Run & gun	2	horizontal	biomtoy	Bioplaything Cop (ver. 1.0.1823, checksum cd960fc9, prototype)	1994	Gaelco / Zeus
bioship	Horizontal shooter	2	horizontal		Bio-ship Paladin	1990	UPL (American Sammy license)
birdiy	Maze / Action	2	vertical		Birdiy	1983	Mama Top
birdtry	Sports	2	vertical		Birdie Try (Japan, revision 2, revision 1 MCU)	1988	Data East Corporation
birdtrya	Sports	2	vertical	birdtry	Birdie Try (Japan, revision 2)	1988	Data East Corporation
birdtryb	Sports	2	vertical	birdtry	Birdie Try (Japan, sample version)	1988	Data East Corporation
bishi	Mini-games	2	horizontal		Bishi Bashi Champ Mini Game Senshuken (ver JAA, 3 Players)	1996	Konami
bjourney	Platform	2	horizontal		Blue's Journey / Raguy (ALM-001 ~ ALH-001)	1990	Alpha Denshi Co.
bjourneyh	Platform	2	horizontal	bjourney	Blue's Journey / Raguy (ALH-001)	1990	Alpha Denshi Co.
bjtwin	Platform	2	vertical		Bombjack Twin (set 1)	1993	NMK
bjtwina	Platform	2	vertical	bjtwin	Bombjack Twin (set 2)	1993	NMK
bjtwinp	Platform	2	vertical	bjtwin	Bombjack Twin (prototype? with adult pictures, set 1)	1993	NMK
bjtwinpa	Platform	2	vertical	bjtwin	Bombjack Twin (prototype? with adult pictures, set 2)	1993	NMK
bkrtmaq	Quiz	2	horizontal		Bakuretsu Quiz Ma-Q Dai Bouken (Japan)	1992	Namco
blackt96	Beat 'em up	2	horizontal		Black Touch '96	1996	D.G.R.M.
bladestl	Sports	2	vertical		Blades of Steel (version T, Joystick)	1987	Konami
bladestle	Sports	2	vertical	bladestl	Blades of Steel (version E, Trackball)	1987	Konami
bladestll	Sports	2	vertical	bladestl	Blades of Steel (version L, Trackball)	1987	Konami
blandia	Fighting	2	horizontal		Blandia	1992	Allumer
blandiap	Fighting	2	horizontal	blandia	Blandia (prototype)	1992	Allumer
blasted	Shooter	2	horizontal		Blasted	1988	Bally Midway
blaster	Shooter	2	horizontal		Blaster	1983	Williams / Vid Kidz
blasterkit	Shooter	2	horizontal	blaster	Blaster (conversion kit)	1983	Williams / Vid Kidz
blastero	Shooter	2	horizontal	blaster	Blaster (location test)	1983	Williams / Vid Kidz
blasto	Shooter	2	horizontal		Blasto	1978	Gremlin
blastoff	Vertical shooter	2	vertical		Blast Off (Japan)	1989	Namco
blazeon	Horizontal shooter	2	horizontal		Blaze On (World)	1992	A.I (Atlus license)
blazeonj	Horizontal shooter	2	horizontal	blazeon	Blaze On (Japan)	1992	A.I (Atlus license)
blazer	Vertical shooter	2	vertical		Blazer (Japan)	1987	Namco
blazstar	Horizontal shooter	2	horizontal		Blazing Star	1998	Yumekobo
blazstarcm	Horizontal shooter	2	horizontal	blazstar	Blazing Star (Stage Select Hack)	2020	Clear Paper, NeoCverA, JustinG
blkbustr	Maze	2	vertical	mrjong	BlockBuster	1983	Kiwako (ECI license)
blkdrgon	Platform / Run & gun	2	horizontal	blktiger	Black Dragon (Japan)	1987	Capcom
blkdrgonb	Platform / Run & gun	2	horizontal	blktiger	Black Dragon (bootleg)	1987	bootleg
blkheart	Horizontal shooter	2	horizontal		Black Heart	1991	UPL
blkheartj	Horizontal shooter	2	horizontal	blkheart	Black Heart (Japan)	1991	UPL
blkhole	Vertical shooter	2	vertical		Black Hole	1981	TDS & MINTS
blkpnthr	Beat 'em up	2	horizontal		Black Panther	1987	Konami
blktiger	Platform / Run & gun	2	horizontal		Black Tiger	1987	Capcom
blktigera	Platform / Run & gun	2	horizontal	blktiger	Black Tiger (older)	1987	Capcom
blktigerb1	Platform / Run & gun	2	horizontal	blktiger	Black Tiger (bootleg set 1)	1987	bootleg
blktigerb2	Platform / Run & gun	2	horizontal	blktiger	Black Tiger (bootleg set 2)	1987	bootleg
blktigerb3	Platform / Run & gun	2	horizontal	blktiger	Black Tiger / Black Dragon (mixed bootleg?)	1987	bootleg
blmbycar	Racing	2	horizontal		Blomby Car (Version 1P0)	1994	ABM & Gecas
blmbycaru	Racing	2	horizontal	blmbycar	Blomby Car (Version 1P0, not encrypted)	1994	ABM & Gecas
block	Breakout	2	vertical		Block Block (World 911219 Joystick)	1991	Capcom
blockade	Maze	2	horizontal		Blockade	1976	Gremlin
blockbl	Breakout	2	vertical	block	Block Block (bootleg)	1991	bootleg
blockcar	Breakout	2	vertical		Block Carnival / Thunder & Lightning 2	1992	Visco
blocken	Puzzle	2	horizontal		Blocken (Japan)	1994	Visco / KID
blockgal	Breakout	2	vertical		Block Gal (MC-8123B, 317-0029)	1987	Sega / Vic Tokai
blockhl	Puzzle	2	horizontal		Block Hole	1989	Konami
blockj	Breakout	2	vertical	block	Block Block (Japan 910910)	1991	Capcom
blockout	Puzzle	2	horizontal		Block Out (set 1)	1989	Technos Japan / California Dreams
blockout2	Puzzle	2	horizontal	blockout	Block Out (set 2)	1989	Technos Japan / California Dreams
blockout3	Puzzle	2	horizontal	blockout	Block Out (Europe and Oceania)	1989	Technos Japan / California Dreams
blockoutj	Puzzle	2	horizontal	blockout	Block Out (Japan)	1989	Technos Japan / California Dreams
blockr1	Breakout	2	vertical	block	Block Block (World 911106 Joystick)	1991	Capcom
blockr2	Breakout	2	vertical	block	Block Block (World 910910)	1991	Capcom
bloodbro	Shooter	2	horizontal		Blood Bros. (World?)	1990	TAD Corporation
bloodbroj	Shooter	2	horizontal	bloodbro	Blood Bros. (Japan, rev A)	1990	TAD Corporation
bloodbroja	Shooter	2	horizontal	bloodbro	Blood Bros. (Japan)	1990	TAD Corporation
bloodbrok	Shooter	2	horizontal	bloodbro	Blood Bros. (Korea)	1990	TAD Corporation
bloodbrom	Shooter	2	horizontal	bloodbro	Blood Bros. (Modular System)	199?	bootleg (Gaelco / Ervisa)
bloodbrou	Shooter	2	horizontal	bloodbro	Blood Bros. (US)	1990	TAD Corporation (Fabtek license)
bloodstm	Fighting	2	horizontal		BloodStorm (v2.22)	1994	Strata / Incredible Technologies
bloodstm104	Fighting	2	horizontal	bloodstm	BloodStorm (v1.04)	1994	Strata / Incredible Technologies
bloodstm110	Fighting	2	horizontal	bloodstm	BloodStorm (v1.10)	1994	Strata / Incredible Technologies
bloodstm210	Fighting	2	horizontal	bloodstm	BloodStorm (v2.10)	1994	Strata / Incredible Technologies
bloodstm216	Fighting	2	horizontal	bloodstm	BloodStorm (v2.16)	1994	Strata / Incredible Technologies
bloodstm220	Fighting	2	horizontal	bloodstm	BloodStorm (v2.20)	1994	Strata / Incredible Technologies
bloodstm221	Fighting	2	horizontal	bloodstm	BloodStorm (v2.21)	1994	Strata / Incredible Technologies
bloodwar	Fighting	2	horizontal		Blood Warrior	1994	Kaneko
blox16b	Puzzle	2	horizontal	bloxeed	Bloxeed (System 16B, PS2 data file)	2008	Sega
bloxeed	Puzzle	2	horizontal		Bloxeed (Japan) (FD1094 317-0139)	1989	Sega / Elorg
bloxeeda	Puzzle	2	horizontal	bloxeed	Bloxeed (Japan, earlier) (FD1094 317-0139)	1989	Sega
bloxeedc	Puzzle	2	horizontal	bloxeed	Bloxeed (World, C System)	1989	Sega / Elorg
bloxeedd	Puzzle	2	horizontal	bloxeed	Bloxeed (Japan) (bootleg of FD1094 317-0139 set)	1989	bootleg
bloxeedu	Puzzle	2	horizontal	bloxeed	Bloxeed (US, C System, Rev A)	1989	Sega / Elorg
blstroid	Shooter	2	horizontal		Blasteroids (rev 4)	1987	Atari Games
blstroid2	Shooter	2	horizontal	blstroid	Blasteroids (rev 2)	1987	Atari Games
blstroid3	Shooter	2	horizontal	blstroid	Blasteroids (rev 3)	1987	Atari Games
blstroidg	Shooter	2	horizontal	blstroid	Blasteroids (German, rev 2)	1987	Atari Games
blstroidh	Shooter	2	horizontal	blstroid	Blasteroids (with heads)	1987	Atari Games
blswhstl	Vertical shooter	2	vertical		Bells & Whistles (World, version L)	1991	Konami
blswhstla	Vertical shooter	2	vertical	blswhstl	Bells & Whistles (Asia, version M)	1991	Konami
blueandr	Platform / Action	2	horizontal		Blue And Red - Fight The Robots! (HB, v1.7 NTSC)	2026	Kaiju Wasp
bluehawk	Vertical shooter	2	vertical		Blue Hawk	1993	Dooyong
bluehawkn	Vertical shooter	2	vertical	bluehawk	Blue Hawk (Japan, NTC license, set 1)	1993	Dooyong (NTC license)
bluehawkna	Vertical shooter	2	vertical	bluehawk	Blue Hawk (Japan, NTC license, set 2)	1993	Dooyong (NTC license)
blueprnt	Maze	2	vertical		Blue Print (Midway)	1982	Zilec Electronics / Bally Midway
blueprntj	Maze	2	vertical	blueprnt	Blue Print (Jaleco)	1982	Zilec Electronics / Jaleco
blzntrnd	Sports	4	horizontal		Blazing Tornado	1994	Human Amusement
bmaster	Beat 'em up	2	horizontal		Blade Master (World)	1991	Irem
bngotime	Casino	2	vertical		Bingo Time (World)	1986	CLS
bnj	Racing / Action	2	vertical	brubber	Bump 'n' Jump	1982	Data East USA
bnstars	Mahjong	2	horizontal	bnstars1	Vs. Janshi Brandnew Stars (Ver 1.1, MegaSystem 32 Version)	1997	Jaleco
bnzabros	Platform	2	horizontal		Bonanza Bros (US, Floppy DS3-5000-07d? Based)	1990	Sega
bnzabrosj	Platform	2	horizontal	bnzabros	Bonanza Bros (Japan, Floppy DS3-5000-07b Based)	1990	Sega
boblbobl	Platform	2	horizontal	bublbobl	Bobble Bobble (bootleg of Bubble Bobble)	1986	bootleg
boblcave	Platform	2	horizontal	bublbobl	Bubble Bobble: Lost Cave V1.2 (for Bobble Bobble PCB)	2013	hack (Bisboch and Aladar)
bodyslam	Fighting	2	horizontal		Body Slam (8751 317-0015)	1986	Sega
bogeyman	Platform	2	horizontal		Bogey Manor	1985	Technos Japan
boggy84	Platform	2	vertical		Boggy '84	1983	Kaneko
boggy84b	Platform	2	vertical	boggy84	Boggy '84 (bootleg, set 1)	1983	bootleg (Eddie's Games)
bombbee	Breakout	2	vertical		Bomb Bee	1979	Namco
bomber	Horizontal shooter	2	vertical	scramble	Bomber (bootleg of Scramble)	198?	bootleg (Alca)
bombjack	Platform	2	vertical		Bomb Jack	1984	Tehkan
bombjack2	Platform	2	vertical	bombjack	Bomb Jack (earlier)	1984	Tehkan
bombjackbl	Platform	2	vertical	bombjack	Bomb Jack (bootleg)	1985	bootleg
bombjackt	Platform	2	vertical	bombjack	Bomb Jack (Tecfri, Spain)	1984	Tehkan (Tecfri license)
bombkick	Platform	2	horizontal		Bomb Kick (set 1)	1998	Yun Sung
bombkicka	Platform	2	horizontal	bombkick	Bomb Kick (set 2)	1998	Yun Sung
bombrman	Maze	2	horizontal	dynablst	Bomber Man (Japan)	1991	Irem (licensed from Hudson Soft)
bongo	Platform	2	vertical		Bongo	1983	Jetsoft
bonkadv	Platform	2	horizontal		B.C. Kid (Europe) / Bonk's Adventure: Arcade Version (US, China, Korea) / Kyukyoku!! PC Genjin: Special Arcade Version (Japan)	1994	Kaneko (Hudson Soft / Red license)
bonusstage	Vertical shooter	2	horizontal		Bonus Stage (HB)	2020	Totologic
bonzeadv	Run & gun	2	horizontal		Bonze Adventure (World, rev 1)	1988	Taito
bonzeadvo	Run & gun	2	horizontal	bonzeadv	Bonze Adventure (World)	1988	Taito
bonzeadvp	Run & gun	2	horizontal	bonzeadv	Bonze Adventure (World, prototype, newer)	1988	Taito
bonzeadvp2	Run & gun	2	horizontal	bonzeadv	Bonze Adventure (World, prototype, older)	1988	Taito
bonzeadvu	Run & gun	2	horizontal	bonzeadv	Bonze Adventure (US, rev 1)	1988	Taito America
boobhack	Shooter	2	vertical	horekid	Booby Kids (Italian manufactured graphic hack / bootleg of Kid no Hore Hore Daisakusen (bootleg))	1987	bootleg
boogwing	Horizontal shooter	2	horizontal		Boogie Wings (Europe v1.5, 92.12.07)	1992	Data East Corporation
boogwinga	Horizontal shooter	2	horizontal	boogwing	Boogie Wings (Asia v1.5, 92.12.07)	1992	Data East Corporation
boogwingu	Horizontal shooter	2	horizontal	boogwing	Boogie Wings (USA v1.7, 92.12.14)	1992	Data East Corporation
boomrang	Run & gun	2	vertical		Boomer Rang'r / Genesis (set 1)	1983	Data East Corporation
boomranga	Run & gun	2	vertical	boomrang	Boomer Rang'r / Genesis (set 2)	1983	Data East Corporation
boonggab	Mini-games	2	vertical		Boong-Ga Boong-Ga (Spank'em!)	2001	Taff System
borench	Puzzle	2	horizontal		Borench (set 1)	1990	Sega
borencha	Puzzle	2	horizontal	borench	Borench (set 2)	1990	Sega
borenchj	Puzzle	2	horizontal	borench	Borench (Japan)	1990	Sega
botanic	Maze	2	vertical		Botanic (English / Spanish)	1983	Itisa
botanic2	Maze	2	vertical	botanic	Botanic (English / Spanish, Bagman conversion)	1983	Itisa
botanicf	Maze	2	vertical	botanic	Botanic (French)	1984	Itisa (Valadon Automation license)
bottom9	Sports	2	horizontal		Bottom of the Ninth (version T)	1989	Konami
bottom9n	Sports	2	horizontal	bottom9	Bottom of the Ninth (version N)	1989	Konami
bouldash	Maze	2	horizontal		Boulder Dash / Boulder Dash Part 2 (World)	1990	Data East Corporation (licensed from First Star)
bouldashj	Maze	2	horizontal	bouldash	Boulder Dash / Boulder Dash Part 2 (Japan)	1990	Data East Corporation (licensed from First Star)
bounty	Shooter	2	horizontal		The Bounty (set 1)	1982	Orca
bounty2	Shooter	2	horizontal	bounty	The Bounty (set 2)	1982	Orca
bowlrama	Sports	2	vertical		Bowl-O-Rama (Rev 1.0)	1991	P&P Marketing
boxyboy	Puzzle	2	horizontal		Boxy Boy (World, SB2)	1990	Namco
boxyboya	Puzzle	2	horizontal	boxyboy	Boxy Boy (SB?)	1990	Namco
bpanicdx	Puzzle	4	horizontal		Block Panic DX (HB, ver. 20250101)	2025	Blastar
bradley	Shooter / Vector	2	horizontal		Bradley Trainer	1980	Atari
brain	Horizontal shooter	2	horizontal		Brain	1986	Coreland / Sega
brapboys	Beat 'em up	3	horizontal		B.Rap Boys (World)	1992	Kaneko
brapboysp	Beat 'em up	3	horizontal	brapboys	B.Rap Boys Special (World, newer)	1992	Kaneko
brapboysp2	Beat 'em up	3	horizontal	brapboys	B.Rap Boys Special (World, older)	1992	Kaneko
brapboyspj	Beat 'em up	3	horizontal	brapboys	B.Rap Boys Special (Japan)	1992	Kaneko
brapboyspu	Beat 'em up	3	horizontal	brapboys	B.Rap Boys Special (US)	1992	Kaneko
brdrlinb	Vertical shooter	2	vertical	brdrline	Borderline (Karateco bootleg)	1981	bootleg (Karateco)
brdrline	Vertical shooter	2	vertical		Borderline	1981	Sega
brdrlins	Vertical shooter	2	vertical	brdrline	Borderline (Sidam bootleg)	1981	bootleg (Sidam)
breakers	Fighting	2	horizontal		Breakers	1996	Visco
breakrev	Fighting	2	horizontal		Breakers Revenge	1998	Visco
breakrevbh	Fighting	2	horizontal	breakrev	Breakers Revenge (Boss Hack)	2007	hack
breywood	Maze / Run & gun	2	horizontal	shackled	Breywood (Japan revision 2)	1986	Data East Corporation
brival	Fighting	2	horizontal		Burning Rival (World)	1992	Sega
brivalj	Fighting	2	horizontal	brival	Burning Rival (Japan)	1992	Sega
brix	Maze / Action	2	vertical	zzyzzyxx	Brix	1982	Cinematronics / Advanced Microcomputer Systems
brkblast	Breakout	1	horizontal	wallc	Brick Blast (bootleg of Wall Crash)	1984	bootleg (Fadesa)
brkrevext	Fighting	2	horizontal	breakrev	Breakers Revenge (Extra Mode, Hack)	2018	hack
brkrevjq	Fighting	2	horizontal	breakrev	Breakers Revenge (Enhanced, Hack)	2022	hack
brkthru	Horizontal shooter	2	horizontal		Break Thru (World)	1986	Data East Corporation
brkthruj	Horizontal shooter	2	horizontal	brkthru	Kyohkoh-Toppa (Japan)	1986	Data East Corporation
brkthrut	Horizontal shooter	2	horizontal	brkthru	Break Thru (Tecfri license)	1986	Data East Corporation (Tecfri license)
brkthruu	Horizontal shooter	2	horizontal	brkthru	Break Thru (US)	1986	Data East USA
bronx	Shooter	2	vertical	cyclshtg	Bronx (bootleg of Cycle Shooting)	1986	bootleg
brubber	Racing / Action	2	vertical		Burnin' Rubber	1982	Data East
bs_gradius	Horizontal shooter	2	horizontal		Gradius (Bubble System)	1985	Konami
bs_gwarrior	Fighting	2	horizontal		Galactic Warriors (Bubble System)	1985	Konami
bs_twinbee	Vertical shooter	2	vertical		TwinBee (Bubble System)	1985	Konami
bshark	Shooter	2	horizontal		Battle Shark (World)	1989	Taito Corporation Japan
bsharkj	Shooter	2	horizontal	bshark	Battle Shark (Japan)	1989	Taito Corporation
bsharkjjs	Shooter	2	horizontal	bshark	Battle Shark (Japan, Joystick)	1989	Taito Corporation
bsharku	Shooter	2	horizontal	bshark	Battle Shark (US)	1989	Taito America Corporation
bsharkuo	Shooter	2	horizontal	bshark	Battle Shark (US, older)	1989	Taito America Corporation
bssoccer	Football	4	horizontal		Back Street Soccer (KRB-0031 PCB)	1996	SunA (Unico license)
bssoccera	Football	4	horizontal	bssoccer	Back Street Soccer (KRB-0032A PCB)	1996	SunA (Unico license)
bstars	Sports	2	horizontal		Baseball Stars Professional (NGM-002)	1990	SNK
bstars2	Sports	2	horizontal		Baseball Stars 2	1992	SNK
bstarsh	Sports	2	horizontal	bstars	Baseball Stars Professional (NGH-002)	1990	SNK
btime	Platform / Action	2	vertical		Burger Time (Data East set 1)	1982	Data East Corporation
btime2	Platform / Action	2	vertical	btime	Burger Time (Data East set 2)	1982	Data East Corporation
btime3	Platform / Action	2	vertical	btime	Burger Time (Data East USA)	1982	Data East USA Inc.
btimem	Platform / Action	2	vertical	btime	Burger Time (Midway)	1982	Data East (Bally Midway license)
btlfield	Run & gun	2	vertical	timesold	Battle Field (Japan)	1987	Alpha Denshi Co. (SNK license)
btlfieldb	Run & gun	2	vertical	timesold	Battle Field (bootleg)	1987	bootleg
btlkroad	Fighting	2	horizontal		Battle K-Road	1994	Psikyo
btlkroadk	Fighting	2	horizontal	btlkroad	Battle K-Road (Korea)	1994	Psikyo
btoads	Beat 'em up	3	horizontal		Battletoads	1994	Rare / Electronic Arts
bub68705	Platform	2	horizontal	bublbobl	Bubble Bobble (bootleg with 68705)	1986	bootleg
bub68705a	Platform	2	horizontal	bublbobl	Bubble Bobble (boolteg with 68705, set 2)	1986	bootleg
bubblem	Platform	2	horizontal		Bubble Memories: The Story Of Bubble Bobble III (Ver 2.4O 1996/02/15)	1995	Taito Corporation Japan
bubblembe	Platform	2	horizontal	bubblem	Bubble Memories: Black Edition (Hack)	2020	rtw, MetalliC
bubblemj	Platform	2	horizontal	bubblem	Bubble Memories: The Story Of Bubble Bobble III (Ver 2.3J 1996/02/07)	1995	Taito Corporation
bubblemu	Platform	2	horizontal	bubblem	Bubble Memories: The Story Of Bubble Bobble III (Ver 2.5A 1996/02/21)	1995	Taito America Corporation
bubbles	Action	2	horizontal		Bubbles	1982	Williams
bubblesp	Action	2	horizontal	bubbles	Bubbles (prototype)	1982	Williams
bubblesr	Action	2	horizontal	bubbles	Bubbles (Solid Red label)	1982	Williams
bubl2000	Puzzle	2	horizontal		Bubble 2000	1998	Afega (Tuning license)
bubl2000a	Puzzle	2	horizontal	bubl2000	Bubble 2000 V1.2	1998	Afega (Tuning license)
bublbob2	Platform	2	horizontal		Bubble Bobble II (Ver 2.6O 1994/12/16)	1994	Taito Corporation Japan
bublbob2o	Platform	2	horizontal	bublbob2	Bubble Bobble II (Ver 2.5O 1994/10/05)	1994	Taito Corporation Japan
bublbob2p	Platform	2	horizontal	bublbob2	Bubble Bobble II (Ver 0.0J 1993/12/13, prototype)	1994	Taito Corporation Japan
bublbobl	Platform	2	horizontal		Bubble Bobble (Japan, Ver 0.1)	1986	Taito Corporation
bublbobl1	Platform	2	horizontal	bublbobl	Bubble Bobble (Japan, Ver 0.0)	1986	Taito Corporation
bublboblb	Platform	2	horizontal	bublbobl	Bubble Bobble (for Bobble Bobble PCB)	2013	bootleg (Aladar)
bublboblp	Platform	2	horizontal	bublbobl	Bubble Bobble (prototype on Tokio hardware)	1986	Taito Corporation
bublboblr	Platform	2	horizontal	bublbobl	Bubble Bobble (US, Ver 5.1)	1986	Taito America Corporation (Romstar license)
bublboblr1	Platform	2	horizontal	bublbobl	Bubble Bobble (US, Ver 1.0)	1986	Taito America Corporation (Romstar license)
bublboblu	Platform	2	horizontal	bublbobl	Bubble Bobble (Ultra Version, Hack)	2011	Hack (Penta Penguin)
bublbust	Puzzle	2	horizontal	pbobble	Bubble Buster (USA, B-System)	1994	Taito America Corporation
bublcave	Platform	2	horizontal	bublbobl	Bubble Bobble: Lost Cave V1.2	2013	hack (Bisboch and Aladar)
bublcave10	Platform	2	horizontal	bublbobl	Bubble Bobble: Lost Cave V1.0	2012	hack (Bisboch and Aladar)
bublcave11	Platform	2	horizontal	bublbobl	Bubble Bobble: Lost Cave V1.1	2012	hack (Bisboch and Aladar)
bublpong	Platform	2	horizontal	missb2	Bubble Pong Pong	1996	Top Ltd.
bubsymphe	Platform	2	horizontal	bublbob2	Bubble Symphony (Ver 2.5O 1994/10/05)	1994	Taito Corporation Japan
bubsymphj	Platform	2	horizontal	bublbob2	Bubble Symphony (Ver 2.5J 1994/10/05)	1994	Taito Corporation
bubsymphu	Platform	2	horizontal	bublbob2	Bubble Symphony (Ver 2.5A 1994/10/05)	1994	Taito America Corporation
bucaner	Maze / Action	2	vertical	puckman	Buccaneer (set 1)	1981	hack (Video Research)
bucanera	Maze / Action	2	vertical	puckman	Buccaneer (set 2)	1981	hack (Video Research)
buccanrs	Beat 'em up	2	horizontal		Buccaneers (set 1)	1989	Duintronic
buccanrsa	Beat 'em up	2	horizontal	buccanrs	Buccaneers (set 2)	1989	Duintronic
buccanrsb	Beat 'em up	2	horizontal	buccanrs	Buccaneers (set 3, harder)	1989	Duintronic
buckrog	Shooter	2	horizontal		Buck Rogers: Planet of Zoom	1982	Sega
buckrogn	Shooter	2	horizontal	buckrog	Buck Rogers: Planet of Zoom (not encrypted, set 1)	1982	Sega
buckrogn2	Shooter	2	horizontal	buckrog	Buck Rogers: Planet of Zoom (not encrypted, set 2)	1982	Sega
bucky	Run & gun	4	horizontal		Bucky O'Hare (ver EAB)	1992	Konami
buckyaa	Run & gun	4	horizontal	bucky	Bucky O'Hare (ver AA)	1992	Konami
buckyaab	Run & gun	4	horizontal	bucky	Bucky O'Hare (ver AAB)	1992	Konami
buckyea	Run & gun	4	horizontal	bucky	Bucky O'Hare (ver EA)	1992	Konami
buckyjaa	Run & gun	4	horizontal	bucky	Bucky O'Hare (ver JAA)	1992	Konami
buckyuab	Run & gun	4	horizontal	bucky	Bucky O'Hare (ver UAB)	1992	Konami
buggychl	Racing	2	vertical		Buggy Challenge	1984	Taito Corporation
buggychlt	Racing	2	vertical	buggychl	Buggy Challenge (Tecfri)	1984	Taito Corporation (Tecfri license)
bullet	Run & gun	3	horizontal		Bullet (FD1094 317-0041)	1987	Sega
bulletd	Run & gun	3	horizontal	bullet	Bullet (bootleg of FD1094 317-0041 set)	1987	bootleg
bullfgt	Sports	2	horizontal		Bullfight (315-5065)	1984	Coreland / Sega
bullfgtr	Sports	2	vertical		Bull Fighter (World)	1984	Alpha Denshi Co.
bullfgtrs	Sports	2	vertical	bullfgtr	Bull Fighter (World, Alt)	1984	Alpha Denshi Co. (Sega license)
bumba	Racing	2	horizontal	headon	Bumba (bootleg of Head On)	1979	bootleg (Niemer)
buraiken	Beat 'em up	2	vertical	avengers	Hissatsu Buraiken (Japan, rev. A)	1987	Capcom
burglarx	Maze	2	horizontal		Burglar X	1997	Unico
burnforc	Shooter	2	horizontal		Burning Force (Japan, new version (Rev C))	1989	Namco
burnforco	Shooter	2	horizontal	burnforc	Burning Force (Japan, old version)	1989	Namco
burningf	Beat 'em up	2	horizontal		Burning Fight (NGM-018 ~ NGH-018)	1991	SNK
burningfh	Beat 'em up	2	horizontal	burningf	Burning Fight (NGH-018, US)	1991	SNK
burningfp	Beat 'em up	2	horizontal	burningf	Burning Fight (prototype, older)	1991	SNK
burningfpa	Beat 'em up	2	horizontal	burningf	Burning Fight (prototype, near final, ver 23.3, 910326)	1991	SNK
burningfpb	Beat 'em up	2	horizontal	burningf	Burning Fight (prototype, newer, V07)	1991	SNK
butasan	Action	2	horizontal		Butasan - Pig's & Bomber's (Japan, English)	1987	NMK (Jaleco license)
butasanj	Action	2	horizontal	butasan	Butasan (Japan, Japanese)	1987	NMK (Jaleco license)
buzzard	Vertical shooter	2	vertical	gyrodine	Buzzard	1984	Crux
bwcasino	Casino	2	vertical		Boardwalk Casino	1983	Epos Corporation
bwidow	Shooter / Action / Vector	2	horizontal		Black Widow	1982	Atari
bwings	Vertical shooter	2	vertical		B-Wings (Japan new Ver.)	1984	Data East Corporation
bwingsa	Vertical shooter	2	vertical	bwings	B-Wings (Alt Ver.?)	1984	Data East Corporation
bwingso	Vertical shooter	2	vertical	bwings	B-Wings (Japan old Ver.)	1984	Data East Corporation
bygone	Platform	2	horizontal		Bygone (prototype)	1985	Taito Corporation
bzone	Shooter / Vector	2	horizontal		Battle Zone (rev 2)	1980	Atari
bzonea	Shooter / Vector	2	horizontal	bzone	Battle Zone (rev 1)	1980	Atari
bzonec	Shooter / Vector	2	horizontal	bzone	Battle Zone (cocktail)	1980	Atari
cabal	Shooter	2	horizontal		Cabal (World, Joystick)	1988	TAD Corporation
cabala	Shooter	2	horizontal	cabal	Cabal (Korea?, Joystick)	1989	TAD Corporation (Alpha Trading license)
cabalexsv	Shooter	2	horizontal	cabal	Cabal (Ex Super Version 2009-03-09) (Hack)	2009	Pipi899
cabalng	Shooter	2	horizontal		Cabal - Neo Geo Conversion (HB)	1988-2021	TAD Corporation - iq_132
cabaluk	Shooter	2	horizontal	cabal	Cabal (UK, Trackball)	1989	TAD Corporation (Electrocoin license)
cabalukj	Shooter	2	horizontal	cabal	Cabal (UK, Joystick)	1989	TAD Corporation (Electrocoin license)
cabalus	Shooter	2	horizontal	cabal	Cabal (US set 1, Trackball)	1988	TAD Corporation (Fabtek license)
cabalus2	Shooter	2	horizontal	cabal	Cabal (US set 2, Trackball)	1988	TAD Corporation (Fabtek license)
cachat	Puzzle	2	horizontal		Cachat (Japan)	1993	Taito Corporation
cactus	Platform	2	horizontal	sabotenb	Cactus (bootleg of Saboten Bombers)	1992	bootleg
cadanglr	Sports	2	vertical		Angler Dangler (DECO Cassette) (US)	1982	Data East Corporation
cadash	Beat 'em up	2	horizontal		Cadash (World)	1989	Taito
cadashf	Beat 'em up	2	horizontal	cadash	Cadash (France)	1989	Taito
cadashg	Beat 'em up	2	horizontal	cadash	Cadash (Germany, rev 1)	1989	Taito
cadashgo	Beat 'em up	2	horizontal	cadash	Cadash (Germany)	1989	Taito
cadashi	Beat 'em up	2	horizontal	cadash	Cadash (Italy)	1989	Taito
cadashj	Beat 'em up	2	horizontal	cadash	Cadash (Japan, rev 2)	1989	Taito
cadashj1	Beat 'em up	2	horizontal	cadash	Cadash (Japan, rev 1)	1989	Taito
cadashjo	Beat 'em up	2	horizontal	cadash	Cadash (Japan)	1989	Taito
cadashp	Beat 'em up	2	horizontal	cadash	Cadash (World, prototype)	1989	Taito
cadashs	Beat 'em up	2	horizontal	cadash	Cadash (Spain, rev 1)	1989	Taito
cadashso	Beat 'em up	2	horizontal	cadash	Cadash (Spain)	1989	Taito
cadashu	Beat 'em up	2	horizontal	cadash	Cadash (US, rev 2)	1989	Taito America
cadashu1	Beat 'em up	2	horizontal	cadash	Cadash (US, rev 1?)	1989	Taito America
cairblad	Vertical shooter	2	vertical		Change Air Blade (Japan)	1999	Sammy
cakefght	Vertical shooter	2	horizontal	twinspri	Cake Fighter (hack of Twinkle Star Sprites)	2022	hack
calibr50	Run & gun	2	vertical		Caliber 50 (Ver. 1.01)	1989	Seta
calipso	Maze	2	vertical		Calipso	1982	Tago Electronics
calorie	Platform	2	horizontal		Calorie Kun vs Moguranian	1986	Sega
calorieb	Platform	2	horizontal	calorie	Calorie Kun vs Moguranian (bootleg)	1986	bootleg
cameltry	Maze	2	horizontal		Cameltry (World, YM2610)	1989	Taito America Corporation
cameltrya	Maze	2	horizontal	cameltry	Cameltry (World, YM2203 + M6295)	1989	Taito America Corporation
cameltryau	Maze	2	horizontal	cameltry	Cameltry (US, YM2203 + M6295)	1989	Taito America Corporation
cameltryj	Maze	2	horizontal	cameltry	Cameltry (Japan, YM2610)	1989	Taito Corporation
cameltryu	Maze	2	horizontal	cameltry	Cameltry (US, YM2610)	1989	Taito America Corporation
candance	Platform / Beat 'em up	2	horizontal	osman	Cannon Dancer (Japan)	1996	Mitchell (Atlus license)
candory	Platform	2	horizontal	ponpoko	Candory (Ponpoko bootleg with Mario)	1982	bootleg
candy	Misc	2	horizontal		Candy Candy	1999	Eolith
cannball	Puzzle	2	horizontal		Cannon Ball (Yun Sung, horizontal)	1995	Yun Sung / Soft Vision
cannballv	Puzzle	2	vertical	cannball	Cannon Ball (Yun Sung, vertical)	1995	Yun Sung / J&K Production
cannonb	Misc	2	vertical	cannonbp	Cannon Ball (bootleg on Crazy Kong hardware) (set 1, buggy)	1985	bootleg (Soft)
cannonb2	Misc	2	vertical	cannonbp	Cannon Ball (bootleg on Crazy Kong hardware) (set 2, buggy)	1985	bootleg (TV Game Gruenberg)
cannonb3	Misc	2	vertical	cannonbp	Cannon Ball (bootleg on Crazy Kong hardware) (set 3, no bonus game)	1985	bootleg (Soft)
cannonbp	Breakout	2	vertical		Cannon Ball (Pac-Man Hardware)	1985	Novomatic
canvas	Maze	2	horizontal		Canvas Croquis	1985	SNK
canyon	Shooter	2	horizontal		Canyon Bomber	1977	Atari
canyonp	Shooter	2	horizontal	canyon	Canyon Bomber (prototype)	1977	Atari
capbowl	Sports	2	vertical		Capcom Bowling (set 1)	1988	Incredible Technologies / Capcom
capbowl2	Sports	2	vertical	capbowl	Capcom Bowling (set 2)	1988	Incredible Technologies / Capcom
capbowl3	Sports	2	vertical	capbowl	Capcom Bowling (set 3)	1988	Incredible Technologies / Capcom
capbowl4	Sports	2	vertical	capbowl	Capcom Bowling (set 4)	1988	Incredible Technologies / Capcom
capitol	Shooter	2	vertical	pleiads	Capitol	1981	bootleg? (Universal Video Spiel)
captainbarrel	Platform	2	horizontal		Captain Barrel (HB)	2024	Neo Byte Force
captaven	Beat 'em up	4	horizontal		Captain America and The Avengers (Asia Rev 1.4)	1991	Data East Corporation
captavena	Beat 'em up	4	horizontal	captaven	Captain America and The Avengers (Asia Rev 1.0)	1991	Data East Corporation
captavene	Beat 'em up	4	horizontal	captaven	Captain America and The Avengers (UK Rev 1.4)	1991	Data East Corporation
captavenj	Beat 'em up	4	horizontal	captaven	Captain America and The Avengers (Japan Rev 0.2)	1991	Data East Corporation
captavenu	Beat 'em up	4	horizontal	captaven	Captain America and The Avengers (US Rev 1.9)	1991	Data East Corporation
captavenua	Beat 'em up	4	horizontal	captaven	Captain America and The Avengers (US Rev 1.4)	1991	Data East Corporation
captavenuu	Beat 'em up	4	horizontal	captaven	Captain America and The Avengers (US Rev 1.6)	1991	Data East Corporation
captc1v4	Beat 'em up	4	horizontal	captcomm	Captain Commando (1v4, Hack)	2017	hack
captcm2y	Beat 'em up	4	horizontal	captcomm	Captain Commando (Master, Hack)	2025	hack
captcmcr	Beat 'em up	4	horizontal	captcomm	Captain Commando (CR7 Elite, Hack)	2024	hack
captcmdw	Beat 'em up	4	horizontal	captcomm	Captain Commando (Warriors, Hack)	2023	hack
captcmjy	Beat 'em up	4	horizontal	captcomm	Captain Commando (Elite Competition, Hack)	2024	hack
captcmjyb	Beat 'em up	4	horizontal	captcomm	Captain Commando (Elite Competition ver B, Hack)	2025	hack
captcmmy	Beat 'em up	4	horizontal	captcomm	Captain Commando (Incubus, Hack)	2025	hack
captcmsc	Beat 'em up	4	horizontal	captcomm	Captain Commando (Switchable Character, Hack)	2020	hack
captcmsh	Beat 'em up	4	horizontal	captcomm	Captain Commando (Contest, Hack)	2020	hack
captcmwx	Beat 'em up	4	horizontal	captcomm	Captain Commando (Infinite Bullets, Hack)	2023	hack
captcmzs	Beat 'em up	4	horizontal	captcomm	Captain Commando (God of War, Hack)	2024	hack
captcmzt	Beat 'em up	4	horizontal	captcomm	Captain Commando (Journey, Hack)	2024	hack
captcomm	Beat 'em up	4	horizontal		Captain Commando (World 911202)	1991	Capcom
captcommb	Beat 'em up	4	horizontal	captcomm	Captain Commando (bootleg)	1991	bootleg
captcommb3	Beat 'em up	4	horizontal	captcomm	Captain Commando (bootleg with YM2151 + 2xMSM5205)	1991	bootleg
captcommj	Beat 'em up	4	horizontal	captcomm	Captain Commando (Japan 911202)	1991	Capcom
captcommjr1	Beat 'em up	4	horizontal	captcomm	Captain Commando (Japan 910928)	1991	Capcom
captcommr1	Beat 'em up	4	horizontal	captcomm	Captain Commando (World 911014)	1991	Capcom
captcommu	Beat 'em up	4	horizontal	captcomm	Captain Commando (USA 910928)	1991	Capcom
captre	Beat 'em up	4	horizontal	captcomm	Captain Commando Readjusted (Hack, v1.2)	2023	GameHackFan
car2	Racing	2	horizontal	headon2	Car 2 (bootleg of Head On 2)	1979	bootleg (RZ Bologna)
carhntds	Vertical shooter	2	vertical		Car Hunt / Deep Scan (France)	1979	Sega
carjmbre	Action	2	vertical		Car Jamboree	1983	Omori Electric Co., Ltd.
carket	Sports	2	horizontal		Carket Ball	1996	SemiCom
carnival	Shooter	2	vertical		Carnival (upright, AY8912 music)	1980	Sega
carnivalc	Shooter	2	vertical	carnival	Carnival (cocktail)	1980	Sega
carnivalmm	Shooter	2	vertical	carnival	Carnival (ManilaMatic bootleg)	1980	bootleg (ManilaMatic)
casanova	Puzzle	2	horizontal		Casanova	199?	Promat
cashquiz	Quiz	2	horizontal		Cash Quiz (Type B, Version 5)	1986	Zilec-Zenitone
castfant	Vertical shooter	2	vertical		Astro Fantasia (DECO Cassette) (US)	1981	Data East Corporation
catacomb	Vertical shooter	2	vertical		Catacomb	1982	MTM Games
catch22	Shooter	1	horizontal	combat	Catch-22 (version 8.0)	1985	Exidy
catt	Platform	2	horizontal	mcatadv	Catt (Japan)	1993	Wintechno
cavelon	Maze	2	vertical		Cavelon	1983	Jetsoft
cavenger	Horizontal shooter	2	horizontal		Cosmic Avenger	1981	Universal
cawing	Horizontal shooter	2	horizontal		Carrier Air Wing (World 901012)	1990	Capcom
cawingb2	Horizontal shooter	2	horizontal	cawing	Carrier Air Wing (bootleg with 2xYM2203 + 2xMSM5205, set 2)	1990	bootleg
cawingbl	Horizontal shooter	2	horizontal	cawing	Carrier Air Wing (bootleg with 2xYM2203 + 2xMSM5205, set 1)	1990	bootleg
cawingj	Horizontal shooter	2	horizontal	cawing	U.S. Navy (Japan 901012)	1990	Capcom
cawingjr	Horizontal shooter	2	horizontal	cawing	U.S. Navy (Japan Resale Ver. 901130)	1990	Capcom
cawingr1	Horizontal shooter	2	horizontal	cawing	Carrier Air Wing (World 901009)	1990	Capcom
cawingu	Horizontal shooter	2	horizontal	cawing	Carrier Air Wing (USA 901130)	1990	Capcom
cawingur1	Horizontal shooter	2	horizontal	cawing	Carrier Air Wing (USA 901012)	1990	Capcom
cbasebal	Sports	2	horizontal		Capcom Baseball (Japan)	1989	Capcom
cbdash	Maze	2	vertical		Boulder Dash (DECO Cassette) (US)	1985	Data East Corporation
cbnj	Racing / Action	2	vertical	cburnrub	Bump 'n' Jump (DECO Cassette) (US)	1982	Data East Corporation
cbombers	Racing	2	horizontal		Chase Bombers (World)	1994	Taito Corporation Japan
cbombersj	Racing	2	horizontal	cbombers	Chase Bombers (Japan)	1994	Taito Corporation
cbombersp	Racing	2	horizontal	cbombers	Chase Bombers (Japan Prototype)	1994	Taito Corporation
cbtime	Platform / Action	2	vertical		Burger Time (DECO Cassette) (US)	1983	Data East Corporation
cburnrub	Racing / Action	2	vertical		Burnin' Rubber (DECO Cassette) (US) (set 1)	1982	Data East Corporation
cburnrub2	Racing / Action	2	vertical	cburnrub	Burnin' Rubber (DECO Cassette) (US) (set 2)	1982	Data East Corporation
cbuster	Platform / Beat 'em up	2	horizontal		Crude Buster (World FX version)	1990	Data East Corporation
cbusterj	Platform / Beat 'em up	2	horizontal	cbuster	Crude Buster (Japan FR revision 1)	1990	Data East Corporation
cbusterw	Platform / Beat 'em up	2	horizontal	cbuster	Crude Buster (World FU version)	1990	Data East Corporation
ccastles	Maze / Action	2	horizontal		Crystal Castles (version 4)	1983	Atari
ccastles1	Maze / Action	2	horizontal	ccastles	Crystal Castles (version 1)	1983	Atari
ccastles2	Maze / Action	2	horizontal	ccastles	Crystal Castles (version 2)	1983	Atari
ccastles3	Maze / Action	2	horizontal	ccastles	Crystal Castles (version 3)	1983	Atari
ccastlesf	Maze / Action	2	horizontal	ccastles	Crystal Castles (version 3, French)	1983	Atari
ccastlesg	Maze / Action	2	horizontal	ccastles	Crystal Castles (version 3, German)	1983	Atari
ccastlesj	Maze / Action	2	horizontal	ccastles	Crystal Castles (joystick version)	1983	Atari
ccastlesp	Maze / Action	2	horizontal	ccastles	Crystal Castles (version 3, Spanish)	1983	Atari
ccboot	Platform	2	horizontal	cclimber	Crazy Climber (bootleg set 1)	1980	bootleg
ccboot2	Platform	2	horizontal	cclimber	Crazy Climber (bootleg set 2)	1980	bootleg
ccbootmm	Platform	2	horizontal	cclimber	Crazy Climber (ManilaMatic bootleg)	1980	bootleg (ManilaMatic)
ccbootmr	Platform	2	horizontal	cclimber	Crazy Climber (Model Racing bootleg)	1980	bootleg (Model Racing)
cclimber	Platform	2	horizontal		Crazy Climber (US set 1)	1980	Nichibutsu
cclimbera	Platform	2	horizontal	cclimber	Crazy Climber (US set 2)	1980	Nichibutsu
cclimberj	Platform	2	horizontal	cclimber	Crazy Climber (Japan)	1980	Nichibutsu
cclimbr2	Platform	2	horizontal		Crazy Climber 2 (Japan)	1988	Nichibutsu
cclimbr2a	Platform	2	horizontal	cclimbr2	Crazy Climber 2 (Japan, Harder)	1988	Nichibutsu
cclimbroper	Platform	2	horizontal	cclimber	Crazy Climber (Spanish, Operamatic bootleg)	1980	bootleg (Operamatic)
cclimbrrod	Platform	2	horizontal	cclimber	Crazy Climber (Spanish, Rodmar bootleg)	1980	bootleg (Rodmar)
cdiscon1	Action	2	vertical		Disco No.1 (DECO Cassette) (US)	1982	Data East Corporation
cdsteljn	Mahjong	2	vertical		DS Telejan (DECO Cassette) (Japan)	1981	Data East Corporation
cencourt	Sports	4	vertical	passsht	Center Court (World, 4 Players, prototype) (MC-8123B)	1988	Sega
centiped	Shooter / Action	1	vertical		Centipede (revision 4)	1980	Atari
centiped3	Shooter / Action	2	vertical	centiped	Centipede (revision 3)	1980	Atari
cexplore	Shooter	2	vertical		Explorer (DECO Cassette) (US)	1982	Data East Corporation
cfboy0a1	Vertical shooter	2	vertical		Flash Boy (vertical) (DECO Cassette MD) (No.12/Ver.0/Set.1,Japan)	1981	Data East Corporation
cfghtice	Sports	2	vertical		Fighting Ice Hockey (DECO Cassette) (US)	1984	Data East Corporation
cfishing	Sports	2	vertical	cadanglr	Fishing (DECO Cassette) (Japan)	1982	Data East Corporation
cflyball	Breakout	2	vertical		Flying Ball (DECO Cassette) (US)	1985	Data East Corporation
cgangpzl	Puzzle	2	horizontal		Cosmo Gang the Puzzle (US)	1992	Namco
cgangpzlj	Puzzle	2	horizontal	cgangpzl	Cosmo Gang the Puzzle (Japan)	1992	Namco
cgraplop	Breakout	2	vertical		Cluster Buster (DECO Cassette) (US)	1983	Data East Corporation
cgraplop2	Breakout	2	vertical	cgraplop	Graplop (DECO Cassette) (US) (Prototype?)	1983	Data East Corporation
chainrec	Puzzle	2	horizontal		Chain Reaction (World, Version 2.2, 1995.09.25)	1995	Data East Corporation
chaknpop	Maze	2	horizontal		Chack'n Pop	1983	Taito Corporation
chamburger	Platform / Action	2	vertical	cbtime	Hamburger (DECO Cassette) (Japan)	1982	Data East Corporation
chameleo	Platform	2	horizontal		Chameleon	1983	Jaleco
champbas	Sports	2	horizontal		Champion Base Ball (World)	1983	Alpha Denshi Co. (Sega license)
champbasj	Sports	2	horizontal	champbas	Champion Base Ball (Japan, set 1)	1983	Alpha Denshi Co.
champbasja	Sports	2	horizontal	champbas	Champion Base Ball (Japan, set 2)	1983	Alpha Denshi Co.
champbasjb	Sports	2	horizontal	champbas	Champion Base Ball (Japan, set 3)	1983	Alpha Denshi Co.
champbb2	Sports	2	horizontal		Champion Base Ball Part-2 (World, set 1)	1983	Alpha Denshi Co. (Sega license)
champbb2j	Sports	2	horizontal	champbb2	Champion Base Ball Part-2 (Japan)	1983	Alpha Denshi Co.
champwr	Fighting	2	horizontal		Champion Wrestler (World)	1989	Taito Corporation Japan
champwrj	Fighting	2	horizontal	champwr	Champion Wrestler (Japan)	1989	Taito Corporation
champwru	Fighting	2	horizontal	champwr	Champion Wrestler (US)	1989	Taito America Corporation
chanbara	Beat 'em up	4	vertical		Chanbara (Japan)	1985	Data East Corporation
changes	Maze	2	horizontal		Changes	1982	Orca
changesa	Maze	2	horizontal	changes	Changes (EME license)	1982	Orca (Eastern Micro Electronics, Inc. license)
charlien	Platform / Run & gun	2	horizontal		Charlie Ninja	1995	Mitchell
chasehq	Racing	2	horizontal		Chase H.Q. (World)	1988	Taito Corporation Japan
chasehqj	Racing	2	horizontal	chasehq	Chase H.Q. (Japan)	1988	Taito Corporation
chasehqju	Racing	2	horizontal	chasehq	Chase H.Q. (Japan, upright?)	1988	Taito Corporation
chasehqu	Racing	2	horizontal	chasehq	Chase H.Q. (US)	1988	Taito America Corporation
checkman	Maze	2	vertical		Check Man	1982	Zilec-Zenitone
checkmanj	Maze	2	vertical	checkman	Check Man (Japan)	1982	Zilec-Zenitone (Jaleco license)
cheekyms	Action	2	vertical		Cheeky Mouse	1980	Universal
cheesech	Maze	2	horizontal		Cheese Chase	1994	Art & Magic
chelnov	Run & gun	2	horizontal		Atomic Runner Chelnov (World)	1988	Data East Corporation
chelnovj	Run & gun	2	horizontal	chelnov	Atomic Runner Chelnov (Japan)	1988	Data East Corporation
chelnovu	Run & gun	2	horizontal	chelnov	Atomic Runner Chelnov (US)	1988	Data East USA
chewing	Casino	2	vertical	luctoday	Chewing Gum	19??	<unknown>
cheyenne	Shooter	1	horizontal		Cheyenne (version 1.0)	1984	Exidy
chikij	Platform	2	horizontal	mtwins	Chiki Chiki Boys (Japan 900619)	1990	Capcom
chiller	Shooter	2	horizontal		Chiller (version 3.0)	1986	Exidy
chimerab	Horizontal shooter	2	horizontal		Chimera Beast (Japan, prototype, set 1)	1993	Jaleco
chimeraba	Horizontal shooter	2	horizontal	chimerab	Chimera Beast (Japan, prototype, set 2)	1993	Jaleco
chinagat	Beat 'em up	2	horizontal		China Gate (US)	1988	Technos Japan (Taito / Romstar license)
chinatwn	Puzzle	2	horizontal		China Town (Japan)	1991	Data East Corporation
chinhero	Beat 'em up	2	vertical		Chinese Hero	1984	Taiyo System
chinhero2	Beat 'em up	2	vertical	chinhero	Chinese Hero (older, set 1)	1984	Taiyo System
chinhero3	Beat 'em up	2	vertical	chinhero	Chinese Hero (older, set 2)	1984	Taiyo System
chinherot	Beat 'em up	2	vertical	chinhero	Chinese Heroe (Taito)	1984	Taiyo System (Taito license)
chkun	Casino	2	vertical		Chance Kun (Japan)	1988	Peni
chokchok	Puzzle	2	horizontal		Choky! Choky!	1995	SemiCom
choko	Puzzle	2	horizontal		Janpai Puzzle Choukou (Japan 010820)	2001	Mitchell (Capcom license)
chokop	Puzzle	2	horizontal	choko	Janpai Puzzle Choukou (Japan 010820 Publicity)	2001	Mitchell (Capcom license)
choplift	Action / Shooter	2	horizontal		Choplifter (8751 315-5151)	1985	Sega
chopliftbl	Action / Shooter	2	horizontal	choplift	Choplifter (bootleg)	1985	bootleg
chopliftu	Action / Shooter	2	horizontal	choplift	Choplifter (unprotected)	1985	Sega
chopper	Vertical shooter	2	vertical		Chopper I (US Ver 2)	1988	SNK
choppera	Vertical shooter	2	vertical	chopper	Chopper I (US Ver 1?)	1988	SNK
chopperb	Vertical shooter	2	vertical	chopper	Chopper I (US)	1988	SNK
chqflag	Racing	1	vertical		Chequered Flag	1988	Konami
chqflagj	Racing	1	vertical	chqflag	Chequered Flag (Japan)	1988	Konami
chuckieegg	Platform	2	horizontal		Chuckie Egg	2023	Arlasoft
chukatai	Horizontal shooter	2	horizontal		Chuka Taisen (World) (P0-028-A PCB)	1988	Taito Corporation Japan
chukataij	Horizontal shooter	2	horizontal	chukatai	Chuka Taisen (Japan) (P0-028-A PCB)	1988	Taito Corporation
chukataija	Horizontal shooter	2	horizontal	chukatai	Chuka Taisen (Japan) (P0-025-A PCB)	1988	Taito Corporation
chukataiu	Horizontal shooter	2	horizontal	chukatai	Chuka Taisen (US) (P0-028-A PCB)	1988	Taito America Corporation
chwy	Vertical shooter	2	vertical		Highway Chase (DECO Cassette) (US)	1980	Data East Corporation
circus	Action	2	horizontal		Circus / Acrobat TV	1977	Exidy / Taito
circusc	Action	2	vertical		Circus Charlie (level select, set 1)	1984	Konami
circusc2	Action	2	vertical	circusc	Circus Charlie (level select, set 2)	1984	Konami
circusc3	Action	2	vertical	circusc	Circus Charlie (level select, set 3)	1984	Konami
circusc4	Action	2	vertical	circusc	Circus Charlie (no level select)	1984	Konami
circuscc	Action	2	vertical	circusc	Circus Charlie (Centuri)	1984	Konami (Centuri license)
circusce	Action	2	vertical	circusc	Circus Charlie (Centuri, earlier)	1984	Konami (Centuri license)
circuso	Action	2	horizontal	circus	Circus / Acrobat TV (older)	1977	Exidy / Taito
cischeat	Racing	2	horizontal		Cisco Heat	1990	Jaleco
cityatta	Shooter	2	vertical	pleiads	City Attack (Petaco S.A., bootleg of Pleiads)	1981	bootleg (Petaco S.A.)
citybomb	Shooter	2	vertical		City Bomber (World)	1987	Konami
citybombj	Shooter	2	vertical	citybomb	City Bomber (Japan)	1987	Konami
citycon	Platform / Action	2	horizontal		City Connection (set 1)	1985	Jaleco
citycona	Platform / Action	2	horizontal	citycon	City Connection (set 2)	1985	Jaleco
cityconbl	Platform / Action	2	horizontal	citycon	City Connection (bootleg)	1985	bootleg
ckong	Platform	2	vertical		Crazy Kong	1981	Kyoei / Falcon
ckongalc	Platform	2	vertical	ckong	Crazy Kong (Alca bootleg)	1981	bootleg (Alca)
ckongdks	Platform	2	vertical	ckong	Donkey Kong (Spanish bootleg of Crazy Kong)	1981	bootleg
ckongg	Platform	2	vertical	ckong	Crazy Kong (bootleg on Galaxian hardware)	1981	bootleg
ckongmc	Platform	2	vertical	ckong	Crazy Kong (bootleg on Moon Cresta hardware, set 1)	1981	bootleg
ckongo	Platform	2	vertical	ckong	Crazy Kong (Orca bootleg)	1981	bootleg (Orca)
ckongpt2	Platform	2	vertical		Crazy Kong Part II (set 1)	1981	Falcon
ckongpt2a	Platform	2	vertical	ckongpt2	Crazy Kong Part II (set 2)	1981	Falcon
ckongpt2b	Platform	2	vertical	ckongpt2	Crazy Kong Part II (alternative levels)	1981	bootleg
ckongpt2b2	Platform	2	vertical	ckongpt2	Crazy Kong Part II (bootleg)	1981	bootleg
ckongpt2j	Platform	2	vertical	ckongpt2	Crazy Kong Part II (Japan)	1981	Falcon
ckongpt2jeu	Platform	2	vertical	ckongpt2	Crazy Kong Part II (Jeutel bootleg)	1981	bootleg (Jeutel)
ckongpt2ss	Platform	2	vertical	ckongpt2	Crazy Kong (SegaSA / Sonic bootleg)	1982	bootleg (SegaSA / Sonic)
ckongs	Platform	2	vertical	ckong	Crazy Kong (bootleg on Scramble hardware)	1981	bootleg
clapapa	Maze	2	vertical		Rootin' Tootin' / La-Pa-Pa (DECO Cassette) (US)	1983	Data East Corporation
clapapa2	Maze	2	vertical	clapapa	Rootin' Tootin' (DECO Cassette) (US)	1983	Data East Corporation
claypign	Shooter	2	horizontal		Clay Pigeon (version 2.0)	1986	Exidy
clbowl	Sports	2	vertical	capbowl	Coors Light Bowling	1989	Incredible Technologies / Capcom
cleopatr	Puzzle	2	horizontal		Cleopatra Fortune (Ver 2.1J 1996/09/05)	1996	Taito Corporation
cleopatro	Puzzle	2	horizontal	cleopatr	Cleopatra Fortune (Ver 2.1O 1996/09/05, bootleg)	1996	bootleg
cloak	Action	2	horizontal		Cloak & Dagger (rev 5)	1983	Atari
cloakfr	Action	2	horizontal	cloak	Cloak & Dagger (French)	1983	Atari
cloakgr	Action	2	horizontal	cloak	Cloak & Dagger (German)	1983	Atari
cloaksp	Action	2	horizontal	cloak	Cloak & Dagger (Spanish)	1983	Atari
clocknch	Maze	2	vertical		Lock'n'Chase (DECO Cassette) (US)	1981	Data East Corporation
clocknchj	Maze	2	vertical	clocknch	Lock'n'Chase (DECO Cassette) (Japan)	1981	Data East Corporation
cloud9	Vertical shooter / Action	2	horizontal		Cloud 9 (prototype)	1983	Atari
clshroad	Racing	2	horizontal		Clash-Road	1986	Woodplace Inc.
clshroadd	Racing	2	horizontal	clshroad	Clash-Road (Data East license)	1986	Woodplace Inc. (Data East license)
clshroads	Racing	2	horizontal	clshroad	Clash-Road (Status license)	1986	Woodplace Inc. (Status Game Corp. license)
cltchitr	Sports	2	horizontal		Clutch Hitter (US) (FD1094 317-0176)	1991	Sega
cltchitrd	Sports	2	horizontal	cltchitr	Clutch Hitter (US) (bootleg of FD1094 317-0176 set)	1991	bootleg
cltchitrj	Sports	2	horizontal	cltchitr	Clutch Hitter (Japan) (FD1094 317-0175)	1991	Sega
cltchitrjd	Sports	2	horizontal	cltchitr	Clutch Hitter (Japan) (bootleg of FD1094 317-0175 set)	1991	bootleg
clubpacm	Maze / Action	2	vertical		Pacman Club / Club Lambada (Argentina)	1989	hack (Miky SRL)
cluckypo	Casino	2	vertical		Lucky Poker (DECO Cassette) (US)	1981	Data East Corporation
cmanhat	Action	2	vertical		Manhattan (DECO Cassette) (Japan)	1981	Data East Corporation
cmissnx	Vertical shooter	2	vertical		Mission-X (DECO Cassette) (US)	1982	Data East Corporation
cnbe	Vertical shooter	2	horizontal		Codename - Blut Engel (HB, ver. 20060119)	2006	blastar@gmx.net
cnbe2018	Vertical shooter	2	horizontal	cnbe	Codename - Blut Engel (HB, ver. 20180905)	2018	blastar@gmx.net
cndi	Misc	1	horizontal		Chip n Dale (FMV Demo)	2009	Sergi
cnebula	Vertical shooter	2	vertical		Nebula (DECO Cassette) (UK)	1981	Data East Corporation
cnightst	Vertical shooter	2	vertical		Night Star (DECO Cassette) (US) (set 1)	1983	Data East Corporation
cnightst2	Vertical shooter	2	vertical	cnightst	Night Star (DECO Cassette) (US) (set 2)	1983	Data East Corporation
cninja	Platform / Run & gun	2	horizontal		Caveman Ninja (World ver 4)	1991	Data East Corporation
cninja1	Platform / Run & gun	2	horizontal	cninja	Caveman Ninja (World ver 1)	1991	Data East Corporation
cninjaa	Platform / Run & gun	2	horizontal	cninja	Caveman Ninja (alternate)	1991	Data East Corporation
cninjabl	Platform / Run & gun	2	horizontal	cninja	Caveman Ninja (bootleg)	1991	bootleg
cninjau	Platform / Run & gun	2	horizontal	cninja	Caveman Ninja (US ver 4)	1991	Data East Corporation
cobracom	Horizontal shooter	2	horizontal		Cobra-Command (World/US revision 5)	1988	Data East Corporation
cobracoma	Horizontal shooter	2	horizontal	cobracom	Cobra-Command (World/US revision 4)	1988	Data East Corporation
cobracomb	Horizontal shooter	2	horizontal	cobracom	Cobra-Command (World/US)	1988	Data East Corporation
cobracomib	Horizontal shooter	2	horizontal	cobracom	Cobra-Command (Italian bootleg)	1988	bootleg
cobracomj	Horizontal shooter	2	horizontal	cobracom	Cobra-Command (Japan)	1988	Data East Corporation
cobracomja	Horizontal shooter	2	horizontal	cobracom	Cobra-Command (Japan?, set 2)	1988	Data East Corporation
cobracomjb	Horizontal shooter	2	horizontal	cobracom	Cobra-Command (Japan, bootleg)	1988	bootleg
cocean1a	Casino	2	vertical		Ocean to Ocean (Medal) (DECO Cassette MD) (No.10/Ver.1,Japan)	1981	Data East Corporation
cocean6b	Casino	2	vertical	cocean1a	Ocean to Ocean (Medal) (DECO Cassette MD) (No.10/Ver.6,US)	1981	Data East Corporation
colision	Racing	2	horizontal	headon	Colision (bootleg of Head On)	1979	bootleg (ASSA)
colony7	Shooter	2	vertical		Colony 7 (set 1)	1981	Taito
colony7a	Shooter	2	vertical	colony7	Colony 7 (set 2)	1981	Taito
colt	Shooter	2	horizontal	nycaptor	Colt (bootleg of N.Y. Captor)	1986	bootleg
column2j	Puzzle	2	horizontal	columns2	Columns II: The Voyage Through Time (Japan)	1990	Sega
columns	Puzzle	2	horizontal		Columns (World)	1990	Sega
columns2	Puzzle	2	horizontal		Columns II: The Voyage Through Time (World)	1990	Sega
columnsj	Puzzle	2	horizontal	columns	Columns (Japan)	1990	Sega
columnsn	Puzzle	2	horizontal		Columns - Neo Geo (HB)	20??	homebrew
columnsu	Puzzle	2	horizontal	columns	Columns (US, cocktail, Rev A)	1990	Sega
combat	Shooter	1	horizontal		Combat (version 3.0)	1985	Exidy
combatsc	Shooter	2	horizontal		Combat School (joystick)	1988	Konami
combh	Shooter	3	vertical		Combat Hawk	1987	Sanritsu / Sega
commando	Run & gun	2	vertical		Commando (World)	1985	Capcom
commandob	Run & gun	2	vertical	commando	Commando (bootleg set 1)	1985	bootleg
commandob2	Run & gun	2	vertical	commando	Commando (bootleg set 2)	1985	bootleg
commandob3	Run & gun	2	vertical	commando	Commando (bootleg set 3)	1985	bootleg
commandoj	Run & gun	2	vertical	commando	Senjou no Ookami (Japan)	1985	Capcom
commandou	Run & gun	2	vertical	commando	Commando (US set 1)	1985	Capcom (Data East USA license)
commandou2	Run & gun	2	vertical	commando	Commando (US set 2)	1985	Capcom (Data East USA license)
commandw	Strategy	2	horizontal		Command War - Super Special Battle & War Game (Ver 0.0J, prototype)	1992	Taito Corporation
commsega	Shooter	2	vertical		Commando (Sega)	1983	Sega
comotion	Maze	2	horizontal		CoMotion	1976	Gremlin
comotionp	Maze	2	horizontal	comotion	CoMotion (patent)	1976	Gremlin
compgolf	Sports	2	horizontal		Competition Golf Final Round (World?, revision 3)	1986	Data East Corporation
compgolfo	Sports	2	horizontal	compgolf	Competition Golf Final Round (Japan, old version)	1985	Data East Corporation
complexx	Platform	2	vertical		Complex X	1984	Taito America Corporation
condor	Shooter	2	vertical	phoenix	Condor (Sidam bootleg of Phoenix)	1981	bootleg (Sidam)
condorbem	Shooter	2	vertical	phoenix	Condor (BEM Mi Italy bootleg of Phoenix)	1981	bootleg (BEM Mi Italy)
condorn	Shooter	2	vertical	phoenix	Condor (S C Novar bootleg of Phoenix)	1981	bootleg (S C Novar)
condorva	Shooter	2	vertical	phoenix	Condor (Valadon Automation bootleg of Phoenix)	1980	bootleg (Valadon Automation)
congo	Platform	2	vertical		Congo Bongo (Rev C, 2 board stack)	1983	Sega
congoa	Platform	2	vertical	congo	Congo Bongo (Rev C, 3 board stack)	1983	Sega
contcirc	Racing	2	horizontal		Continental Circus (World)	1987	Taito Corporation Japan
contcircj	Racing	2	horizontal	contcirc	Continental Circus (Japan)	1987	Taito Corporation
contcircu	Racing	2	horizontal	contcirc	Continental Circus (US set 1)	1987	Taito America Corporation
contcircua	Racing	2	horizontal	contcirc	Continental Circus (US set 2)	1987	Taito America Corporation
contra	Run & gun	2	vertical		Contra (US / Asia, set 1)	1987	Konami
contra1	Run & gun	2	vertical	contra	Contra (US / Asia, set 2)	1987	Konami
contrab	Run & gun	2	vertical	contra	Contra (bootleg)	1987	bootleg
contrabj	Run & gun	2	vertical	contra	Contra (Japan bootleg, set 1)	1987	bootleg
contrabj1	Run & gun	2	vertical	contra	Contra (Japan bootleg, set 2)	1987	bootleg
contrae	Run & gun	2	vertical	contra	Contra (US / Asia, set 3)	1987	Konami
contraj	Run & gun	2	vertical	contra	Contra (Japan, set 1)	1987	Konami
contraj1	Run & gun	2	vertical	contra	Contra (Japan, set 2)	1987	Konami
cookbib	Puzzle	2	horizontal		Cookie & Bibi (set 1)	1995	SemiCom
cookbib2	Puzzle	2	horizontal		Cookie & Bibi 2 (English, set 1)	1996	SemiCom
cookbib2a	Puzzle	2	horizontal	cookbib2	Cookie & Bibi 2 (English, set 2)	1996	SemiCom
cookbib2b	Puzzle	2	horizontal	cookbib2	Cookie & Bibi 2 (English, set 3)	1996	SemiCom
cookbib2c	Puzzle	2	horizontal	cookbib2	Cookie & Bibi 2 (English / Korean)	1996	SemiCom
cookbib3	Puzzle	2	horizontal		Cookie & Bibi 3	1997	SemiCom
cookbiba	Puzzle	2	horizontal	cookbib	Cookie & Bibi (set 2)	1995	SemiCom
coolmini	Mini-games	2	horizontal		Cool Minigame Collection	1999	SemiCom
coolminii	Mini-games	2	horizontal	coolmini	Cool Minigame Collection (Italy)	1999	SemiCom
coozumou	Fighting	2	vertical		Oozumou - The Grand Sumo (DECO Cassette) (Japan)	1984	Data East Corporation
cop01	Platform	2	horizontal		Cop 01 (set 1)	1985	Nichibutsu
cop01a	Platform	2	horizontal	cop01	Cop 01 (set 2)	1985	Nichibutsu
copsnrob	Shooter	4	horizontal		Cops'n Robbers	1976	Atari
cosmccop	Horizontal shooter	2	horizontal		Cosmic Cop (World)	1991	Irem
cosmogng	Shooter	2	vertical		Cosmo Gang the Video (US)	1991	Namco
cotton	Horizontal shooter	2	horizontal		Cotton (set 4, World) (FD1094 317-0181a)	1991	Success / Sega
cottond	Horizontal shooter	2	horizontal	cotton	Cotton (set 4, World) (bootleg of FD1094 317-0181a set)	1991	bootleg
cottong	Puzzle	2	vertical	locomotn	Cotocoto Cottong	1982	bootleg
cottonj	Horizontal shooter	2	horizontal	cotton	Cotton (set 2, Japan, Rev B) (FD1094 317-0179b)	1991	Success / Sega
cottonja	Horizontal shooter	2	horizontal	cotton	Cotton (set 1, Japan, Rev A) (FD1094 317-0179a)	1991	Success / Sega
cottonjad	Horizontal shooter	2	horizontal	cotton	Cotton (set 1, Japan, Rev A) (bootleg of FD1094 317-0179a set)	1991	bootleg
cottonjd	Horizontal shooter	2	horizontal	cotton	Cotton (set 2, Japan, Rev B) (bootleg of FD1094 317-0179b set)	1991	bootleg
cottonu	Horizontal shooter	2	horizontal	cotton	Cotton (set 3, US) (FD1094 317-0180)	1991	Success / Sega
cottonud	Horizontal shooter	2	horizontal	cotton	Cotton (set 3, US) (bootleg of FD1094 317-0180 set)	1991	bootleg
countrunb	Racing	2	horizontal	countrun	Counter Run (bootleg set 1)	1988	bootleg
cphd	Action	2	horizontal		Crouching Poney Hidden Dragon (HB, Demo)	2013	Le Cortex
cppicf	Platform	2	vertical		Peter Pepper's Ice Cream Factory (DECO Cassette) (US) (set 1)	1984	Data East Corporation
cppicf2	Platform	2	vertical	cppicf	Peter Pepper's Ice Cream Factory (DECO Cassette) (US) (set 2)	1984	Data East Corporation
cprobowl	Sports	2	vertical		Pro Bowling (DECO Cassette) (US)	1983	Data East Corporation
cprogolf	Sports	2	vertical		Tournament Pro Golf (DECO Cassette) (US)	1981	Data East Corporation
cprogolf18	Sports	2	vertical	cprogolf	18 Challenge Pro Golf (DECO Cassette) (Japan)	1982	Data East Corporation
cprogolfj	Sports	2	vertical	cprogolf	Tournament Pro Golf (DECO Cassette) (Japan)	1981	Data East Corporation
cps1demo	Misc	2	horizontal		Chaos Demo (CPS-1)	2000	Chaos
cps1frog	Action	2	horizontal		Frog Feast (CPS-1)	2006	Rastersoft (Homebrew)
cpsoccer	Football	2	vertical		Pro Soccer (DECO Cassette) (US)	1983	Data East Corporation
cpsoccerj	Football	2	vertical	cpsoccer	Pro Soccer (DECO Cassette) (Japan)	1983	Data East Corporation
cptennis	Sports	2	vertical		Pro Tennis (DECO Cassette) (US)	1982	Data East Corporation
cptennisj	Sports	2	vertical	cptennis	Pro Tennis (DECO Cassette) (Japan)	1982	Data East Corporation
cracksht	Shooter	2	horizontal		Crackshot (version 2.0)	1985	Exidy
crash	Action	2	horizontal		Crash (set 1)	1979	Exidy
crasha	Action	2	horizontal	crash	Crash (set 2)	1979	Exidy
crashh	Maze / Action	2	vertical		Crash (Pac-Man)	2002	hack
crazyblk	Maze	2	vertical	mrjong	Crazy Blocks	1983	Kiwako (ECI license)
crazycop	Run & gun	2	vertical	gbusters	Crazy Cop (Japan)	1988	Konami
crazyfgt	Shooter	2	horizontal		Crazy Fight	1996	Subsino
crazywar	Shooter / Maze	2	horizontal		Crazy War	2002	Eolith
crbaloon	Maze / Action	2	vertical		Crazy Balloon (set 1)	1980	Taito Corporation
crbaloon2	Maze / Action	2	vertical	crbaloon	Crazy Balloon (set 2)	1980	Taito Corporation
crimec	Run & gun	2	horizontal		Crime City (World)	1989	Taito Corporation Japan
crimecj	Run & gun	2	horizontal	crimec	Crime City (Japan)	1989	Taito Corporation
crimecu	Run & gun	2	horizontal	crimec	Crime City (US)	1989	Taito America Corporation
crimfght	Beat 'em up	4	horizontal		Crime Fighters (World 2 players)	1989	Konami
crimfghtj	Beat 'em up	2	horizontal	crimfght	Crime Fighters (Japan 2 Players)	1989	Konami
crimfghtu	Beat 'em up	2	horizontal	crimfght	Crime Fighters (US 4 Players)	1989	Konami
crkdown	Maze / Run & gun	2	horizontal		Crack Down (World, Floppy Based, FD1094 317-0058-04c)	1989	Sega
crkdownj	Maze / Run & gun	2	horizontal	crkdown	Crack Down (Japan, Floppy Based, FD1094 317-0058-04b Rev A)	1989	Sega
crkdownu	Maze / Run & gun	2	horizontal	crkdown	Crack Down (US, Floppy Based, FD1094 317-0058-04d)	1989	Sega
crockman	Maze / Action	2	vertical	puckman	Crock-Man	1980	bootleg (Rene Pierre)
crockmnf	Maze / Action	2	vertical	puckman	Crock-Man (Marti Colls bootleg of Rene Pierre Crock-Man)	1980	bootleg (Marti Colls)
croquis	Puzzle	2	horizontal		Croquis (Korea)	1996	Deniam
croquisg	Puzzle	2	horizontal	croquis	Croquis (Germany)	1996	Deniam
crospang	Puzzle	2	horizontal		Cross Pang	1998	F2 System
crossbld	Beat 'em up	2	horizontal	bmaster	Cross Blades! (Japan)	1991	Irem
crossbow	Shooter	1	horizontal		Crossbow (version 2.0)	1983	Exidy
crshrace	Racing	2	vertical		Lethal Crash Race / Bakuretsu Crash Race (set 1)	1993	Video System Co.
crshrace2	Racing	2	vertical	crshrace	Lethal Crash Race / Bakuretsu Crash Race (set 2)	1993	Video System Co.
crshrace2a	Racing	2	vertical	crshrace	Lethal Crash Race / Bakuretsu Crash Race (set 2, alternate sound ROM)	1993	Video System Co.
crswd2bl	Beat 'em up	2	horizontal		Crossed Swords 2 (bootleg of CD version)	1996	bootleg (Razoola)
crswd2blp	Beat 'em up	2	horizontal	crswd2bl	Crossed Swords 2 (bootleg of CD version, full CD audio v2)	2026	bootleg (pierpa86)
crsword	Beat 'em up	2	horizontal		Crossed Swords (ALM-002 ~ ALH-002)	1991	Alpha Denshi Co.
cruisin	Platform / Action	2	horizontal	citycon	Cruisin	1985	Jaleco (Kitkorp license)
crush	Maze / Action / Action	2	vertical		Crush Roller (set 1)	1981	Alpha Denshi Co. / Kural Samno Electric, Ltd.
crush2	Maze / Action	2	vertical	crush	Crush Roller (set 2)	1981	Alpha Denshi Co. / Kural Esco Electric, Ltd.
crush4	Maze / Action	2	vertical	crush	Crush Roller (set 4)	1981	Alpha Denshi Co. / Kural Electric, Ltd.
crush5	Maze / Action	2	vertical	crush	Crush Roller (set 5)	1981	Alpha Denshi Co. / Kural TWT
crushbl	Maze / Action	2	vertical	crush	Crush Roller (bootleg, set 1)	1981	bootleg
crushbl2	Maze / Action	2	vertical	crush	Crush Roller (bootleg, set 2)	1981	bootleg
crushbl3	Maze / Action	2	vertical	crush	Crush Roller (bootleg, set 3)	1981	bootleg
crusherm	Mini-games	2	horizontal		Crusher Makochan (Japan)	1999	Takumi
crushrlf	Maze / Action	2	vertical	crush	Crush Roller (Famare SA PCB)	1981	bootleg
crushs	Maze / Action	2	vertical	crush	Crush Roller (bootleg, set 4)	1981	bootleg (Sidam)
crzrally	Racing	2	vertical		Crazy Rally (set 1)	1985	Tecfri
crzrallya	Racing	2	vertical	crzrally	Crazy Rally (set 2)	1985	Tecfri
crzrallyg	Racing	2	vertical	crzrally	Crazy Rally (Gecas license)	1985	Tecfri (Gecas license)
crzrallyrf	Racing	2	vertical	crzrally	Crazy Rally (Recreativos Franco license)	1985	Tecfri (Recreativos Franco license)
csclub	Sports	2	horizontal		Capcom Sports Club (Europe 971017)	1997	Capcom
csclub1	Sports	2	horizontal	csclub	Capcom Sports Club (Europe 970722)	1997	Capcom
csclub1d	Sports	2	horizontal	csclub	Capcom Sports Club (Europe 970722 Phoenix Edition) (bootleg)	1997	bootleg
cscluba	Sports	2	horizontal	csclub	Capcom Sports Club (Asia 970722)	1997	Capcom
csclubh	Sports	2	horizontal	csclub	Capcom Sports Club (Hispanic 970722)	1997	Capcom
csclubj	Sports	2	horizontal	csclub	Capcom Sports Club (Japan 970722)	1997	Capcom
csclubjy	Sports	2	horizontal	csclub	Capcom Sports Club (Japan 970722, yellow case)	1997	Capcom
cscrtry	Sports	2	vertical		Scrum Try (DECO Cassette) (US) (set 1)	1984	Data East Corporation
cscrtry2	Sports	2	vertical	cscrtry	Scrum Try (DECO Cassette) (US) (set 2)	1984	Data East Corporation
csdtenis	Sports	2	vertical		Super Doubles Tennis (DECO Cassette) (Japan)	1983	Data East Corporation
csilver	Beat 'em up	2	horizontal		Captain Silver (World)	1987	Data East Corporation
csilverj	Beat 'em up	2	horizontal	csilver	Captain Silver (Japan, revision 2)	1987	Data East Corporation
csilverja	Beat 'em up	2	horizontal	csilver	Captain Silver (Japan, revision 1)	1987	Data East Corporation
cskater	Action	2	vertical		Skater (DECO Cassette) (Japan)	1983	Data East Corporation
csprint	Racing	2	horizontal		Championship Sprint (rev 3)	1986	Atari Games
csprint1	Racing	2	horizontal	csprint	Championship Sprint (rev 1)	1986	Atari Games
csprint2	Racing	2	horizontal	csprint	Championship Sprint (rev 2)	1986	Atari Games
csprintf	Racing	2	horizontal	csprint	Championship Sprint (French)	1986	Atari Games
csprintg	Racing	2	horizontal	csprint	Championship Sprint (German, rev 2)	1986	Atari Games
csprintg1	Racing	2	horizontal	csprint	Championship Sprint (German, rev 1)	1986	Atari Games
csprints	Racing	2	horizontal	csprint	Championship Sprint (Spanish, rev 2)	1986	Atari Games
csprints1	Racing	2	horizontal	csprint	Championship Sprint (Spanish, rev 1)	1986	Atari Games
csuperas	Vertical shooter	2	vertical		Super Astro Fighter (DECO Cassette) (US)	1981	Data East Corporation
csweetht	Action	2	vertical	cdiscon1	Sweet Heart (DECO Cassette) (US)	1982	Data East Corporation
ct2k3sa	Fighting	2	horizontal	kof2001	Crouching Tiger Hidden Dragon 2003 Super Plus (hack of The King of Fighters 2001, alternate)	2003	bootleg (Phenixsoft)
ct2k3sp	Fighting	2	horizontal	kof2001	Crouching Tiger Hidden Dragon 2003 Super Plus (hack of The King of Fighters 2001)	2003	bootleg (Phenixsoft)
cterrani	Vertical shooter	2	vertical		Terranean (DECO Cassette) (US)	1981	Data East Corporation
cthd2003	Fighting	2	horizontal	kof2001	Crouching Tiger Hidden Dragon 2003 (hack of The King of Fighters 2001)	2003	bootleg (Phenixsoft)
cthd2k3a	Fighting	2	horizontal	kof2001	Crouching Tiger Hidden Dragon 2003 (The King of Fighters 2001 bootleg, set 2)	2003	bootleg
ctisland	Platform	2	vertical		Treasure Island (DECO Cassette) (US) (set 1)	1981	Data East Corporation
ctisland2	Platform	2	vertical	ctisland	Treasure Island (DECO Cassette) (US) (set 2)	1981	Data East Corporation
ctisland3	Platform	2	vertical	ctisland	Treasure Island (DECO Cassette) (Europe?)	1981	Data East Corporation
ctomaday	Vertical shooter	2	horizontal		Captain Tomaday	1999	Visco
ctornado	Shooter	2	vertical		Tornado (DECO Cassette) (US)	1982	Data East Corporation
ctower	Platform	2	vertical		The Tower (DECO Cassette) (Europe)	1981	Data East Corporation
ctribe	Beat 'em up	3	horizontal		The Combatribes (US, rev 2, set 1)	1990	Technos Japan
ctribeb	Beat 'em up	3	horizontal	ctribe	The Combatribes (bootleg set 1)	1990	bootleg
ctribeb2	Beat 'em up	3	horizontal	ctribe	The Combatribes (bootleg set 2)	1990	bootleg
ctribej	Beat 'em up	3	horizontal	ctribe	The Combatribes (Japan, rev 2)	1990	Technos Japan
ctribeu1	Beat 'em up	3	horizontal	ctribe	The Combatribes (US, rev 1)	1990	Technos Japan
ctribeua	Beat 'em up	3	horizontal	ctribe	The Combatribes (US, rev 2, set 2)	1990	Technos Japan
ctrpllrp	Maze / Action	2	vertical	puckman	Caterpillar Pacman Hack	1982	hack
ctsttape	Misc	2	vertical		Test Tape (DECO Cassette) (US)	1981	Data East Corporation
cubybop	Breakout	2	horizontal		Cuby Bop (location test)	199?	Hot-B Co., Ltd.
cuebrick	Puzzle	2	horizontal		Cue Brick (World, version D)	1989	Konami
cuebrickj	Puzzle	2	horizontal	cuebrick	Cue Brick (Japan)	1989	Konami
cultures	Mahjong	2	horizontal		Jibun wo Migaku Culture School Mahjong Hen	1994	Face
cupfinal	Football	2	horizontal		Taito Cup Finals (Ver 1.0O 1993/02/28)	1993	Taito Corporation Japan
curvebal	Sports	2	vertical		Curve Ball	1984	Mylstar
cutefght	Fighting	2	horizontal		Cute Fighter	1998	SemiCom
cutieq	Breakout	2	vertical		Cutie Q	1979	Namco
cworld	Quiz	2	horizontal		Capcom World (Japan)	1989	Capcom
cworld2j	Puzzle	2	horizontal		Adventure Quiz Capcom World 2 (Japan 920611)	1992	Capcom
cworld2ja	Puzzle	2	horizontal	cworld2j	Adventure Quiz Capcom World 2 (Japan 920611, B-Board 90629B-3, no battery)	1992	Capcom
cworld2jb	Puzzle	2	horizontal	cworld2j	Adventure Quiz Capcom World 2 (Japan 920611, B-Board 91634B-2)	1992	Capcom
cybattlr	Vertical shooter	2	vertical		Cybattler	1993	Jaleco
cyberlip	Run & gun	2	horizontal		Cyber-Lip (NGM-010)	1990	SNK
cybertnk	Shooter	2	horizontal		Cyber Tank (v1.4)	1988	Coreland
cyborgforce	Run & gun / Platform	2	horizontal		Cyborg Force (HB)	2023	Neo Byte Force
cybots	Fighting	2	horizontal		Cyberbots: Fullmetal Madness (Europe 950424)	1995	Capcom
cybotsam	Fighting	2	horizontal	cybots	Cyberbots: Fullmetal Madness (Access Mod, Hack)	2022	Kyle_W
cybotsj	Fighting	2	horizontal	cybots	Cyberbots: Fullmetal Madness (Japan 950420)	1995	Capcom
cybotsjd	Fighting	2	horizontal	cybots	Cyberbots: Fullmetal Madness (Japan 950424) (decrypted bootleg)	1995	bootleg
cybotsu	Fighting	2	horizontal	cybots	Cyberbots: Fullmetal Madness (USA 950424)	1995	Capcom
cybotsud	Fighting	2	horizontal	cybots	Cyberbots: Fullmetal Madness (USA 950424 Phoenix Edition) (bootleg)	1995	bootleg
cyclemb	Action	2	horizontal		Cycle Maabou (Japan)	1984	Taito Corporation
cyvern	Vertical shooter	2	vertical		Cyvern - The Dragon Weapons (US)	1998	Kaneko
cyvernj	Vertical shooter	2	vertical	cyvern	Cyvern - The Dragon Weapons (Japan)	1998	Kaneko
czeroize	Action	2	vertical		Zeroize (DECO Cassette) (US)	1983	Data East Corporation
dacholer	Action	2	horizontal		Dacholer	1983	Nichibutsu
dadandrn	Beat 'em up	2	horizontal	mmaulers	Kyukyoku Sentai Dadandarn (ver JAA)	1993	Konami
daikaiju	Run & gun	2	vertical		Daikaiju no Gyakushu (rev 1)	1986	Taito
daimakai	Run & gun	2	horizontal	ghouls	Daimakaimura (Japan)	1988	Capcom
daimakaib	Run & gun	2	horizontal	ghouls	Daimakaimura (bootleg)	1988	Capcom
daimakaiknight	Run & gun	2	horizontal	ghouls	Daimakaimura - Knight Artoria Edition (Japan)	2026	hack (GoodLuckTrying)
daimakaimaiden	Run & gun	2	horizontal	ghouls	Daimakaimura - Maiden Artoria Edition (Japan)	2026	hack (GoodLuckTrying)
daimakair	Run & gun	2	horizontal	ghouls	Daimakaimura (Japan Resale Ver.)	1988	Capcom
daioh	Vertical shooter	2	vertical		Daioh	1993	Athena
daioha	Vertical shooter	2	vertical	daioh	Daioh (earlier)	1993	Athena
daiohc	Vertical shooter	2	vertical	daioh	Daioh (93111A PCB conversion)	1993	Athena
daiohp	Vertical shooter	2	vertical	daioh	Daioh (prototype)	1993	Athena
daiohp2	Vertical shooter	2	vertical	daioh	Daioh (prototype, earlier)	1993	Athena
dairesya	Run & gun	2	horizontal	ironhors	Dai Ressya Goutou (Japan, version K)	1986	Konami (Kawakusu license)
daisenpu	Vertical shooter	2	vertical	twinhawk	Daisenpu (Japan)	1989	Taito Corporation
daitorid	Puzzle	2	horizontal		Daitoride	1995	Metro
daitorida	Puzzle	2	horizontal	daitorid	Daitoride (YMF278B version)	1996	Metro
dambustr	Horizontal shooter	2	vertical		Dambusters (US, set 1)	1981	South West Research
dambustra	Horizontal shooter	2	vertical	dambustr	Dambusters (US, set 2)	1981	South West Research
dambustruk	Horizontal shooter	2	vertical	dambustr	Dambusters (UK)	1981	South West Research
dangar	Vertical shooter	2	vertical		Ufo Robo Dangar (4/09/1987)	1986	Nichibutsu
dangara	Vertical shooter	2	vertical	dangar	Ufo Robo Dangar (12/1/1986)	1986	Nichibutsu
dangarb	Vertical shooter	2	vertical	dangar	Ufo Robo Dangar (9/26/1986, bootleg set 1)	1986	bootleg
dangarbt	Vertical shooter	2	vertical	dangar	Ufo Robo Dangar (9/26/1986, bootleg set 2)	1986	bootleg
dangseed	Vertical shooter	2	vertical		Dangerous Seed (Japan)	1989	Namco
dankuga	Fighting	2	horizontal		Dan-Ku-Ga (Ver 0.0J 1994/12/13, prototype)	1994	Taito Corporation
daraku	Fighting	2	horizontal		The Fallen Angels (World) / Daraku Tenshi: The Fallen Angels (Japan)	1998	Psikyo
darius	Horizontal shooter	2	horizontal		Darius (World, rev 2)	1986	Taito Corporation Japan
darius2	Horizontal shooter	2	horizontal		Darius II (triple screen) (Japan, rev 1)	1989	Taito Corporation
darius2d	Horizontal shooter	2	horizontal	darius2	Darius II (dual screen) (Japan, Rev 2)	1989	Taito Corporation
darius2do	Horizontal shooter	2	horizontal	darius2	Darius II (dual screen) (Japan, Rev 1)	1989	Taito Corporation
dariuse	Horizontal shooter	2	horizontal	darius	Darius Extra Version (Japan)	1986	Taito Corporation
dariusg	Horizontal shooter	2	horizontal		Darius Gaiden - Silver Hawk (Ver 2.5O 1994/09/19)	1994	Taito Corporation Japan
dariusgj	Horizontal shooter	2	horizontal	dariusg	Darius Gaiden - Silver Hawk (Ver 2.5J 1994/09/19)	1994	Taito Corporation
dariusgu	Horizontal shooter	2	horizontal	dariusg	Darius Gaiden - Silver Hawk (Ver 2.5A 1994/09/19)	1994	Taito America Corporation
dariusgx	Horizontal shooter	2	horizontal		Darius Gaiden - Silver Hawk Extra Version (Ver 2.7J 1995/03/06) (Official Hack)	1994	Taito Corporation
dariusj	Horizontal shooter	2	horizontal	darius	Darius (Japan, rev 1)	1986	Taito Corporation
dariuso	Horizontal shooter	2	horizontal	darius	Darius (Japan)	1986	Taito Corporation
dariusu	Horizontal shooter	2	horizontal	darius	Darius (US, rev 2)	1986	Taito America Corporation
darkadv	Maze / Run & gun	3	horizontal	devilw	Dark Adventure	1987	Konami
darkedge	Fighting	2	horizontal		Dark Edge (World)	1992	Sega
darkedgej	Fighting	2	horizontal	darkedge	Dark Edge (Japan)	1992	Sega
darkmist	Maze / Run & gun	2	vertical		The Lost Castle In Darkmist	1986	Seibu Kaihatsu (Taito license)
darkplnt	Shooter	2	horizontal		Dark Planet	1982	Stern Electronics
darkseal	Maze / Beat 'em up	2	horizontal		Dark Seal (World revision 3)	1990	Data East Corporation
darkseal1	Maze / Beat 'em up	2	horizontal	darkseal	Dark Seal (World revision 1)	1990	Data East Corporation
darkseal2	Beat 'em up	2	horizontal	wizdfire	Dark Seal 2 (Japan v2.1)	1992	Data East Corporation
darksealj	Maze / Beat 'em up	2	horizontal	darkseal	Dark Seal (Japan revision 4)	1990	Data East Corporation
darktowr	Platform	2	horizontal		Dark Tower	1992	The Game Room
darwin	Vertical shooter	2	vertical		Darwin 4078 (Japan)	1986	Data East Corporation
dassault	Run & gun	2	horizontal	thndzone	Desert Assault (US)	1991	Data East Corporation
dassault4	Run & gun	4	horizontal	thndzone	Desert Assault (US 4 Players)	1991	Data East Corporation
dblaxle	Racing	2	horizontal		Double Axle (US, Rev 1, set 1)	1991	Taito America Corporation
dblaxleu	Racing	2	horizontal	dblaxle	Double Axle (US)	1991	Taito America Corporation
dblaxleua	Racing	2	horizontal	dblaxle	Double Axle (US, Rev 1, set 2)	1991	Taito America Corporation
dblaxleul	Racing	2	horizontal	dblaxle	Double Axle (US, Rev 1, Linkable)	1991	Taito America Corporation
dbldynj	Shooter	2	horizontal		The Double Dynamites (Japan, 13NOV89)	1989	Seibu Kaihatsu
dbldynu	Shooter	2	horizontal	dbldynj	The Double Dynamites (US, 13NOV89)	1989	Seibu Kaihatsu (Fabtek license)
dblewing	Vertical shooter	2	vertical		Double Wings (set 1)	1993	Mitchell
dblewinga	Vertical shooter	2	vertical	dblewing	Double Wings (set 2)	1993	Mitchell
dblewingb	Vertical shooter	2	vertical	dblewing	Double Wings (Asia)	1994	Mitchell
dblpoint	Puzzle	2	horizontal		Double Point	1995	Min Corp.
dblpointd	Puzzle	2	horizontal	dblpoint	Double Point (Dong Bang Electron, bootleg?)	1995	bootleg? (Dong Bang Electron)
dbreed	Horizontal shooter	2	horizontal		Dragon Breed (World, M81 hardware)	1989	Irem
dbreedjm72	Horizontal shooter	2	horizontal	dbreed	Dragon Breed (Japan, M72 hardware)	1989	Irem
dbreedm72	Horizontal shooter	2	horizontal	dbreed	Dragon Breed (World, M72 hardware)	1989	Irem
dbz	Fighting	2	horizontal		Dragon Ball Z (rev B)	1993	Banpresto
dbz2	Fighting	2	horizontal		Dragon Ball Z 2 - Super Battle	1994	Banpresto
dbza	Fighting	2	horizontal	dbz	Dragon Ball Z (rev A)	1993	Banpresto
dbzvrvs	Fighting	2	horizontal		Dragon Ball Z: V.R. V.S. (Japan, Rev A)	1994	Sega / Banpresto
dcclub	Sports	2	horizontal		Dynamic Country Club (World, ROM Based)	1991	Sega
dcclubfd	Sports	2	horizontal	dcclub	Dynamic Country Club (US, Floppy Based, FD1094 317-0058-09d)	1991	Sega
dcclubj	Sports	2	horizontal	dcclub	Dynamic Country Club (Japan, ROM Based)	1991	Sega
dcon	Shooter	2	horizontal		D-Con	1992	Success
dday	Shooter	2	horizontal		D-Day	1982	Olympia
ddayc	Shooter	2	horizontal	dday	D-Day (Centuri)	1982	Olympia (Centuri license)
ddaydoo	Vertical shooter	2	vertical	lastday	Chulgyeok D-Day (Korea)	1990	Dooyong
ddayjlc	Shooter	2	vertical		D-Day (Jaleco set 1)	1984	Jaleco
ddayjlca	Shooter	2	vertical	ddayjlc	D-Day (Jaleco set 2)	1984	Jaleco
ddcrew	Beat 'em up	3	horizontal		D. D. Crew (World, 3 Players) (FD1094 317-0190)	1991	Sega
ddcrew1	Beat 'em up	4	horizontal	ddcrew	D. D. Crew (World, 4 Players) (FD1094 317-0187)	1991	Sega
ddcrew1d	Beat 'em up	4	horizontal	ddcrew	D. D. Crew (World, 4 Players) (bootleg of FD1094 317-0187 set)	1991	bootleg
ddcrew2	Beat 'em up	2	horizontal	ddcrew	D. D. Crew (World, 2 Players) (FD1094 317-0184)	1991	Sega
ddcrew2d	Beat 'em up	2	horizontal	ddcrew	D. D. Crew (World, 2 Players) (bootleg of FD1094 317-0184 set)	1991	bootleg
ddcrewd	Beat 'em up	3	horizontal	ddcrew	D. D. Crew (World, 3 Players) (bootleg of FD1094 317-0190 set)	1991	bootleg
ddcrewj	Beat 'em up	2	horizontal	ddcrew	D. D. Crew (Japan, 4 Players) (FD1094 317-0185)	1991	Sega
ddcrewj2	Beat 'em up	2	horizontal	ddcrew	D. D. Crew (Japan, 2 Players) (FD1094 317-0182)	1991	Sega
ddcrewj2d	Beat 'em up	2	horizontal	ddcrew	D. D. Crew (Japan, 2 Players) (bootleg of FD1094 317-0182 set)	1991	bootleg
ddcrewjd	Beat 'em up	2	horizontal	ddcrew	D. D. Crew (Japan, 4 Players) (bootleg of FD1094 317-0185 set)	1991	bootleg
ddcrewu	Beat 'em up	4	horizontal	ddcrew	D. D. Crew (US, 4 Players) (FD1094 317-0186)	1991	Sega
ddcrewud	Beat 'em up	4	horizontal	ddcrew	D. D. Crew (US, 4 Players) (bootleg of FD1094 317-0186 set)	1991	bootleg
dderby	Maze / Action	2	vertical		Death Derby	2003	David Widel
ddonpach	Vertical shooter	2	vertical		DoDonPachi (World, 1997 2/ 5 Master Ver.)	1997	Cave (Atlus license)
ddonpacha	Vertical shooter	2	vertical	ddonpach	DoDonPachi (2012/02/12 Arrange Ver. 1.1) (hack)	2012	hack (trap15)
ddonpachj	Vertical shooter	2	vertical	ddonpach	DoDonPachi (Japan, 1997 2/ 5 Master Ver.)	1997	Cave (Atlus license)
ddp2	Vertical shooter	4	vertical		DoDonPachi II - Bee Storm (World, ver. 102)	2001	IGS
ddp2100	Vertical shooter	4	vertical	ddp2	DoDonPachi II - Bee Storm (World, ver. 100)	2001	IGS
ddp2100c	Vertical shooter	4	vertical	ddp2	DoDonPachi - Feng Bao (China, ver. 100)	2001	IGS
ddp2100hk	Vertical shooter	4	vertical	ddp2	DoDonPachi II - Fung Bou (Hong Kong, ver. 100)	2001	IGS
ddp2100j	Vertical shooter	4	vertical	ddp2	DoDonPachi II (Japan, ver. 100)	2001	IGS (Cave license)
ddp2100k	Vertical shooter	4	vertical	ddp2	DoDonPachi II - Bee Storm (Korea, ver. 100)	2001	IGS
ddp2100t	Vertical shooter	4	vertical	ddp2	DoDonPachi - Feng Bao (Taiwan, ver. 100)	2001	IGS
ddp2101	Vertical shooter	4	vertical	ddp2	DoDonPachi II - Bee Storm (World, ver. 101)	2001	IGS
ddp2101c	Vertical shooter	4	vertical	ddp2	DoDonPachi - Feng Bao (China, ver. 101)	2001	IGS
ddp2101hk	Vertical shooter	4	vertical	ddp2	DoDonPachi II - Fung Bou (Hong Kong, ver. 101)	2001	IGS
ddp2101j	Vertical shooter	4	vertical	ddp2	DoDonPachi II (Japan, ver. 101)	2001	IGS (Cave license)
ddp2101k	Vertical shooter	4	vertical	ddp2	DoDonPachi II - Bee Storm (Korea, ver. 101)	2001	IGS
ddp2101t	Vertical shooter	4	vertical	ddp2	DoDonPachi - Feng Bao (Taiwan, ver. 101)	2001	IGS
ddp2c	Vertical shooter	4	vertical	ddp2	DoDonPachi - Feng Bao (China, ver. 102)	2001	IGS
ddp2hk	Vertical shooter	4	vertical	ddp2	DoDonPachi II - Fung Bou (Hong Kong, ver. 102)	2001	IGS
ddp2j	Vertical shooter	4	vertical	ddp2	DoDonPachi II (Japan, ver. 102)	2001	IGS (Cave license)
ddp2k	Vertical shooter	4	vertical	ddp2	DoDonPachi II - Bee Storm (Korea, ver. 102)	2001	IGS
ddp2t	Vertical shooter	4	vertical	ddp2	DoDonPachi - Feng Bao (Taiwan, ver. 102)	2001	IGS
ddp3	Vertical shooter	4	vertical		DoDonPachi III (World, 2002.05.15 Master Ver)	2002	Cave (AMI license)
ddpdfk	Vertical shooter	2	vertical		DoDonPachi Dai-Fukkatsu Ver 1.5 (2008/06/23 MASTER VER 1.5)	2008	Cave (AMI license)
ddpdfk10	Vertical shooter	2	vertical	ddpdfk	DoDonPachi Dai-Fukkatsu Ver 1.0 (2008/05/16 MASTER VER)	2008	Cave (AMI license)
ddpdoj	Vertical shooter	4	vertical	ddp3	DoDonPachi Dai-Ou-Jou (Japan, 2002.04.05.Master Ver, 68k Label V101)	2002	Cave (AMI license)
ddpdoja	Vertical shooter	4	vertical	ddp3	DoDonPachi Dai-Ou-Jou (Japan, 2002.04.05.Master Ver, 68k Label V100)	2002	Cave (AMI license)
ddpdojb	Vertical shooter	4	vertical	ddp3	DoDonPachi Dai-Ou-Jou (Japan, 2002.04.05 Master Ver)	2002	Cave (AMI license)
ddpdojblk	Vertical shooter	4	vertical	ddp3	DoDonPachi Dai-Ou-Jou Black Label (Japan, 2002.10.07.Black Ver, newer)	2002	Cave (AMI license)
ddpdojblka	Vertical shooter	4	vertical	ddp3	DoDonPachi Dai-Ou-Jou Black Label (Japan, 2002.10.07.Black Ver, older)	2002	Cave (AMI license)
ddpdojblkb	Vertical shooter	4	vertical	ddp3	DoDonPachi Dai-Ou-Jou Black Label (Japan, 2002.10.07 Black Ver)	2002	Cave (AMI license)
ddpdojblkbl	Vertical shooter	4	vertical	ddp3	DoDonPachi Dai-Ou-Jou Black Label (Japan, 2002.10.07 Black Ver., bootleg Knights of Valour Super Heroes conversion)	2012	bootleg
ddpdojp	Vertical shooter	2	vertical	ddp3	DoDonPachi Dai-Ou-Jou (Japan, 2002.04.05 Master Ver, location test)	2002	Cave (AMI license)
ddpdojt	Vertical shooter	2	vertical		DoDonPachi Dai-Ou-Jou Tamashii (V201, China)	2010	IGS / Cave (Tong Li Animation license)
ddpdojtd	Vertical shooter	2	vertical	ddpdojt	DoDonPachi Dai-Ou-Jou Tamashii (V201, Decrypted)	2010	IGS / Cave
ddpsdoj	Vertical shooter	2	vertical		DoDonPachi SaiDaiOuJou (2012/ 4/20)	2012	Cave
ddragon	Beat 'em up	2	horizontal		Double Dragon (World set 1)	1987	Technos Japan (Taito license)
ddragon2	Beat 'em up	2	horizontal		Double Dragon II: The Revenge (World)	1988	Technos Japan
ddragon2b2	Beat 'em up	2	horizontal	ddragon2	Double Dragon II: The Revenge (US, bootleg, set 2)	1988	bootleg
ddragon2bl	Beat 'em up	2	horizontal	ddragon2	Double Dragon II: The Revenge (US, bootleg, set 1)	1988	bootleg
ddragon2j	Beat 'em up	2	horizontal	ddragon2	Double Dragon II: The Revenge (Japan)	1988	Technos Japan
ddragon2u	Beat 'em up	2	horizontal	ddragon2	Double Dragon II: The Revenge (US)	1988	Technos Japan
ddragon3	Beat 'em up	3	horizontal		Double Dragon 3: The Rosetta Stone (US)	1990	East Technology / Technos Japan
ddragon3b	Beat 'em up	3	horizontal	ddragon3	Double Dragon 3: The Rosetta Stone (bootleg)	1990	bootleg
ddragon3j	Beat 'em up	3	horizontal	ddragon3	Double Dragon 3: The Rosetta Stone (Japan)	1990	East Technology / Technos Japan
ddragon3p	Beat 'em up	3	horizontal	ddragon3	Double Dragon 3: The Rosetta Stone (prototype)	1990	East Technology / Technos Japan
ddragona	Beat 'em up	2	horizontal	ddragon	Double Dragon (World set 2)	1987	Technos Japan (Taito license)
ddragonbl	Beat 'em up	2	horizontal	ddragon	Double Dragon (bootleg with HD6309)	1987	bootleg
ddragonbl2	Beat 'em up	2	horizontal	ddragon	Double Dragon (bootleg)	1987	bootleg
ddragonbla	Beat 'em up	2	horizontal	ddragon	Double Dragon (bootleg with MC6803)	1987	bootleg
ddragonj	Beat 'em up	2	horizontal	ddragon	Double Dragon (Japan set 1)	1987	Technos Japan
ddragonja	Beat 'em up	2	horizontal	ddragon	Double Dragon (Japan set 2)	1987	Technos Japan
ddragonu	Beat 'em up	2	horizontal	ddragon	Double Dragon (US set 1)	1987	Technos Japan (Taito America license)
ddragonua	Beat 'em up	2	horizontal	ddragon	Double Dragon (US set 2)	1987	Technos Japan (Taito America license)
ddragonub	Beat 'em up	2	horizontal	ddragon	Double Dragon (US set 3)	1987	Technos Japan (Taito America license)
ddream95	Sports	2	horizontal	hoops96	Dunk Dream '95 (Japan 1.4, EAM)	1995	Data East Corporation
ddribble	Sports	2	horizontal		Double Dribble	1986	Konami
ddribblep	Sports	2	horizontal	ddribble	Double Dribble (prototype?)	1986	Konami
ddsom	Beat 'em up	4	horizontal		Dungeons & Dragons: Shadow over Mystara (Europe 960619)	1996	Capcom
ddsom1v4	Beat 'em up	4	horizontal	ddsom	Dungeons & Dragons: Shadow over Mystara (1v4, Hack)	2009	hack
ddsoma	Beat 'em up	4	horizontal	ddsom	Dungeons & Dragons: Shadow over Mystara (Asia 960619)	1996	Capcom
ddsomar1	Beat 'em up	4	horizontal	ddsom	Dungeons & Dragons: Shadow over Mystara (Asia 960208)	1996	Capcom
ddsomb	Beat 'em up	4	horizontal	ddsom	Dungeons & Dragons: Shadow over Mystara (Brazil 960223)	1996	Capcom
ddsomcfs	Beat 'em up	4	horizontal	ddsom	Dungeons & Dragons: Shadow over Mystara (Change the Final Strike condition, Hack)	2009	e107
ddsomh	Beat 'em up	4	horizontal	ddsom	Dungeons & Dragons: Shadow over Mystara (Hispanic 960223)	1996	Capcom
ddsomj	Beat 'em up	4	horizontal	ddsom	Dungeons & Dragons: Shadow over Mystara (Japan 960619)	1996	Capcom
ddsomjc	Beat 'em up	4	horizontal	ddsom	Dungeons & Dragons: Shadow over Mystara (T-Chi)	2015	hack
ddsomjr1	Beat 'em up	4	horizontal	ddsom	Dungeons & Dragons: Shadow over Mystara (Japan 960223)	1996	Capcom
ddsomjr2	Beat 'em up	4	horizontal	ddsom	Dungeons & Dragons: Shadow over Mystara (Japan 960206)	1996	Capcom
ddsomr1	Beat 'em up	4	horizontal	ddsom	Dungeons & Dragons: Shadow over Mystara (Europe 960223)	1996	Capcom
ddsomr2	Beat 'em up	4	horizontal	ddsom	Dungeons & Dragons: Shadow over Mystara (Europe 960209)	1996	Capcom
ddsomr3	Beat 'em up	4	horizontal	ddsom	Dungeons & Dragons: Shadow over Mystara (Europe 960208)	1996	Capcom
ddsomu	Beat 'em up	4	horizontal	ddsom	Dungeons & Dragons: Shadow over Mystara (USA 960619)	1996	Capcom
ddsomud	Beat 'em up	4	horizontal	ddsom	Dungeons & Dragons: Shadow over Mystara (USA 960619 Phoenix Edition) (bootleg)	1996	bootleg
ddsomudp	Beat 'em up	4	horizontal	ddsom	Dungeons & Dragons: Shadow over Mystara (Plus, Hack)	2016	hack
ddsomur1	Beat 'em up	4	horizontal	ddsom	Dungeons & Dragons: Shadow over Mystara (USA 960209)	1996	Capcom
ddtod	Beat 'em up	4	horizontal		Dungeons & Dragons: Tower of Doom (Europe 940412)	1993	Capcom
ddtoda	Beat 'em up	4	horizontal	ddtod	Dungeons & Dragons: Tower of Doom (Asia 940412)	1993	Capcom
ddtodar1	Beat 'em up	4	horizontal	ddtod	Dungeons & Dragons: Tower of Doom (Asia 940113)	1993	Capcom
ddtodd	Beat 'em up	4	horizontal	ddtod	Dungeons & Dragons: Tower of Doom (Europe 940412 Phoenix Edition) (bootleg)	1993	bootleg
ddtoddp	Beat 'em up	4	horizontal	ddtod	Dungeons & Dragons: Tower of Doom (Plus, Hack)	2016	hack
ddtodh	Beat 'em up	4	horizontal	ddtod	Dungeons & Dragons: Tower of Doom (Hispanic 940412)	1993	Capcom
ddtodhr1	Beat 'em up	4	horizontal	ddtod	Dungeons & Dragons: Tower of Doom (Hispanic 940125)	1993	Capcom
ddtodhr2	Beat 'em up	4	horizontal	ddtod	Dungeons & Dragons: Tower of Doom (Hispanic 940113)	1993	Capcom
ddtodj	Beat 'em up	4	horizontal	ddtod	Dungeons & Dragons: Tower of Doom (Japan 940412)	1993	Capcom
ddtodjr1	Beat 'em up	4	horizontal	ddtod	Dungeons & Dragons: Tower of Doom (Japan 940125)	1993	Capcom
ddtodjr2	Beat 'em up	4	horizontal	ddtod	Dungeons & Dragons: Tower of Doom (Japan 940113)	1993	Capcom
ddtodr1	Beat 'em up	4	horizontal	ddtod	Dungeons & Dragons: Tower of Doom (Europe 940113)	1993	Capcom
ddtodu	Beat 'em up	4	horizontal	ddtod	Dungeons & Dragons: Tower of Doom (USA 940125)	1993	Capcom
ddtodur1	Beat 'em up	4	horizontal	ddtod	Dungeons & Dragons: Tower of Doom (USA 940113)	1993	Capcom
ddungeon	Maze / Puzzle	2	horizontal		Dangerous Dungeons (set 1)	1992	The Game Room
ddungeone	Maze / Puzzle	2	horizontal	ddungeon	Dangerous Dungeons (set 2)	1992	East Coast Coin Company
ddux	Beat 'em up	2	horizontal		Dynamite Dux (set 3, World) (FD1094 317-0096)	1988	Sega
ddux1	Beat 'em up	2	horizontal	ddux	Dynamite Dux (set 1, World) (8751 317-0095)	1988	Sega
dduxd	Beat 'em up	2	horizontal	ddux	Dynamite Dux (set 3, World) (bootleg of FD1094 317-0096 set)	1988	bootleg
dduxj	Beat 'em up	2	horizontal	ddux	Dynamite Dux (set 2, Japan) (FD1094 317-0094)	1988	Sega
dduxjd	Beat 'em up	2	horizontal	ddux	Dynamite Dux (set 2, Japan) (bootleg of FD1094 317-0094 set)	1988	bootleg
deadang	Shooter	2	horizontal		Dead Angle	1988	Seibu Kaihatsu
deadconx	Run & gun	2	horizontal		Dead Connection (World)	1992	Taito Corporation Japan
deadconxj	Run & gun	2	horizontal	deadconx	Dead Connection (Japan)	1992	Taito Corporation
dealer	Casino	1	vertical		The Dealer	1984	Epos Corporation
deathbrd	Fighting	2	horizontal	mutantf	Death Brade (Japan ver JM-3)	1991	Data East Corporation
deathsml	Horizontal shooter	2	horizontal		Deathsmiles (2007/10/09 MASTER VER)	2007	Cave (AMI license)
decomult	Misc	2	vertical		DECO Cassette System ROM Multigame (David Widel)	2008	bootleg (David Widel)
deerhunt	Shooter	1	horizontal		Deer Hunting USA V4.3	2000	Sammy USA Corporation
deerhunta	Shooter	1	horizontal	deerhunt	Deer Hunting USA V4.2	2000	Sammy USA Corporation
deerhuntb	Shooter	1	horizontal	deerhunt	Deer Hunting USA V4.0	2000	Sammy USA Corporation
deerhuntc	Shooter	1	horizontal	deerhunt	Deer Hunting USA V3	2000	Sammy USA Corporation
deerhuntd	Shooter	1	horizontal	deerhunt	Deer Hunting USA V2	2000	Sammy USA Corporation
deerhunte	Shooter	1	horizontal	deerhunt	Deer Hunting USA V1	2000	Sammy USA Corporation
deerhuntj	Shooter	1	horizontal	deerhunt	Deer Hunting USA V4.4.1 (Japan)	2000	Sammy USA Corporation
defcmnd	Horizontal shooter	2	horizontal	defender	Defense Command (bootleg of Defender)	1980	bootleg
defence	Horizontal shooter	2	horizontal	defender	Defence Command (bootleg of Defender)	1981	bootleg (Outer Limits)
defender	Horizontal shooter	2	horizontal		Defender (Red label)	1980	Williams
defenderb	Horizontal shooter	2	horizontal	defender	Defender (Blue label)	1980	Williams
defenderg	Horizontal shooter	2	horizontal	defender	Defender (Green label)	1980	Williams
defenderj	Horizontal shooter	2	horizontal	defender	T.T Defender	1980	Williams (Taito Corporation license)
defenderom	Horizontal shooter	2	horizontal	defender	Operacion Defender (bootleg of Defender)	1981	bootleg (Operamatic)
defenderw	Horizontal shooter	2	horizontal	defender	Defender (White label)	1980	Williams
defense	Shooter	2	horizontal	sdi	Defense (System 16B, FD1089A 317-0028)	1987	Sega
defenseb	Horizontal shooter	2	horizontal	defender	Defense (bootleg of Defender)	198?	bootleg
deltrace	Shooter / Vector	2	horizontal	omegrace	Delta Race	1981	bootleg (Allied Leisure)
deluxe4u	Platform	2	horizontal	deluxe5	Deluxe 4 U (ver. 0107, 07/01/2000)	2000	ESD
deluxe5	Platform	2	horizontal		Deluxe 5 (ver. 0107, 07/01/2000, set 1)	2000	ESD
deluxe5a	Platform	2	horizontal	deluxe5	Deluxe 5 (ver. 0107, 07/01/2000, set 2)	2000	ESD
deluxe5b	Platform	2	horizontal	deluxe5	Deluxe 5 (ver. 0107, 07/01/2000, set 3)	2000	ESD
demndrgn	Action	2	horizontal		Demons & Dragons (Prototype)	1982	Dave Nutting Associates / Bally Midway
demoderb	Action	2	horizontal		Demolition Derby	1984	Bally Midway
demoderbc	Action	2	horizontal	demoderb	Demolition Derby (cocktail)	1984	Bally Midway
demoderm	Action	4	horizontal	demoderb	Demolition Derby (MCR-3 Mono Board Version)	1984	Bally Midway
demonwld	Run & gun	2	horizontal		Demon's World (World) / Horror Story (Japan) (set 1)	1990	Toaplan
demonwld1	Run & gun	2	horizontal	demonwld	Demon's World (World) / Horror Story (Japan) (set 2)	1989	Toaplan
demonwld2	Run & gun	2	horizontal	demonwld	Demon's World (World) / Horror Story (Japan) (set 3)	1989	Toaplan
demonwld3	Run & gun	2	horizontal	demonwld	Demon's World (World) / Horror Story (Japan) (set 4)	1989	Toaplan
demonwld4	Run & gun	2	horizontal	demonwld	Demon's World (World) / Horror Story (Japan) (set 5)	1989	Toaplan
demonwld5	Run & gun	2	horizontal	demonwld	Demon's World (World) / Horror Story (Japan) (set 6)	1989	Toaplan (APM Electronics license)
denjinmk	Beat 'em up	2	horizontal		Denjin Makai (set 1)	1994	Winkysoft (Banpresto license)
denjinmka	Beat 'em up	2	horizontal	denjinmk	Denjin Makai (set 2)	1994	Winkysoft (Banpresto license)
depthch	Vertical shooter	2	horizontal		Depthcharge	1977	Gremlin
depthcho	Vertical shooter	2	horizontal	depthch	Depthcharge (older)	1977	Gremlin
deroon	Puzzle	2	horizontal		Deroon DeroDero (earlier, set 1)	1995	Tecmo
deroon2	Puzzle	2	horizontal	deroon	Deroon DeroDero / Tecmo Stackers	1996	Tecmo
deroona	Puzzle	2	horizontal	deroon	Deroon DeroDero (earlier, set 2)	1996	Tecmo
desertbr	Run & gun	3	vertical		Desert Breaker (World) (FD1094 317-0196)	1992	Sega
desertbrd	Run & gun	3	vertical	desertbr	Desert Breaker (World) (bootleg of FD1094 317-0196 set)	1992	bootleg
desertbrj	Run & gun	3	vertical	desertbr	Desert Breaker (Japan) (FD1094 317-0194)	1992	Sega
desertbrjd	Run & gun	3	vertical	desertbr	Desert Breaker (Japan) (bootleg of FD1094 317-0194 set)	1992	bootleg
desertdn	Platform	2	horizontal		Desert Dan	1982	Kawakusu (Video Optics license)
desertwr	Vertical shooter	2	vertical		Desert War / Wangan Sensou (ver 1.0)	1995	Jaleco
detatwin	Vertical shooter	2	vertical	blswhstl	Detana!! Twin Bee (Japan, version J)	1991	Konami
devilfsh	Maze	2	vertical		Devil Fish (Mars hardware)	1982	Artic
devilfshg	Maze	2	vertical	devilfsh	Devil Fish (Galaxian hardware)	1982	Artic
devilfshgb	Maze	2	vertical	devilfsh	Devil Fish (Galaxian hardware, bootleg)	1984	bootleg (Vision)
devilw	Maze / Run & gun	2	horizontal		Devil World	1987	Konami
devstors	Run & gun	2	vertical		Devastators (ver. Z)	1988	Konami
devstors2	Run & gun	2	vertical	devstors	Devastators (ver. 2)	1988	Konami
devstorsv	Run & gun	2	vertical	devstors	Devastators (ver. V)	1988	Konami
devstorsx	Run & gun	2	vertical	devstors	Devastators (ver. X)	1988	Konami
dfeveron	Vertical shooter	2	vertical	feversos	Dangun Feveron (Japan, 98/09/17 VER.)	1998	Cave (Nihon System license)
dfjail	Beat 'em up	2	horizontal		The Destroyer From Jail (Korea)	1991	Philko
dfkbl	Vertical shooter	2	vertical		DoDonPachi Dai-Fukkatsu Black Label (2010/1/18 BLACK LABEL)	2010	Cave
dharma	Puzzle	2	horizontal		Dharma Doujou	1994	Metro
dharmag	Puzzle	2	horizontal	dharma	Dharma Doujou (Germany)	1994	Metro
dharmaj	Puzzle	2	horizontal	dharma	Dharma Doujou (Japan)	1994	Metro
dharmak	Puzzle	2	horizontal	dharma	Dharma Doujou (Korea)	1994	Metro
diamrun	Platform	2	horizontal		Diamond Run	1989	KH Video
dicegame	Puzzle	2	horizontal		Dice - The Dice Game!	1991	bootleg (Tuning)
dietgo	Platform	2	horizontal		Diet Go Go (Europe v1.1 1992.09.26, set 1)	1992	Data East Corporation
dietgoe	Platform	2	horizontal	dietgo	Diet Go Go (Europe v1.1 1992.09.26, set 2)	1992	Data East Corporation
dietgoea	Platform	2	horizontal	dietgo	Diet Go Go (Europe v1.1 1992.09.26, set 3)	1992	Data East Corporation
dietgoeb	Platform	2	horizontal	dietgo	Diet Go Go (Europe v1.1 1992.08.04)	1992	Data East Corporation
dietgoj	Platform	2	horizontal	dietgo	Diet Go Go (Japan v1.1 1992.09.26)	1992	Data East Corporation
dietgou	Platform	2	horizontal	dietgo	Diet Go Go (USA v1.1 1992.09.26)	1992	Data East Corporation
digdug	Maze / Action	2	vertical		Dig Dug (rev 2)	1982	Namco
digdug1	Maze / Action	2	vertical	digdug	Dig Dug (rev 1)	1982	Namco
digdug2	Maze / Action	2	vertical		Dig Dug II (New Ver.)	1985	Namco
digdug2o	Maze / Action	2	vertical	digdug2	Dig Dug II (Old Ver.)	1985	Namco
digdugat	Maze / Action	2	vertical	digdug	Dig Dug (Atari, rev 2)	1982	Namco (Atari license)
digger	Maze	2	vertical		Digger	1980	Sega
diggerma	Maze	2	horizontal		Digger Man (prototype)	2000	Kyle Hodgetts
dimahoo	Vertical shooter	2	vertical		Dimahoo (Europe 000121)	2000	Eighting / Raizing (Capcom license)
dimahoou	Vertical shooter	2	vertical	dimahoo	Dimahoo (USA 000121)	2000	Eighting / Raizing (Capcom license)
dimahoud	Vertical shooter	2	vertical	dimahoo	Dimahoo (USA 000121 Phoenix Edition) (bootleg)	2000	bootleg
dingo	Maze	2	vertical		Dingo	1983	Ashby Computers and Graphics Ltd. (Jaleco license)
dino	Beat 'em up	3	horizontal		Cadillacs and Dinosaurs (World 930201)	1993	Capcom
dino1v3	Beat 'em up	3	horizontal	dino	Cadillacs and Dinosaurs (1v3, Hack)	2010	hack
dino3j	Beat 'em up	3	horizontal	dino	Cadillacs: Kyouryuu Shin Seiki (Three Prohibitions, Hack)	2021	hack
dinoa	Beat 'em up	3	horizontal	dino	Cadillacs and Dinosaurs (Asia TW 930223)	1993	Capcom
dinods	Beat 'em up	3	horizontal	dino	Cadillacs and Dinosaurs (God of War, Hack)	2021	hack
dinodw	Beat 'em up	3	horizontal	dino	Cadillacs and Dinosaurs (Warriors, Hack)	2022	hack
dinoeh	Beat 'em up	3	horizontal	dino	Cadillacs and Dinosaurs (hack, World 930201)	1993	Capcom
dinofw	Beat 'em up	3	horizontal	dino	Cadillacs and Dinosaurs (Framework 2022 Series, Hack)	2021	hack
dinoh	Beat 'em up	3	horizontal	dino	Cadillacs and Dinosaurs (bootleg, Asia TW 930223)	1993	bootleg
dinohc	Beat 'em up	3	horizontal	dino	Cadillacs and Dinosaurs (Chinese bootleg, Asia TW 930223)	1993	bootleg
dinohunt	Beat 'em up	3	horizontal	dino	Dinosaur Hunter (Chinese bootleg of Cadillacs and Dinosaurs)	1993	bootleg
dinoj	Beat 'em up	3	horizontal	dino	Cadillacs: Kyouryuu Shin Seiki (Japan 930201)	1993	Capcom
dinojd	Beat 'em up	3	horizontal	dino	Cadillacs and Dinosaurs (GOTVG 10th Anniversary, Hack)	2024	hack
dinojj	Beat 'em up	3	horizontal	dino	Cadillacs and Dinosaurs (Contest, Hack)	2019	hack
dinokr	Beat 'em up	3	horizontal	dino	Cadillacs and Dinosaurs (Crazy BBQ, Hack)	2024	hack
dinoly	Beat 'em up	3	horizontal	dino	Cadillacs and Dinosaurs (Purgatory, Hack)	2019	hack
dinopic	Beat 'em up	3	horizontal	dino	Cadillacs and Dinosaurs (bootleg with PIC16C57, set 1)	1993	bootleg
dinopic2	Beat 'em up	3	horizontal	dino	Cadillacs and Dinosaurs (bootleg with PIC16C57, set 2)	1993	bootleg
dinopic3	Beat 'em up	3	horizontal	dino	Cadillacs and Dinosaurs (bootleg with PIC16C57, set 3)	1993	bootleg
dinopic4	Beat 'em up	3	horizontal	dino	Cadillacs and Dinosaurs (bootleg with PIC16C57, set 4)	1993	bootleg
dinopic5	Beat 'em up	3	horizontal	dino	Cadillacs and Dinosaurs (bootleg with PIC16C57, set 5)	1993	bootleg
dinoplus	Beat 'em up	3	horizontal	dino	Cadillacs and Dinosaurs (Judgement Day, Hack)	2025	hack
dinore	Beat 'em up	3	horizontal	dino	Cadillacs and Dinosaurs Readjusted (Hack, v1.4)	2023	GameHackFan
dinorex	Fighting	2	horizontal		Dino Rex (World)	1992	Taito Corporation Japan
dinorexj	Fighting	2	horizontal	dinorex	Dino Rex (Japan)	1992	Taito Corporation
dinorexu	Fighting	2	horizontal	dinorex	Dino Rex (US)	1992	Taito America Corporation
dinosdj	Beat 'em up	3	horizontal	dino	Cadillacs and Dinosaurs (Triassic, Hack)	2025	hack
dinosj	Beat 'em up	3	horizontal	dino	Cadillacs and Dinosaurs (Century, Hack)	2022	hack
dinoss	Beat 'em up	3	horizontal	dino	Cadillacs and Dinosaurs (Competition, Hack)	2025	hack
dinosyn	Beat 'em up	3	horizontal	dino	Cadillacs and Dinosaurs (2020 Commemorative, Hack)	2025	hack
dinot	Beat 'em up	3	horizontal	dino	Cadillacs and Dinosaurs Turbo 97 (bootleg, Asia TW 930223, set 1)	1993	bootleg
dinotj	Beat 'em up	3	horizontal	dino	Cadillacs and Dinosaurs (General, Hack)	2024	hack
dinotpic	Beat 'em up	3	horizontal	dino	Cadillacs and Dinosaurs Turbo 97 (bootleg, Asia TW 930223, set 2)	1993	bootleg
dinotw	Beat 'em up	3	horizontal	dino	Cadillacs and Dinosaurs (King, Hack)	2022	hack
dinou	Beat 'em up	3	horizontal	dino	Cadillacs and Dinosaurs (USA 930201)	1993	Capcom
dinowj	Beat 'em up	3	horizontal	dino	Cadillacs and Dinosaurs (Random Enemies, Hack)	2020	hack
dinoxz	Beat 'em up	3	horizontal	dino	Cadillacs and Dinosaurs (Scream, Hack)	2024	hack
dinoyz	Beat 'em up	3	horizontal	dino	Cadillacs and Dinosaurs (Dragon, Hack)	2022	hack
dirtfoxj	Racing	2	vertical		Dirt Fox (Japan)	1989	Namco
disco	Action	2	vertical		Disco No.1	1982	Data East
discoboy	Shooter / Action	2	vertical		Disco Boy	1993	Soft Art Co.
discoboyp	Shooter / Action	2	vertical	discoboy	Disco Boy (Promat license)	1993	Soft Art Co. / Promat
discof	Action	2	vertical	disco	Disco No.1 (Rev.F)	1982	Data East
divebomb	Vertical shooter	2	vertical		Kyuukoukabakugekitai - Dive Bomber Squad (Japan, prototype)	1989	Konami
diverboy	Action	2	horizontal		Diver Boy	1992	Gamart (Electronic Devices Italy license)
djboy	Beat 'em up	2	horizontal		DJ Boy (World)	1989	Kaneko
djboyj	Beat 'em up	2	horizontal	djboy	DJ Boy (Japan, set 1)	1989	Kaneko (Sega license)
djboyja	Beat 'em up	2	horizontal	djboy	DJ Boy (Japan, set 2)	1989	Kaneko (Sega license)
djboyu	Beat 'em up	2	horizontal	djboy	DJ Boy (US, set 1)	1990	Kaneko (American Sammy license)
djboyua	Beat 'em up	2	horizontal	djboy	DJ Boy (US, set 2)	1990	Kaneko (American Sammy license)
djgirl	Shooter / Action	2	vertical	discoboy	DJ Girl (Promat license)	1993	Soft Art Co. / Promat
dkaccel	Platform / Action	2	vertical	dkong	Donkey Kong Accelerate	2023	hack (Paul Goes)
dkbowser	Platform / Action	2	vertical	dkong	Donkey Kong (Bowser's Takeover v1.00)	2026	hack (Paul Goes)
dkcbarrel	Platform / Action	2	vertical	dkong	Donkey Kong Crazy Barrels Edition	2019	hack (Paul Goes)
dkchrmx	Platform / Action	2	vertical	dkong	Donkey Kong Christmas Remix (Hack)	2017	Sock Master
dkchrte	Platform / Action	2	vertical	dkong	Donkey Kong Christmas Tournament Edition (Hack)	2022	Sock Master
dkduel	Platform / Action	2	vertical	dkong	Donkey Kong Duel	2021	hack (Paul Goes)
dkfreerun	Platform / Action	2	vertical	dkong	Donkey Kong Freerun Edition	2019	hack (Paul Goes)
dkgensan	Beat 'em up / Platform	2	horizontal	hharry	Daiku no Gensan (Japan, M84 hardware)	1990	Irem
dkgensanm72	Beat 'em up / Platform	2	horizontal	hharry	Daiku no Gensan (Japan, M72 hardware)	1990	Irem
dkgensanm82	Beat 'em up / Platform	2	horizontal	hharry	Daiku no Gensan (Japan, M82 hardware)	1990	Irem
dkhrthnt	Platform / Action	2	vertical	dkong	Donkey Kong Hearthunt	2022	hack (Paul Goes)
dking	Platform	2	vertical	ckong	Donkey King	1981	bootleg
dkingjr	Platform / Action	2	vertical	dkongjr	Donkey King Jr. (bootleg of Donkey Kong Jr.)	1982	bootleg
dkong	Platform / Action	2	vertical		Donkey Kong (US set 1)	1981	Nintendo of America
dkong3	Platform / Action	2	vertical		Donkey Kong 3 (US)	1983	Nintendo of America
dkong3abl	Platform	2	vertical	dkong3	Donkey Kong 3 (bootleg on Ambush hardware)	1983	bootleg
dkong3b	Platform / Action	2	vertical	dkong3	Donkey Kong 3 (bootleg on Donkey Kong Jr. hardware)	1984	bootleg
dkong3j	Platform / Action	2	vertical	dkong3	Donkey Kong 3 (Japan)	1983	Nintendo
dkong40y	Platform / Action	2	vertical	dkong	Donkey Kong Anniversary Edition	2021	hack (Paul Goes)
dkongbp	Platform / Action	2	vertical	dkong	Donkey Kong Barrelpalooza v1.06	2021	hack (Paul Goes)
dkongbp1	Platform / Action	2	vertical	dkong	Donkey Kong Barrelpalooza v1.07	2021	hack (Paul Goes)
dkongchm	Platform / Action	2	vertical	dkong	Donkey Kong League Championship v1.00	2020	hack (Paul Goes)
dkongchm1	Platform / Action	2	vertical	dkong	Donkey Kong Championship Edition v1.01	2020	hack (Paul Goes)
dkongf	Platform / Action	2	vertical	dkong	Donkey Kong Foundry (hack)	2004	hack (Jeff Kulczycki)
dkonghrd	Platform / Action	2	vertical	dkong	Donkey Kong (hard kit)	1981	Nintendo of America
dkongitd	Platform / Action	2	vertical	dkong	Donkey Kong In the Dark v1.02	2020	hack (Paul Goes)
dkongj	Platform / Action	2	vertical	dkong	Donkey Kong (Japan set 1)	1981	Nintendo
dkongjnrj	Platform / Action	2	vertical	dkongjr	Donkey Kong Junior (Japan set F-1)	1982	Nintendo
dkongjo	Platform / Action	2	vertical	dkong	Donkey Kong (Japan set 2)	1981	Nintendo
dkongjo1	Platform / Action	2	vertical	dkong	Donkey Kong (Japan set 3)	1981	Nintendo
dkongjr	Platform / Action	2	vertical		Donkey Kong Junior (US set F-2)	1982	Nintendo of America
dkongjr2	Platform / Action	2	vertical	dkongjr	Donkey Kong Junior (US, bootleg?)	1982	Nintendo of America
dkongjrb	Platform / Action	2	vertical	dkongjr	Donkey Kong Jr. (bootleg)	1982	bootleg
dkongjrj	Platform / Action	2	vertical	dkongjr	Donkey Kong Jr. (Japan)	1982	Nintendo
dkongjrm	Platform	2	vertical	dkongjr	Donkey Kong Jr. (bootleg on Moon Cresta hardware, set 1)	1982	bootleg
dkongo	Platform / Action	2	vertical	dkong	Donkey Kong (US set 2)	1981	Nintendo
dkongotr	Platform / Action	2	vertical	dkong	Donkey Kong On the Run v1.02	2020	hack (Paul Goes)
dkongp	Platform / Action	2	vertical	dkong	Donkey Kong (Patched)	2007	Hack (Don Hodges)
dkongpac	Platform / Action	2	vertical	dkong	Donkey Kong (Pacman Graphics)	2001	Hack (Tim Appleton)
dkongpe	Platform / Action	2	vertical	dkong	Donkey Kong: Pauline Edition Rev 5 (2013-04-22)	2013	hack (Clay Cowgill and Mike Mika)
dkongran1	Platform / Action	2	vertical	dkong	Donkey Kong Randomized Edition v1.01	2020	hack (Paul Goes)
dkongrev	Platform / Action	2	vertical	dkong	Donkey Kong Reverse (Hack)	2019	Hack (Paul Goes)
dkongss	Platform / Action	2	vertical	dkong	Donkey Kong Skip Start v1.00	2020	hack (Paul Goes)
dkongst	Platform / Action	2	vertical	dkong	Donkey Kong Springs Trainer	2019	Sock Master
dkongst2	Platform / Action	2	vertical	dkong	Donkey Kong Springs Trainer 2	2020	Sock Master
dkongte	Platform / Action	2	vertical	dkong	Donkey Kong Tournament Edition (Hack)	2022	Sock Master
dkongtj	Platform / Action	2	vertical	dkong	Donkey Kong Twisted Jungle v1.05	2021	hack (Paul Goes)
dkongx	Platform / Action	2	vertical	dkong	Donkey Kong II: Jumpman Returns (hack, V1.2)	2006	hack (Braze Technologies)
dkongx11	Platform / Action	2	vertical	dkong	Donkey Kong II: Jumpman Returns (hack, V1.1)	2006	hack (Braze Technologies)
dkpace	Platform / Action	2	vertical	dkong	Donkey Kong Pace	2016	Hack (Sock Master)
dkpmx	Platform / Action	2	vertical	dkong	Donkey Kong Pac-Man Crossover	2024	hack (Paul Goes)
dkrainbow	Platform / Action	2	vertical	dkong	Donkey Kong - Arcade Rainbow (hack)	2015	hack (john Kowalski)
dkrdemo	Platform / Action	2	vertical	dkong	Donkey Kong Remix (Demo)	2015	Hack (Sockmaster)
dkremix	Platform / Action	2	vertical	dkong	Donkey Kong Remix (Hack)	2023	hack
dkrndmzr	Platform / Action	2	vertical	dkong	Donkey Kong RNDMZR	2022	hack (Paul Goes)
dkspkyrmx	Platform / Action	2	vertical	dkong	Donkey Kong Spooky Remix (Hack)	2018	Sock Master
dkspkyte	Platform / Action	2	vertical	dkong	Donkey Kong Spooky Tournament Edition (Hack)	2022	Sock Master
dktrainer	Platform / Action	2	vertical	dkong	Donkey Kong Trainer 1.01	2016	Hack (Sock Master)
dkwizardry	Platform / Action	2	vertical	dkong	Donkey Kong Wizardry	2022	hack (Paul Goes)
dland	Platform	2	horizontal	bublbobl	Dream Land / Super Dream Land (bootleg of Bubble Bobble)	1987	bootleg
dleague	Sports	2	horizontal		Dynamite League (US)	1990	Taito America Corporation
dleaguej	Sports	2	horizontal	dleague	Dynamite League (Japan)	1990	Taito Corporation
dmnfrnt	Run & gun	4	horizontal		Demon Front / Moyu Zhanxian (68k label V105, ROM M105XX 08/05/02) (ARM label V105, ROM 08/05/02 S105XX)	2002	IGS
dmnfrnt102	Run & gun	4	horizontal	dmnfrnt	Demon Front / Moyu Zhanxian (68k label V102, ROM M102XX 06/19/02) (ARM label V102, ROM 05/24/02 S101XX)	2002	IGS
dmnfrnt103	Run & gun	4	horizontal	dmnfrnt	Demon Front / Moyu Zhanxian (68k label V103, ROM M103XX 07/05/02) (ARM label V103, ROM 07/05/02 S103XX)	2002	IGS
dmnfrntpcb	Run & gun	4	horizontal	dmnfrnt	Demon Front V1.1 / Moyu Zhanxian V1.1 (68k label V107KR, ROM M107KR 11/03/03) (ARM label V106KR, ROM 10/16/03 S106KR) (JAMMA PCB)	2002	IGS
dmnfrntpcba	Run & gun	4	horizontal	dmnfrnt	Demon Front (VM105XX, S105XX, China, Single PCB Version)	2002	IGS
dngrtrck	Maze	2	horizontal	rallyx	Danger Track (bootleg of Rally X)	1980	bootleg (Petaco)
docastle	Platform	2	vertical		Mr. Do's Castle (set 1)	1983	Universal
docastle2	Platform	2	vertical	docastle	Mr. Do's Castle (set 2)	1983	Universal
docastleo	Platform	2	vertical	docastle	Mr. Do's Castle (older)	1983	Universal
dockman	Action	2	vertical		Dock Man (set 1)	1982	Taito Corporation
dockmanb	Action	2	vertical	dockman	Dock Man (set 2)	1982	Taito Corporation
dockmanc	Action	2	vertical	dockman	Dock Man (set 3)	1982	Taito Corporation
dodgeman	Platform	2	horizontal		Dodge Man	1983	Omori Electric Co., Ltd.
dogfgt	Horizontal shooter	2	horizontal		Acrobatic Dog-Fight	1984	Technos Japan
dogfgtj	Horizontal shooter	2	horizontal	dogfgt	But-ten Ohara's Suit-Cha Luck-a Dog-Fight (Japan)	1984	Technos Japan
dogfgtu	Horizontal shooter	2	horizontal	dogfgt	Acrobatic Dog-Fight (USA)	1985	Technos Japan (Data East USA license)
dogfight	Shooter	2	vertical		Dog Fight (Thunderbolt)	1983	Orca / Thunderbolt
dogosokb	Run & gun	2	vertical	victroad	Dogou Souken (Joystick hack bootleg)	1986	bootleg
dogosoke	Run & gun	2	vertical	victroad	Dogou Souken (Japan)	1986	SNK
dogyuun	Vertical shooter	2	horizontal		Dogyuun	1992	Toaplan
dogyuuna	Vertical shooter	2	horizontal	dogyuun	Dogyuun (older set)	1992	Toaplan
dogyuunb	Vertical shooter	2	horizontal	dogyuun	Dogyuun (oldest set)	1992	Toaplan
dogyuunt	Vertical shooter	2	horizontal	dogyuun	Dogyuun (10/9/1992 location test)	1992	Toaplan
dokaben	Sports	2	horizontal		Dokaben (Japan)	1989	Capcom
dokaben2	Sports	2	horizontal		Dokaben 2 (Japan)	1989	Capcom
dolmen	Puzzle	2	horizontal		Dolmen	1995	Afega
dolmenk	Puzzle	2	horizontal	dolmen	Goindol (Afega)	1995	Afega
domino	Action / Puzzle	2	horizontal		Domino Man (set 1)	1982	Bally Midway
dominoa	Action / Puzzle	2	horizontal	domino	Domino Man (set 2)	1982	Bally Midway
dommy	Maze	2	vertical		Dommy	1983	Technos Japan
dondokod	Platform	2	horizontal		Don Doko Don (World, rev 1)	1989	Taito Corporation Japan
dondokodj	Platform	2	horizontal	dondokod	Don Doko Don (Japan, rev 1)	1989	Taito Corporation
dondokodu	Platform	2	horizontal	dondokod	Don Doko Don (US, rev 1)	1989	Taito America Corporation
donight	Vertical shooter	2	vertical		Mr.Do's Nightmare (hack by Krazy Ivan)	2013	Krazy Ivan
donpachi	Vertical shooter	2	vertical		DonPachi (USA, ver. 1.12, 95/05/2x)	1995	Cave (Atlus license)
donpachihk	Vertical shooter	2	vertical	donpachi	DonPachi (Hong Kong, ver. 1.10, 95/05/17)	1995	Cave (Atlus license)
donpachij	Vertical shooter	2	vertical	donpachi	DonPachi (Japan, ver. 1.01, 95/05/11)	1995	Cave (Atlus license)
donpachijs	Vertical shooter	2	vertical	donpachi	DonPachi (Japan, ver. 1.01, 95/05/11 Satsuei)	1995	Cave (Atlus license)
donpachikr	Vertical shooter	2	vertical	donpachi	DonPachi (Korea, ver. 1.12, 95/05/2x)	1995	Cave (Atlus license)
doomgeo	Shooter	1	horizontal		DoomGeo (HB, 8643a06)	2026	Sabino
dorachan	Maze	2	vertical		Dora-chan (Japan)	1980	Alpha Denshi Co. / Craul Denshi
dorodon	Maze	2	vertical		Dorodon (set 1)	1982	UPL (Falcon license?)
dorodon2	Maze	2	vertical	dorodon	Dorodon (set 2)	1982	UPL (Falcon license?)
dorunrun	Maze	2	horizontal		Do! Run Run (set 1)	1984	Universal
dorunrun2	Maze	2	horizontal	dorunrun	Do! Run Run (set 2)	1984	Universal
dorunrunc	Maze	2	horizontal	dorunrun	Do! Run Run (Do's Castle hardware, set 1)	1984	Universal
dorunrunca	Maze	2	horizontal	dorunrun	Do! Run Run (Do's Castle hardware, set 2)	1984	Universal
dotrikun	Maze	1	horizontal		Dottori Kun (new version)	1990	Sega
dotrikun2	Maze	1	horizontal	dotrikun	Dottori Kun (old version)	1990	Sega
dotriman	Maze	1	horizontal	dotrikun	Dottori-Man Jr.	2016	hack (Chris Covell)
dotron	Action / Shooter	2	horizontal		Discs of Tron (Upright, 10/4/83)	1983	Bally Midway
dotrona	Action / Shooter	2	horizontal	dotron	Discs of Tron (Upright, 9/22/83)	1983	Bally Midway
dotrone	Action / Shooter	2	horizontal	dotron	Discs of Tron (Environmental)	1983	Bally Midway
dotronep	Action / Shooter	2	horizontal	dotron	Discs of Tron (Environmental, prototype, 8/9/83)	1983	Bally Midway
doubldsp	Fighting	2	horizontal	doubledr	Double Dragon (Special 2017, Hack)	2023	hack
doubled1	Beat 'em up	2	horizontal		Double Dragon One (Beta 3.2 Version)	2025	OzzyOuzo
doubledp	Fighting	2	horizontal	doubledr	Double Dragon (Plus, Hack)	2015	hack
doubledr	Fighting	2	horizontal		Double Dragon (Neo-Geo)	1995	Technos Japan
doubledrbh	Fighting	2	horizontal	doubledr	Double Dragon (Boss hack)	1995	hack
doubledt	Fighting	2	horizontal	doubledr	Double Dragon (Optimized, Hack)	2014	hack
douni	Platform	2	vertical	docastle	Mr. Do! vs. Unicorns (Japan)	1983	Universal
dowild	Platform	2	horizontal		Mr. Do's Wild Ride	1984	Universal
downtown	Beat 'em up	2	vertical		DownTown / Mokugeki (set 1)	1989	Seta
downtown2	Beat 'em up	2	vertical	downtown	DownTown / Mokugeki (set 2)	1989	Seta
downtownj	Beat 'em up	2	vertical	downtown	DownTown / Mokugeki (joystick hack)	1989	Seta
downtownp	Beat 'em up	2	vertical	downtown	DownTown / Mokugeki (prototype)	1989	Seta
dquizgo	Quiz	2	horizontal		Date Quiz Go Go (Korea)	1998	SemiCom / AceVer
dquizgo2	Quiz	2	horizontal		Date Quiz Go Go Episode 2	2000	SemiCom
dragnblz	Vertical shooter	2	vertical		Dragon Blaze	2000	Psikyo
dragngun	Shooter	2	horizontal		Dragon Gun (US)	1993	Data East Corporation
dragngunj	Shooter	2	horizontal	dragngun	Dragon Gun (Japan)	1993	Data East Corporation
dragonsh	Sports	2	horizontal		Dragon's Heaven (development board)	1997	Face
drakton	Shooter	2	vertical		Drakton (DK conversion)	1984	Epos Corporation
dreambal	Casino	2	horizontal		Dream Ball (Japan V2.4)	1993	NDK / Data East
dreamwld	Maze	2	horizontal		Dream World	2000	SemiCom
dremshpr	Puzzle	2	vertical		Dream Shopper	1982	Sanritsu
drgnbowl	Beat 'em up	2	horizontal		Dragon Bowl (set 1, encrypted program)	1992	Nics
drgnbowla	Beat 'em up	2	horizontal	drgnbowl	Dragon Bowl (set 2, unencrypted program)	1992	Nics
drgnbstr	Beat 'em up	2	horizontal		Dragon Buster	1984	Namco
drgninja	Beat 'em up	2	horizontal	baddudes	Dragonninja (Japan, revision 1)	1988	Data East Corporation
drgninjab	Beat 'em up	2	horizontal	baddudes	Dragonninja (bootleg)	1988	bootleg
drgninjab2	Beat 'em up	2	horizontal	baddudes	Dragonninja (bootleg with 68705)	1988	bootleg
drgnmst	Fighting	2	horizontal		Dragon Master (set 1)	1994	Unico
drgnmst2	Fighting	2	horizontal	drgnmst	Dragon Master (set 2)	1994	Unico
drgnunit	Beat 'em up	2	horizontal		Dragon Unit / Castle of Dragon	1989	Athena / Seta
drgnwrld	Puzzle	2	horizontal		Dragon World (World, V040O)	1997	IGS
drgnwrldv10c	Puzzle	2	horizontal	drgnwrld	Zhongguo Long (China, V010C)	1995	IGS
drgnwrldv11h	Puzzle	2	horizontal	drgnwrld	Dung Fong Zi Zyu (Hong Kong, V011H, set 1)	1995	IGS
drgnwrldv11ha	Puzzle	2	horizontal	drgnwrld	Dung Fong Zi Zyu (Hong Kong, V011H, set 2)	1995	IGS
drgnwrldv20j	Puzzle	2	horizontal	drgnwrld	Chuugokuryuu (Japan, V020J)	1995	IGS / Alta
drgnwrldv21	Puzzle	2	horizontal	drgnwrld	Dragon World (World, V021O)	1995	IGS
drgnwrldv21j	Puzzle	2	horizontal	drgnwrld	Chuugokuryuu (Japan, V021J)	1995	IGS
drgnwrldv30	Puzzle	2	horizontal	drgnwrld	Dragon World (World, V030O)	1995	IGS
drgnwrldv40k	Puzzle	2	horizontal	drgnwrld	Dongbang Jiju (Korea, V040K)	1995	IGS
drgw2	Puzzle	4	horizontal		Dragon World II (ver. 110X, Export)	1997	IGS
drgw2100c	Puzzle	4	horizontal	drgw2	Zhongguo Long II (ver. 100C, China)	1997	IGS
drgw2100hk	Puzzle	4	horizontal	drgw2	Dungfong Zi Zyu II (ver. 100H, Hong Kong)	1997	IGS
drgw2100j	Puzzle	4	horizontal	drgw2	Chuugokuryuu II (ver. 100J, Japan)	1997	IGS (Alta license)
drgw2100x	Puzzle	4	horizontal	drgw2	Dragon World II (ver. 100X, Export)	1997	IGS
drgw2101c	Puzzle	4	horizontal	drgw2	Zhongguo Long II (ver. 101C, China)	1997	IGS
drgw2101j	Puzzle	4	horizontal	drgw2	Chuugokuryuu II (ver. 101J, Japan)	1997	IGS
drgw3	Puzzle	4	horizontal		Dragon World 3 / Zhongguo Long 3 / Dungfong Zi Zyu 3 / Chuugokuryuu 3 Special (ver. 106)	1998	IGS
drgw3100	Puzzle	4	horizontal	drgw3	Chuugokuryuu 3 Special (Japan, ver. 100)	1998	IGS
drgw3103	Puzzle	4	horizontal	drgw3	Chuugokuryuu 3 Special (Japan, ver. 103)	1998	IGS
drgw3105	Puzzle	4	horizontal	drgw3	Dragon World 3 / Zhongguo Long 3 / Dungfong Zi Zyu 3 / Chuugokuryuu 3 Special (ver. 105)	1998	IGS
dribling	Football	4	horizontal		Dribbling (set 1)	1983	Model Racing
driblinga	Football	4	horizontal	dribling	Dribbling (set 2)	1983	Model Racing
driblingam	Football	4	horizontal	dribling	Dribbling (Automave)	1983	Model Racing (Automave license)
driblingo	Football	4	horizontal	dribling	Dribbling (Olympia)	1983	Model Racing (Olympia license)
driblingvm	Football	4	horizontal	dribling	Dribbling (Videomac bootleg, Brazil)	1983	bootleg (Videomac)
drifto94	Racing	2	horizontal		Drift Out '94 - The Hard Order (Japan)	1994	Visco
driftout	Racing	2	vertical		Drift Out (Europe)	1991	Visco
driftoutj	Racing	2	vertical	driftout	Drift Out (Japan)	1991	Visco
drivedge	Racing	1	horizontal		Driver's Edge (v1.6)	1994	Strata / Incredible Technologies
driveout	Racing	2	vertical	driftout	Drive Out (bootleg of Drift Out)	1991	bootleg (Electronic Devices)
drivfrcb	Racing	2	vertical	drivfrcp	Driving Force (Galaxian conversion bootleg)	1985	bootleg (Elsys Software)
drivfrcg	Racing	2	vertical	drivfrcp	Driving Force (Galaxian conversion)	1984	Shinkai Inc. (Magic Electronics USA license)
drivfrcp	Racing	1	vertical		Driving Force (Pac-Man conversion)	1984	Shinkai Inc. (Magic Electronics Inc. license)
drivfrct	Racing	2	vertical	drivfrcp	Top Racer (bootleg of Driving Force)	1984	bootleg (EMT Germany)
drktnjr	Shooter	2	vertical	drakton	Drakton (DKJr conversion)	1984	Epos Corporation
drmicro	Shooter	2	vertical		Dr. Micro	1983	Sanritsu
drtomy	Puzzle	2	horizontal		Dr. Tomy	1993	Playmark
drtoppel	Vertical shooter	2	vertical		Dr. Toppel's Adventure (World)	1987	Kaneko / Taito Corporation Japan
drtoppela	Vertical shooter	2	vertical	drtoppel	Dr. Toppel's Adventure (World, alt?)	1987	Taito Corporation Japan
drtoppelj	Vertical shooter	2	vertical	drtoppel	Dr. Toppel's Tankentai (Japan)	1987	Kaneko / Taito Corporation
drtoppelu	Vertical shooter	2	vertical	drtoppel	Dr. Toppel's Adventure (US)	1987	Kaneko / Taito America Corporation
dsaber	Vertical shooter	2	vertical		Dragon Saber (World, DO2)	1990	Namco
dsabera	Vertical shooter	2	vertical	dsaber	Dragon Saber (World, older?)	1990	Namco
dsaberj	Vertical shooter	2	vertical	dsaber	Dragon Saber (Japan, Rev B)	1990	Namco
dsmbl	Horizontal shooter	2	horizontal		Deathsmiles MegaBlack Label (2008/10/06 MEGABLACK LABEL VER)	2008	Cave (AMI license)
dsoccr94	Football	4	horizontal		Dream Soccer '94 (World, M107 hardware)	1994	Irem (Data East Corporation license)
dsoccr94j	Football	4	horizontal	dsoccr94	Dream Soccer '94 (Japan, M92 hardware)	1994	Irem
dsoccr94k	Football	4	horizontal	dsoccr94	Dream Soccer '94 (Korea, M107 hardware)	1994	Irem (Data East Corporation license)
dspirit	Vertical shooter	2	vertical		Dragon Spirit (new version (DS3))	1987	Namco
dspirit1	Vertical shooter	2	vertical	dspirit	Dragon Spirit (old version (DS1))	1987	Namco
dspirit2	Vertical shooter	2	vertical	dspirit	Dragon Spirit (DS2)	1987	Namco
dstlk	Fighting	2	horizontal		Darkstalkers: The Night Warriors (Europe 940705)	1994	Capcom
dstlka	Fighting	2	horizontal	dstlk	Darkstalkers: The Night Warriors (Asia 940705)	1994	Capcom
dstlkb	Fighting	2	horizontal	dstlk	Darkstalkers: The Night Warriors (Brazil 940818)	1994	Capcom
dstlkh	Fighting	2	horizontal	dstlk	Darkstalkers: The Night Warriors (Hispanic 940818)	1994	Capcom
dstlku	Fighting	2	horizontal	dstlk	Darkstalkers: The Night Warriors (USA 940818)	1994	Capcom
dstlku1d	Fighting	2	horizontal	dstlk	Darkstalkers: The Night Warriors (USA 940705 Phoenix Edition) (bootleg)	1994	bootleg
dstlkur1	Fighting	2	horizontal	dstlk	Darkstalkers: The Night Warriors (USA 940705)	1994	Capcom
dtfamily	Vertical shooter	2	horizontal		Diet Family	2001	SemiCom
dualaslt	Shooter	2	vertical	liberate	Dual Assault	1984	Data East USA
ducki	Misc	1	horizontal		Duck Tales (FMV Demo)	2009	Sergi
dumpmtmt	Fighting	2	horizontal	bodyslam	Dump Matsumoto (Japan, 8751 317-0011a)	1986	Sega
dungeonm	Beat 'em up	4	horizontal	lightbr	Dungeon Magic (Ver 2.1O 1994/02/18)	1993	Taito Corporation Japan
dungeonmu	Beat 'em up	4	horizontal	lightbr	Dungeon Magic (Ver 2.1A 1994/02/18)	1993	Taito America Corporation
dunkshot	Sports	4	horizontal		Dunk Shot (Rev C, FD1089A 317-0022)	1987	Sega
dunkshota	Sports	4	horizontal	dunkshot	Dunk Shot (Rev A, FD1089A 317-0022)	1987	Sega
dunkshoto	Sports	4	horizontal	dunkshot	Dunk Shot (FD1089A 317-0022)	1986	Sega
dw2001	Puzzle	4	horizontal		Chuugokuryuu 2001 [Dragon World 2001] (V100 02/21/01 16:05:16, Japan)	2001	IGS
dwex	Puzzle	4	horizontal		Dragon World 3 EX / Zhongguo Long 3 EX / Dungfong Zi Zyu 3 EX / Chuugokuryuu 3 EX (ver. 100)	2000	IGS
dwex101cn	Puzzle	4	horizontal	dwex	Dragon World 3 EX / Zhongguo Long 3 EX / Dungfong Zi Zyu 3 EX / Chuugokuryuu 3 EX (ver. 101CN)	2001	IGS
dwi	Misc	1	horizontal		DarkWing Duck (FMV Demo)	2009	Sergi
dwia	Misc	1	horizontal	dwi	DarkWing Duck (FMV Demo, alt)	2009	Sergi
dwpc	Puzzle	4	horizontal		Zhongguo Long Pretty Chance [Dragon World Pretty Chance] (V110 03/19/02 11:13:16, China)	2001	IGS
dwpc101j	Puzzle	4	horizontal	dwpc	Chuugokuryuu Pretty Chance [Dragon World Pretty Chance] (V101 09/26/01 10:23:26, Japan)	2001	IGS
dyger	Vertical shooter	2	vertical		Dyger (Korea set 1)	1989	Philko
dygera	Vertical shooter	2	vertical	dyger	Dyger (Korea set 2)	1989	Philko
dynablst	Maze	4	horizontal		Dynablaster / Bomber Man	1991	Irem (licensed from Hudson Soft)
dynabomb	Maze	2	horizontal		Dynamite Bomber (Korea, Rev 1.5)	2000	Limenko
dynagear	Run & gun	2	horizontal		Dyna Gear	1993	Sammy
dynamski	Sports	2	vertical		Dynamic Ski	1984	Taiyo System (Nichibutsu license)
dynduke	Shooter	2	horizontal		Dynamite Duke (Europe, 03SEP89)	1989	Seibu Kaihatsu
dyndukea	Shooter	2	horizontal	dynduke	Dynamite Duke (Europe, 25JUL89)	1989	Seibu Kaihatsu
dyndukej	Shooter	2	horizontal	dynduke	Dynamite Duke (Japan, 03SEP89)	1989	Seibu Kaihatsu
dyndukeja	Shooter	2	horizontal	dynduke	Dynamite Duke (Japan, 25JUL89)	1989	Seibu Kaihatsu
dyndukeu	Shooter	2	horizontal	dynduke	Dynamite Duke (US, 25JUL89)	1989	Seibu Kaihatsu (Fabtek license)
dynwar	Beat 'em up	2	horizontal		Dynasty Wars (USA, B-Board 89624B-?)	1989	Capcom
dynwara	Beat 'em up	2	horizontal	dynwar	Dynasty Wars (USA, B-Board 88622B-3)	1989	Capcom
dynwarj	Beat 'em up	2	horizontal	dynwar	Tenchi wo Kurau (Japan)	1989	Capcom
dynwarjr	Beat 'em up	2	horizontal	dynwar	Tenchi wo Kurau (Japan Resale Ver.)	1989	Capcom
eagle	Vertical shooter	2	vertical	mooncrst	Eagle (set 1)	1980	Nichibutsu (Centuri license)
eagle2	Vertical shooter	2	vertical	mooncrst	Eagle (set 2)	1980	Nichibutsu (Centuri license)
eagle3	Vertical shooter	2	vertical	mooncrst	Eagle (set 3)	1980	Nichibutsu (Centuri license)
eaglshot	Sports	2	horizontal		Eagle Shot Golf (US)	1994	Sammy
eaglshotj	Sports	2	horizontal	eaglshot	Eagle Shot Golf (Japan, bootleg?)	1994	Sammy
earthjkr	Vertical shooter	2	vertical		U.N. Defense Force: Earth Joker (US / Japan, set 1)	1993	Visco
earthjkra	Vertical shooter	2	vertical	earthjkr	U.N. Defense Force: Earth Joker (US / Japan, set 2)	1993	Visco
earthjkrb	Vertical shooter	2	vertical	earthjkr	U.N. Defense Force: Earth Joker (US / Japan, set 3)	1993	Visco
earthjkrp	Vertical shooter	2	vertical	earthjkr	U.N. Defense Force: Earth Joker (Japan, prototype?)	1993	Visco
ebases	Sports	2	horizontal		Extra Bases	1980	Dave Nutting Associates / Midway
ecofghtr	Horizontal shooter	2	horizontal		Eco Fighters (World 931203)	1993	Capcom
ecofghtra	Horizontal shooter	2	horizontal	ecofghtr	Eco Fighters (Asia 931203)	1993	Capcom
ecofghtrd	Horizontal shooter	2	horizontal	ecofghtr	Eco Fighters (World 931203 Phoenix Edition) (bootleg)	1993	bootleg
ecofghtrh	Horizontal shooter	2	horizontal	ecofghtr	Eco Fighters (Hispanic 931203)	1993	Capcom
ecofghtru	Horizontal shooter	2	horizontal	ecofghtr	Eco Fighters (USA 940215)	1993	Capcom
ecofghtru1	Horizontal shooter	2	horizontal	ecofghtr	Eco Fighters (USA 931203)	1993	Capcom
edf	Horizontal shooter	2	horizontal		E.D.F.: Earth Defense Force (set 1)	1991	Jaleco
edfa	Horizontal shooter	2	horizontal	edf	E.D.F.: Earth Defense Force (set 2)	1991	Jaleco
edfb	Horizontal shooter	2	horizontal	edf	E.D.F.: Earth Defense Force (set 3)	1991	Jaleco
edfbl	Horizontal shooter	2	horizontal	edf	E.D.F.: Earth Defense Force (bootleg)	1991	bootleg
edfu	Horizontal shooter	2	horizontal	edf	E.D.F.: Earth Defense Force (North America)	1991	Jaleco
edrandy	Beat 'em up	2	horizontal		The Cliffhanger - Edward Randy (World ver 3)	1990	Data East Corporation
edrandy1	Beat 'em up	2	horizontal	edrandy	The Cliffhanger - Edward Randy (World ver 1)	1990	Data East Corporation
edrandy2	Beat 'em up	2	horizontal	edrandy	The Cliffhanger - Edward Randy (World ver 2)	1990	Data East Corporation
edrandyj	Beat 'em up	2	horizontal	edrandy	The Cliffhanger - Edward Randy (Japan ver 3)	1990	Data East Corporation
eeekk	Platform	1	vertical		Eeekk!	1983	Epos Corporation
eeekkp	Platform	2	vertical	eeekk	Eeekk! (Pac-Man conversion)	1984	Epos Corporation
efdt	Shooter	2	vertical		El Fin Del Tiempo	1981	Niemer
egghunt	Puzzle	2	horizontal		Egg Hunt	1995	Invi Image
eggor	Maze / Action	2	vertical		Eggor	1983	Telko
eggs	Maze	2	vertical	scregg	Eggs (USA)	1983	Technos Japan (Universal USA license)
eightfrc	Vertical shooter	2	vertical		Eight Forces	1994	Tecmo
eightman	Beat 'em up	2	horizontal		Eight Man (NGM-025 ~ NGH-025)	1991	SNK / Pallas
ejanhs	Mahjong	1	horizontal		E Jong High School (Japan)	1996	Seibu Kaihatsu
ejsakura	Mahjong	1	horizontal		E-Jan Sakurasou (Japan, SYS386F V2.0)	1999	Seibu Kaihatsu
ejsakura12	Mahjong	1	horizontal	ejsakura	E-Jan Sakurasou (Japan, SYS386F V1.2)	1999	Seibu Kaihatsu
elecyoyo	Action	2	vertical		The Electric Yo-Yo (rev 1)	1982	Taito America Corporation
elecyoyoa	Action	2	vertical	elecyoyo	The Electric Yo-Yo	1982	Taito America Corporation
elevator	Platform	2	horizontal		Elevator Action (BA3, 4 PCB version, 1.1)	1983	Taito Corporation
elevatora	Platform	2	horizontal	elevator	Elevator Action (EA, 5 PCB version, 1.1)	1983	Taito Corporation
elevatorb	Platform	2	horizontal	elevator	Elevator Action (bootleg)	1983	bootleg
elim2	Shooter / Vector	2	horizontal		Eliminator (2 Players, set 1)	1981	Gremlin
elim2a	Shooter / Vector	2	horizontal	elim2	Eliminator (2 Players, set 2)	1981	Gremlin
elim2c	Shooter / Vector	2	horizontal	elim2	Eliminator (2 Players, cocktail)	1981	Gremlin
elim4	Shooter / Vector	2	horizontal	elim2	Eliminator (4 Players)	1981	Gremlin
elim4p	Shooter / Vector	2	horizontal	elim2	Eliminator (4 Players, prototype)	1981	Gremlin
elvact2u	Platform	2	horizontal	elvactr	Elevator Action II (Ver 2.2A 1995/02/20)	1994	Taito America Corporation
elvactr	Platform	2	horizontal		Elevator Action Returns (Ver 2.2O 1995/02/20)	1994	Taito Corporation Japan
elvactrj	Platform	2	horizontal	elvactr	Elevator Action Returns (Ver 2.2J 1995/02/20)	1994	Taito Corporation
emeralda	Puzzle	2	horizontal		Emeraldia (World)	1993	Namco
emeraldah	Puzzle	2	horizontal	emeralda	Emeraldia (Bankbank New Rotate Hack)	2022	Namco
emeraldaj	Puzzle	2	horizontal	emeralda	Emeraldia (Japan)	1993	Namco
emeraldajb	Puzzle	2	horizontal	emeralda	Emeraldia (Japan Version B)	1993	Namco
emeraldajd	Puzzle	2	horizontal	emeralda	Emeraldia (Japan Version D)	1993	Namco
empcity	Shooter	2	horizontal		Empire City: 1931 (bootleg?)	1986	Seibu Kaihatsu
empcityfr	Shooter	2	horizontal	empcity	Empire City: 1931 (France)	1986	Seibu Kaihatsu (Norad license)
empcityi	Shooter	2	horizontal	empcity	Empire City: 1931 (Italy)	1986	Seibu Kaihatsu (Eurobed license)
empcityj	Shooter	2	horizontal	empcity	Empire City: 1931 (Japan)	1986	Seibu Kaihatsu (Taito license)
empcityu	Shooter	2	horizontal	empcity	Empire City: 1931 (US)	1986	Seibu Kaihatsu (Taito / Romstar license)
endurobl	Racing	2	horizontal	enduror	Enduro Racer (bootleg set 1)	1986	bootleg
enduror	Racing	2	horizontal		Enduro Racer (Rev A, YM2151, FD1089B 317-0013A)	1986	Sega
enduror1	Racing	2	horizontal	enduror	Enduro Racer (YM2203, FD1089B 317-0013A)	1986	Sega
enduror1d	Racing	2	horizontal	enduror	Enduro Racer (bootleg of YM2203, FD1089B 317-0013A set)	1986	bootleg
endurora	Racing	2	horizontal	enduror	Enduro Racer (Rev A, YM2151, mask ROM sprites, FD1089B 317-0013A)	1986	Sega
endurorb	Racing	2	horizontal	enduror	Enduro Racer (YM2151, FD1089B 317-0013A)	1986	Sega
endurord	Racing	2	horizontal	enduror	Enduro Racer (bootleg of Rev A, YM2151, FD1089B 317-0013A set)	1986	bootleg
enforce	Shooter	2	horizontal		Enforce (World)	1988	Taito Corporation Japan
enforcej	Shooter	2	horizontal	enforce	Enforce (Japan)	1988	Taito Corporation
enforceja	Shooter	2	horizontal	enforce	Enforce (Japan, Analog Controls)	1988	Taito Corporation
eprom	Maze / Run & gun	2	horizontal		Escape from the Planet of the Robot Monsters (set 1)	1989	Atari Games
equites	Vertical shooter	2	vertical		Equites (World)	1984	Alpha Denshi Co.
equitess	Vertical shooter	2	vertical	equites	Equites (World, Alt)	1984	Alpha Denshi Co. (Sega license)
esb	Shooter / Vector	2	horizontal		The Empire Strikes Back	1985	Atari Games
esckids	Racing	4	horizontal		Escape Kids (Asia, 4 Players)	1991	Konami
esckidsj	Racing	2	horizontal	esckids	Escape Kids (Japan, 2 Players)	1991	Konami
espgal	Vertical shooter	4	vertical		Espgaluda (2003/10/15 Master Ver)	2003	Cave (AMI license)
espgal2	Vertical shooter	2	vertical		Espgaluda II (2005/11/14.MASTER VER.)	2005	Cave (AMI license)
espgal2a	Vertical shooter	2	vertical	espgal2	Espgaluda II (2005/11/14 MASTER VER, newer CV1000-B PCB)	2005	Cave (AMI license)
espgal2b	Vertical shooter	2	vertical	espgal2	Espgaluda II (2005/11/14 MASTER VER, original CV1000-B PCB)	2005	Cave (AMI license)
espgalbl	Vertical shooter	4	vertical	espgal	Espgaluda (2003/10/15 Master Ver, bootleg cartridge conversion)	2003	bootleg
espial	Vertical shooter	2	horizontal		Espial (Europe)	1983	Orca / Thunderbolt
espialj	Vertical shooter	2	horizontal	espial	Espial (Japan)	1983	Orca / Thunderbolt
espialn	Vertical shooter	2	horizontal	espial	Espial (Nova Apparate license)	1983	Orca / Thunderbolt
espialu	Vertical shooter	2	horizontal	espial	Espial (US?)	1983	Orca / Thunderbolt
esprade	Vertical shooter	2	vertical		ESP Ra.De. - A.D.2018 Tokyo (World, 1998 4/22 International Ver.)	1998	Cave (Atlus license)
espradej	Vertical shooter	2	vertical	esprade	ESP Ra.De. (Japan, 1998 4/21 Master Ver.)	1998	Cave (Atlus license)
espradejo	Vertical shooter	2	vertical	esprade	ESP Ra.De. (Japan, 1998 4/14 Master Ver.)	1998	Cave (Atlus license)
eswat	Run & gun	2	horizontal		Cyber Police ESWAT (set 4, World) (FD1094 317-0130)	1989	Sega
eswatbl	Run & gun	2	horizontal	eswat	Cyber Police ESWAT (bootleg, set 1)	1989	bootleg
eswatd	Run & gun	2	horizontal	eswat	Cyber Police ESWAT (set 4, World) (bootleg of FD1094 317-0130 set)	1989	bootleg
eswatj	Run & gun	2	horizontal	eswat	Cyber Police ESWAT (set 2, Japan) (FD1094 317-0128)	1989	Sega
eswatj1	Run & gun	2	horizontal	eswat	Cyber Police ESWAT (set 1, Japan) (FD1094 317-0131)	1989	Sega
eswatj1d	Run & gun	2	horizontal	eswat	Cyber Police ESWAT (set 1, Japan) (bootleg of FD1094 317-0131 set)	1989	bootleg
eswatjd	Run & gun	2	horizontal	eswat	Cyber Police ESWAT (set 2, Japan) (bootleg of FD1094 317-0128 set)	1989	bootleg
eswatu	Run & gun	2	horizontal	eswat	Cyber Police ESWAT (set 3, US) (FD1094 317-0129)	1989	Sega
eswatud	Run & gun	2	horizontal	eswat	Cyber Police ESWAT (set 3, US) (bootleg of FD1094 317-0129 set)	1989	bootleg
eto	Puzzle	2	horizontal		Kokontouzai Eto Monogatari (Japan)	1994	Visco
etoa	Puzzle	2	horizontal	eto	Kokontouzai Eto Monogatari (Japan, prototype?)	1994	Visco
euroch92	Football	4	horizontal		Euro Champ '92 (World)	1992	Taito Corporation Japan
euroch92j	Football	4	horizontal	euroch92	Euro Champ '92 (Japan)	1992	Taito Corporation Japan
evilston	Platform	2	vertical		Evil Stone	1990	Spacy Industrial, Ltd.
excelsr	Puzzle	2	horizontal		Excelsior (set 1)	1996	Playmark
excelsra	Puzzle	2	horizontal	excelsr	Excelsior (set 2)	1996	Playmark
excthour	Fighting	2	vertical	matmania	Exciting Hour	1985	Technos Japan (Taito license)
exctleag	Sports	2	horizontal		Excite League (FD1094 317-0079)	1988	Sega
exctleagd	Sports	2	horizontal	exctleag	Excite League (bootleg of FD1094 317-0079 set)	1988	bootleg
exctscc2	Football	2	vertical		Exciting Soccer II (World)	1984	Alpha Denshi Co.
exctsccr	Football	2	vertical		Exciting Soccer (World)	1983	Alpha Denshi Co.
exctsccra	Football	2	vertical	exctsccr	Exciting Soccer (alternate music)	1983	Alpha Denshi Co.
exctsccrb	Football	2	vertical	exctsccr	Exciting Soccer (bootleg)	1983	bootleg (Kazutomi)
exctsccrj	Football	2	vertical	exctsccr	Exciting Soccer (Japan)	1983	Alpha Denshi Co.
exctsccrjo	Football	2	vertical	exctsccr	Exciting Soccer (Japan, older)	1983	Alpha Denshi Co.
exctsccru	Football	2	vertical	exctsccr	Exciting Soccer (US)	1983	Alpha Denshi Co.
exedexes	Vertical shooter	2	vertical		Exed Exes	1985	Capcom
exerion	Shooter	2	vertical		Exerion	1983	Jaleco
exerionb	Shooter	2	vertical	exerion	Exerion (bootleg, set 1)	1983	bootleg
exeriont	Shooter	2	vertical	exerion	Exerion (Taito)	1983	Jaleco (Taito America license)
exerizer	Vertical shooter	1	vertical	skyfox	Exerizer (Japan)	1987	Jaleco
exerizerb	Vertical shooter	1	vertical	skyfox	Exerizer (bootleg)	1987	bootleg
exodus	Shooter	2	vertical	redufo	Exodus (bootleg?)	19??	bootleg? (Subelectro)
explbrkr	Vertical shooter	2	vertical		Explosive Breaker (World)	1992	Kaneko
explbrkrk	Vertical shooter	2	vertical	explbrkr	Explosive Breaker (Korea)	1992	Kaneko
explorer	Horizontal shooter	2	vertical	scramble	Explorer (bootleg of Scramble, set 1)	1981	bootleg (Sidam)
explorer2	Horizontal shooter	2	vertical	scramble	Explorer (bootleg of Scramble, set 2)	1981	bootleg (Sidam)
exprraid	Beat 'em up	2	horizontal		Express Raider (World, Rev 4)	1986	Data East Corporation
exprraidbl	Beat 'em up	2	horizontal	exprraid	Express Raider (bootleg)	1986	bootleg
exprraidi	Beat 'em up	2	horizontal	exprraid	Express Raider (Italy)	1986	Data East Corporation
exprraidu	Beat 'em up	2	horizontal	exprraid	Express Raider (US, rev 5)	1986	Data East USA
extdwnhl	Racing	2	horizontal		Extreme Downhill (v1.5)	1995	Sammy Industries Japan
exterm	Misc	2	horizontal		Exterminator	1989	Premier Technology
extrmatn	Run & gun	2	vertical		Extermination (World)	1987	Taito Corporation Japan
extrmatnj	Run & gun	2	vertical	extrmatn	Extermination (Japan)	1987	Taito Corporation
extrmatnu	Run & gun	2	vertical	extrmatn	Extermination (US, World Games)	1987	Taito (World Games license)
extrmatnur	Run & gun	2	vertical	extrmatn	Extermination (US, Romstar)	1987	Taito America Corporation (Romstar license)
exvania	Maze	4	horizontal		Exvania (World)	1992	Namco
exvaniaj	Maze	4	horizontal	exvania	Exvania (Japan)	1992	Namco
exzisus	Horizontal shooter	2	horizontal		Exzisus (Japan, dedicated)	1987	Taito Corporation
exzisusa	Horizontal shooter	2	horizontal	exzisus	Exzisus (Japan, conversion)	1987	Taito Corporation
exzisust	Horizontal shooter	2	horizontal	exzisus	Exzisus (TAD license)	1987	Taito Corporation (TAD license)
eyes	Maze / Action	2	vertical		Eyes (US, set 1)	1982	Techstar (Rock-Ola license)
eyes2	Maze / Action	2	vertical	eyes	Eyes (US, set 2)	1982	Techstar (Rock-Ola license)
eyesb	Maze / Action	2	vertical	eyes	Eyes (bootleg, set 1)	1982	bootleg
eyeszac	Maze / Action / Action	2	vertical	eyes	Eyes (Italy)	1982	Techstar (Zaccaria license)
eyeszacb	Maze / Action / Action	2	vertical	eyes	Eyes (bootleg, set 2, decrypted)	1982	bootleg
f1dream	Racing	2	horizontal		F-1 Dream (set 1)	1988	Capcom (Romstar license)
f1dreama	Racing	2	horizontal	f1dream	F-1 Dream (set 2)	1988	Capcom (Romstar license)
f1dreamb	Racing	2	horizontal	f1dream	F-1 Dream (bootleg, set 1)	1988	bootleg
f1dreamba	Racing	2	horizontal	f1dream	F-1 Dream (bootleg, set 2)	1988	bootleg
f1en	Racing	1	horizontal		F1 Exhaust Note (World, Rev A)	1991	Sega
f1enj	Racing	1	horizontal	f1en	F1 Exhaust Note (Japan, Rev A)	1991	Sega
f1enu	Racing	1	horizontal	f1en	F1 Exhaust Note (US, Rev A)	1991	Sega
f1gp	Racing	1	vertical		F-1 Grand Prix (set 1)	1991	Video System Co.
f1gp2	Racing	1	vertical		F-1 Grand Prix Part II	1992	Video System Co.
f1gpa	Racing	1	vertical	f1gp	F-1 Grand Prix (set 2)	1991	Video System Co.
f1gpstar	Racing	2	horizontal		Grand Prix Star (ver 4.0)	1992	Jaleco
f1gpstar2	Racing	2	horizontal	f1gpstar	Grand Prix Star (ver 2.0)	1991	Jaleco
f1gpstar3	Racing	2	horizontal	f1gpstar	Grand Prix Star (ver 3.0)	1991	Jaleco
f1gpstr2	Racing	2	horizontal		F-1 Grand Prix Star II	1993	Jaleco
f1lap	Racing	1	horizontal		F1 Super Lap (World)	1993	Sega
f1lapj	Racing	1	horizontal	f1lap	F1 Super Lap (Japan)	1993	Sega
f1lapt	Racing	1	horizontal	f1lap	F1 Super Lap (World, Unprotected)	1993	Sega
fa	Vertical shooter	2	vertical	fghtatck	F/A (Japan)	1992	Namco
faceoff	Sports	4	horizontal		Face Off (Japan 2 Players)	1988	Namco
falcon	Shooter	2	vertical	phoenix	Falcon (bootleg of Phoenix) (8085A CPU)	1980	bootleg
falconz	Shooter	2	vertical	phoenix	Falcon (bootleg of Phoenix) (Z80 CPU)	1980	bootleg (Digimatic)
fantasia	Puzzle	2	vertical		Fantasia (940429 PCB, set 1)	1994	Comad & New Japan System
fantasiaa	Puzzle	2	vertical	fantasia	Fantasia (940307 PCB)	1994	Comad & New Japan System
fantasiab	Puzzle	2	vertical	fantasia	Fantasia (940429 PCB, set 2)	1994	Comad & New Japan System
fantasian	Puzzle	2	vertical	fantasia	Fantasia (940803 PCB)	1994	Comad & New Japan System
fantastc	Vertical shooter	2	vertical		Fantastic (Galaga conversion on Galaxian hardware)	198?	Taito do Brasil
fantasyg	Maze	2	vertical	fantasyu	Fantasy (Germany, set 1)	1981	SNK
fantasyg2	Maze	2	vertical	fantasyu	Fantasy (Germany, set 2)	1981	SNK
fantasyj	Maze	2	vertical	fantasyu	Fantasy (Japan)	1981	SNK
fantasyu	Maze	2	vertical		Fantasy (US)	1981	SNK (Rock-Ola license)
fantazia	Vertical shooter	2	vertical	mooncrst	Fantazia (bootleg?)	1980	bootleg (Subelectro)
fantland	Platform	2	horizontal		Fantasy Land (set 1)	19??	Electronic Devices Italy
fantlanda	Platform	2	horizontal	fantland	Fantasy Land (set 2)	19??	Electronic Devices Italy
fantsia2	Puzzle	2	horizontal		Fantasia II (Explicit)	1997	Comad
fantsia2a	Puzzle	2	horizontal	fantsia2	Fantasia II (Less Explicit)	1997	Comad
fantsia2n	Puzzle	2	horizontal	fantsia2	Fantasia II (1998)	1998	Comad
fantsy95	Puzzle	2	vertical	newfant	Fantasy '95	1995	Hi-max Technology Inc.
fantzn2	Horizontal shooter	2	horizontal		Fantasy Zone II - The Tears of Opa-Opa (MC-8123, 317-0057)	1988	Sega
fantzn2x	Horizontal shooter	2	horizontal		Fantasy Zone II - The Tears of Opa-Opa (System 16C version)	2008	Sega / M2
fantzn2xp	Horizontal shooter	2	horizontal	fantzn2x	Fantasy Zone II - The Tears of Opa-Opa (System 16C version, prototype)	2008	Sega / M2
fantzn2xps2	Horizontal shooter	2	horizontal	fantzn2x	Fantasy Zone II - The Tears of Opa-Opa (System 16C, PS2 data file)	2008	Sega / M2
fantznps2	Horizontal shooter	2	horizontal	fantzone	Fantasy Zone (System 16B, PS2 data file)	2008	Sega
fantznta	Horizontal shooter	2	horizontal	fantzone	Fantasy Zone Time Attack (System 16B, PS2 data file)	2008	Sega
fantzone	Horizontal shooter	2	horizontal		Fantasy Zone (Rev A, unprotected)	1986	Sega
fantzone1	Horizontal shooter	2	horizontal	fantzone	Fantasy Zone (unprotected)	1986	Sega
fantzonee	Horizontal shooter	2	horizontal	fantzone	Fantasy Zone (FD1089B 317-0016)	1986	Sega
fantzoneno	Horizontal shooter	2	horizontal	fantzone	Fantasy Zone (New, Oversea, PS2)	1986	Sega
fantzonenu	Horizontal shooter	2	horizontal	fantzone	Fantasy Zone (New, US Rev.A, PS2)	1986	Sega
fantzonep	Horizontal shooter	2	horizontal	fantzone	Fantasy Zone (317-5000)	1986	Sega
fantzonepr	Horizontal shooter	2	horizontal	fantzone	Fantasy Zone (prototype)	1986	Sega
fantzoneta	Horizontal shooter	2	horizontal	fantzone	Fantasy Zone (Time Attack, bootleg)	2008	bootleg
farmer	Run & gun	2	horizontal	ikki	Farmers Rebellion	1985	Sun Electronics
fastfred	Action	2	vertical	flyboy	Fast Freddie	1982	Kaneko (Atari license)
fastlane	Racing	2	vertical		Fast Lane	1987	Konami
fatfursp	Fighting	2	horizontal		Fatal Fury Special / Garou Densetsu Special (NGM-058 ~ NGH-058, set 1)	1993	SNK
fatfurspa	Fighting	2	horizontal	fatfursp	Fatal Fury Special / Garou Densetsu Special (NGM-058 ~ NGH-058, set 2)	1993	SNK
fatfury1	Fighting	2	horizontal		Fatal Fury - King of Fighters / Garou Densetsu - Shukumei no Tatakai (NGM-033 ~ NGH-033)	1991	SNK
fatfury2	Fighting	2	horizontal		Fatal Fury 2 / Garou Densetsu 2 - Arata-naru Tatakai (NGM-047 ~ NGH-047)	1992	SNK
fatfury2a	Fighting	2	horizontal	fatfury2	Fatal Fury 2 / Garou Densetsu 2 - arata-naru tatakai (NGM-047)	1992	SNK
fatfury3	Fighting	2	horizontal		Fatal Fury 3 - Road to the Final Victory / Garou Densetsu 3 - Haruka-naru Tatakai (NGM-069 ~ NGH-069)	1995	SNK
fatfury3a	Fighting	2	horizontal	fatfury3	Fatal Fury 3 - Road to the Final Victory / Garou Densetsu 3 - haruka-naru tatakai (NGM-069 ~ NGH-069) (alternate set)	1995	SNK
fax	Quiz	2	horizontal		FAX	1983	Exidy
fax2	Quiz	2	horizontal	fax	FAX 2	1983	Exidy
fball	Maze	2	horizontal		Fire Ball (FM Work)	1992	FM Work
fbfrenzy	Sports	2	horizontal		Football Frenzy (NGM-034 ~ NGH-034)	1992	SNK
fcombat	Vertical shooter	2	vertical		Field Combat	1985	Jaleco
fcrash	Beat 'em up	2	horizontal	ffight	Final Crash (bootleg of Final Fight)	1990	bootleg (Playmark)
fenixexpl	Shooter	2	vertical	phoenix	Fenix (Explomatic, Spanish bootleg of Phoenix)	1980	bootleg (Explomatic)
fenixn	Shooter	2	vertical	phoenix	Fenix (Niemer bootleg of Phoenix)	1980	bootleg (Niemer)
feversos	Vertical shooter	2	vertical		Fever SOS (World, 98/09/25 VER)	1998	Cave (Nihon System license)
ffantasy	Fighting	2	horizontal	hippodrm	Fighting Fantasy (Japan, revision 3)	1989	Data East Corporation
ffantasya	Fighting	2	horizontal	hippodrm	Fighting Fantasy (Japan)	1989	Data East Corporation
ffantasyb	Fighting	2	horizontal	hippodrm	Fighting Fantasy (Japan revision ?)	1989	Data East Corporation
ffantasyj	Fighting	2	horizontal	hippodrm	Fighting Fantasy (Japan, revision 2)	1989	Data East Corporation
ffigh1v2	Beat 'em up	2	horizontal	ffight	Final Fight (1v2, Hack)	2017	hack
ffight	Beat 'em up	2	horizontal		Final Fight (World, set 1)	1989	Capcom
ffighta	Beat 'em up	2	horizontal	ffight	Final Fight (World, set 2)	1989	Capcom
ffightae	Beat 'em up	3	horizontal	ffight	Final Fight 30th Anniversary Edition (World, hack)	2019	hack
ffightaec2	Beat 'em up	3	horizontal		Final Fight: Anniversary Edition (CPS2 hardware)	2022	bootleg
ffightaec2ds	Beat 'em up	3	horizontal	ffightaec2	Final Fight: Anniversary Edition (Deadly Streets, Hack)(CPS2 Hardware)	2023	ZombieMaster
ffightaemgc	Beat 'em up	3	horizontal	ffight	Final Fight 30th Anniversary Edition (Mad Gear's City Hack)	2022	ZombieMaster
ffightbl	Beat 'em up	2	horizontal	ffight	Final Fight (bootleg)	1990	bootleg
ffightbla	Beat 'em up	2	horizontal	ffight	Final Fight (bootleg on Final Crash PCB)	1990	bootleg
ffightdw	Beat 'em up	2	horizontal	ffight	Final Fight (Warriors, Hack)	2016-2020	hack
ffightfw	Beat 'em up	2	horizontal	ffight	Final Fight (Framework, Hack)	2022	hack
ffightj	Beat 'em up	2	horizontal	ffight	Final Fight (Japan)	1989	Capcom
ffightj1	Beat 'em up	2	horizontal	ffight	Final Fight (Japan 900112)	1989	Capcom
ffightj2	Beat 'em up	2	horizontal	ffight	Final Fight (Japan 900305)	1989	Capcom
ffightj3	Beat 'em up	2	horizontal	ffight	Final Fight (Japan 900405)	1989	Capcom
ffightj4	Beat 'em up	2	horizontal	ffight	Final Fight (Japan 900613)	1989	Capcom
ffightjh	Beat 'em up	2	horizontal	ffight	Street Smart / Final Fight (Japan, hack)	1989	bootleg
ffightu	Beat 'em up	2	horizontal	ffight	Final Fight (USA, set 1)	1989	Capcom
ffightu1	Beat 'em up	2	horizontal	ffight	Final Fight (USA, set 2)	1989	Capcom
ffightu2	Beat 'em up	2	horizontal	ffight	Final Fight (USA, set 3)	1989	Capcom
ffightua	Beat 'em up	2	horizontal	ffight	Final Fight (USA 900112)	1989	Capcom
ffightub	Beat 'em up	2	horizontal	ffight	Final Fight (USA 900424)	1989	Capcom
ffightuc	Beat 'em up	2	horizontal	ffight	Final Fight (USA 900613)	1989	Capcom
ffurspbs	Fighting	2	horizontal	fatfursp	Fatal Fury Special / Garou Densetsu Special (Optional Hidden Character Third Edition, Hack)	1993	hack
ffurspbt	Fighting	2	horizontal	fatfursp	Fatal Fury Special / Garou Densetsu Special (BT Version PPX, Hack)	1993	hack
ffury1bs	Fighting	2	horizontal	fatfury1	Fatal Fury - King of Fighters / Garou Densetsu - Shukumei no Tatakai (Boss, Hack)	1992	hack
ffury2es	Fighting	2	horizontal	fatfury2	Fatal Fury 2 / Garou Densetsu 2 - Arata-naru Tatakai (Easy Special Attacks, Hack)	1992	hack
ffury3bs	Fighting	2	horizontal	fatfury3	Fatal Fury 3 - Road to the Final Victory / Garou Densetsu 3 - Haruka-naru Tatakai (Ancient Battles Resurgence, Hack)	2015	hack
ffury3eh	Fighting	2	horizontal	fatfury3	Fatal Fury 3 - Road to the Final Victory / Garou Densetsu 3 - Haruka-naru Tatakai (Add Char - Ultra kill style changed, Hack)	1995	hack
fghtatck	Vertical shooter	2	vertical		Fighter & Attacker (US)	1992	Namco
fghtbskt	Sports	2	horizontal		Fighting Basketball	1984	Paradise Co. Ltd.
fghthist	Fighting	2	horizontal		Fighter's History (World ver 43-09, DE-0395-1 PCB)	1993	Data East Corporation
fghthista	Fighting	2	horizontal	fghthist	Fighter's History (World ver 43-07, DE-0380-2 PCB)	1993	Data East Corporation
fghthistb	Fighting	2	horizontal	fghthist	Fighter's History (World ver 43-05, DE-0380-2 PCB)	1993	Data East Corporation
fghthistj	Fighting	2	horizontal	fghthist	Fighter's History (Japan ver 41-07, DE-0395-1 PCB)	1993	Data East Corporation
fghthistja	Fighting	2	horizontal	fghthist	Fighter's History (Japan ver 41-05, DE-0380-2 PCB)	1993	Data East Corporation
fghthistjb	Fighting	2	horizontal	fghthist	Fighter's History (Japan ver 41-04, DE-0380-1 PCB)	1993	Data East Corporation
fghthistu	Fighting	2	horizontal	fghthist	Fighter's History (US ver 42-09, DE-0396-0 PCB)	1993	Data East Corporation
fghthistua	Fighting	2	horizontal	fghthist	Fighter's History (US ver 42-06, DE-0395-1 PCB)	1993	Data East Corporation
fghthistub	Fighting	2	horizontal	fghthist	Fighter's History (US ver 42-05, DE-0395-1 PCB)	1993	Data East Corporation
fghthistuc	Fighting	2	horizontal	fghthist	Fighter's History (US ver 42-03, DE-0380-2 PCB)	1993	Data East Corporation
fhawk	Vertical shooter	2	vertical		Fighting Hawk (World)	1988	Taito Corporation Japan
fhawkj	Vertical shooter	2	vertical	fhawk	Fighting Hawk (Japan)	1988	Taito Corporation
fightfev	Fighting	2	horizontal		Fight Fever / Wang Jung Wang (set 1)	1994	Viccom
fightfeva	Fighting	2	horizontal	fightfev	Fight Fever / Wang Jung Wang (set 2)	1994	Viccom
fightrol	Racing	2	vertical		Fighting Roller	1983	Kaneko (Taito license)
finalap2	Racing	2	horizontal		Final Lap 2	1990	Namco
finalap2j	Racing	2	horizontal	finalap2	Final Lap 2 (Japan)	1990	Namco
finalap2jb	Racing	2	horizontal	finalap2	Final Lap 2 (Japan, Rev B)	1990	Namco
finalap3	Racing	2	horizontal		Final Lap 3 (World, Rev C)	1992	Namco
finalap3a	Racing	2	horizontal	finalap3	Final Lap 3 (World, set 2)	1992	Namco
finalap3bl	Racing	2	horizontal	finalap3	Final Lap 3 (bootleg)	1992	Namco
finalap3j	Racing	2	horizontal	finalap3	Final Lap 3 (Japan)	1992	Namco
finalap3jc	Racing	2	horizontal	finalap3	Final Lap 3 (Japan, Rev C)	1992	Namco
finalb	Fighting	2	horizontal		Final Blow (World)	1988	Taito Corporation Japan
finalbj	Fighting	2	horizontal	finalb	Final Blow (Japan)	1988	Taito Corporation
finalbu	Fighting	2	horizontal	finalb	Final Blow (US, rev 1)	1988	Taito America Corporation
finalgdr	Mahjong	2	horizontal		Final Godori (Korea, version 2.20.5915)	2001	SemiCom
finalizr	Vertical shooter	2	vertical		Finalizer - Super Transformation (set 1)	1985	Konami
finalizra	Vertical shooter	2	vertical	finalizr	Finalizer - Super Transformation (set 2)	1985	Konami
finalizrb	Vertical shooter	2	vertical	finalizr	Finalizer - Super Transformation (bootleg)	1985	bootleg
finallap	Racing	2	horizontal		Final Lap (Rev E)	1987	Namco
finallapc	Racing	2	horizontal	finallap	Final Lap (Rev C)	1987	Namco
finallapd	Racing	2	horizontal	finallap	Final Lap (Rev D)	1987	Namco
finallapjb	Racing	2	horizontal	finallap	Final Lap (Japan, Rev B)	1987	Namco
finallapjc	Racing	2	horizontal	finallap	Final Lap (Japan, Rev C)	1987	Namco
finalttr	Puzzle	2	horizontal		Final Tetris	1993	Jeil Computer System
finehour	Run & gun	2	horizontal		Finest Hour (Japan)	1989	Namco
finger	Horizontal shooter	2	vertical	stinger	Finger (bootleg of Stinger)	1983	bootleg
firebarr	Vertical shooter	2	vertical	airass	Fire Barrel (Japan)	1993	Irem
firebatl	Vertical shooter	2	vertical		Fire Battle	1984	Woodplace Inc. (Taito license)
firebeas	Beat 'em up	2	horizontal		Firebeast (prototype)	1983	Atari
firehawk	Vertical shooter	2	horizontal	spec2k	Fire Hawk (World) / Huohu Chuanshuo (China) (horizontal)	2001	ESD
fireshrk	Vertical shooter	2	vertical		Fire Shark	1990	Toaplan
fireshrka	Vertical shooter	2	vertical	fireshrk	Fire Shark (earlier)	1989	Toaplan
fireshrkd	Vertical shooter	2	vertical	fireshrk	Fire Shark (Korea, set 1, easier)	1990	Toaplan (Dooyong license)
fireshrkdh	Vertical shooter	2	vertical	fireshrk	Fire Shark (Korea, set 2, harder)	1990	Toaplan (Dooyong license)
firetrap	Maze	4	vertical		Fire Trap (US, rev A)	1986	Woodplace Inc. (Data East USA license)
firetrapa	Maze	4	vertical	firetrap	Fire Trap (US)	1986	Woodplace Inc. (Data East USA license)
firetrapbl	Maze	4	vertical	firetrap	Fire Trap (Japan bootleg)	1986	bootleg
firetrapj	Maze	4	vertical	firetrap	Fire Trap (Japan)	1986	Woodplace Inc.
fitegolf	Sports	2	horizontal		Lee Trevino's Fighting Golf (World?)	1988	SNK
fitegolfu	Sports	2	horizontal	fitegolf	Lee Trevino's Fighting Golf (US, Ver 2, set 1)	1988	SNK
fitegolfua	Sports	2	horizontal	fitegolf	Lee Trevino's Fighting Golf (US, Ver 2, set 2)	1988	SNK
fitter	Maze	2	vertical	roundup	Fitter	1981	Taito Corporation
fitterbl	Maze	2	vertical	roundup	Fitter (bootleg of Round-Up)	1981	bootleg
fixeight	Run & gun	3	horizontal		FixEight (Europe)	1992	Toaplan
fixeighta	Run & gun	3	horizontal	fixeight	FixEight (Southeast Asia)	1992	Toaplan
fixeightat	Run & gun	3	horizontal	fixeight	FixEight (Southeast Asia, Taito license)	1992	Toaplan (Taito license)
fixeighth	Run & gun	3	horizontal	fixeight	FixEight (Hong Kong)	1992	Toaplan
fixeightht	Run & gun	3	horizontal	fixeight	FixEight (Hong Kong, Taito license)	1992	Toaplan (Taito license)
fixeightj	Run & gun	3	horizontal	fixeight	FixEight - Jigoku no Eiyuu Densetsu (Japan)	1992	Toaplan
fixeightjt	Run & gun	3	horizontal	fixeight	FixEight - Jigoku no Eiyuu Densetsu (Japan, Taito license)	1992	Toaplan (Taito license)
fixeightk	Run & gun	3	horizontal	fixeight	FixEight (Korea)	1992	Toaplan
fixeightkt	Run & gun	3	horizontal	fixeight	FixEight (Korea, Taito license)	1992	Toaplan (Taito license)
fixeightt	Run & gun	3	horizontal	fixeight	FixEight (Europe, Taito license)	1992	Toaplan (Taito license)
fixeighttw	Run & gun	3	horizontal	fixeight	FixEight (Taiwan)	1992	Toaplan
fixeighttwt	Run & gun	3	horizontal	fixeight	FixEight (Taiwan, Taito license)	1992	Toaplan (Taito license)
fixeightu	Run & gun	3	horizontal	fixeight	FixEight (USA)	1992	Toaplan
fixeightut	Run & gun	3	horizontal	fixeight	FixEight (USA, Taito license)	1992	Toaplan (Taito license)
fjbuster	Fighting	2	horizontal	shogwarr	Fujiyama Buster (Japan)	1992	Kaneko
flagrall	Maze	1	horizontal		'96 Flag Rally	1996	Promat?
flapchck	Platform	1	horizontal		Flappy Chicken (HB, ver. 20230430)	2023	Blastar
flashgal	Platform	2	horizontal		Flashgal (set 1)	1985	Kyugo / Sega
flashgala	Platform	2	horizontal	flashgal	Flashgal (set 2)	1985	Kyugo / Sega
flashgalk	Platform	2	horizontal	flashgal	Flashgal (set 1, Kyugo logo)	1985	Kyugo / Sega
flicky	Platform	2	horizontal		Flicky (128k Version, 315-5051)	1984	Sega
flickya	Platform	2	horizontal	flicky	Flicky (128k Version, 315-5051, larger ROMs)	1984	Sega
flickyb	Platform	2	horizontal	flicky	Flicky (128k Version, 315-5051, larger ROMs, newer)	1984	Sega
flickyg	Platform	2	horizontal	flicky	Flicky (128k Version, System 2, 315-5051, alt graphics)	1984	Sega
flickyo	Platform	2	horizontal	flicky	Flicky (64k Version, 315-5051, set 1)	1984	Sega
flickys1	Platform	2	horizontal	flicky	Flicky (64k Version, 315-5051, set 2)	1984	Sega
flickys2	Platform	2	horizontal	flicky	Flicky (128k Version, not encrypted)	1984	Sega
flickys2g	Platform	2	horizontal	flicky	Flicky (128k Version, System 2, not encrypted, alt graphics)	1984	Sega
flickyup	Platform	2	horizontal	flicky	Flicky (64k Version, on Up'n Down boardset, set 1)	1984	Sega
flickyupa	Platform	2	horizontal	flicky	Flicky (64k Version, on Up'n Down boardset, set 2)	1984	bootleg
flipjack	Pinball	2	vertical		Flipper Jack	1983?	Jackson Co., Ltd.
flipshot	Ball & paddle	2	horizontal		Battle Flip Shot	1998	Visco
flipull	Puzzle	2	horizontal	plotting	Flipull (Japan)	1989	Taito Corporation
flkatck	Vertical shooter	2	vertical	mx5000	Flak Attack (Japan, version P)	1987	Konami
flkatcka	Vertical shooter	2	vertical	mx5000	Flak Attack (Japan, version P, PWB 450593 sub-board)	1987	Konami
floritas	Vertical shooter	2	vertical	mooncrst	Floritas (bootleg of Moon Cresta)	1980	bootleg
floritasm	Vertical shooter	2	vertical	mooncrst	Floritas (Multivideo Spanish bootleg of Moon Cresta)	1980	bootleg (Multivideo)
flower	Vertical shooter	2	horizontal		Flower (US)	1986	Clarue (Komax license)
flowerj	Vertical shooter	2	horizontal	flower	Flower (Japan)	1986	Clarue (Sega / Alpha Denshi Co. license)
flowerjb	Vertical shooter	2	horizontal	flower	Flower (Japan, bootleg?)	1986	Clarue (Sega / Alpha Denshi Co. license)
flstory	Platform	2	horizontal		The FairyLand Story	1985	Taito
flstoryo	Platform	2	horizontal	flstory	The FairyLand Story (earlier)	1985	Taito
flyboy	Action	2	vertical		Fly-Boy	1982	Kaneko
flyboyb	Action	2	vertical	flyboy	Fly-Boy (bootleg)	1982	bootleg
flytiger	Vertical shooter	2	vertical		Flying Tiger (set 1)	1992	Dooyong
flytigera	Vertical shooter	2	vertical	flytiger	Flying Tiger (set 2)	1992	Dooyong
fncywld	Platform	2	horizontal		Fancy World - Earth of Crisis	1996	Unico
fnkyfish	Horizontal shooter	2	vertical		Funky Fish	1981	Sun Electronics
fnshark	Vertical shooter	2	vertical	fshark	Flyin' Shark (bootleg of Hishou Zame)	1987	bootleg
foodf	Action	2	horizontal		Food Fight (rev 3)	1982	General Computer Corporation (Atari license)
foodf1	Action	2	horizontal	foodf	Food Fight (rev 1)	1982	General Computer Corporation (Atari license)
foodf2	Action	2	horizontal	foodf	Food Fight (rev 2)	1982	General Computer Corporation (Atari license)
foodfc	Action	2	horizontal	foodf	Food Fight (cocktail)	1982	General Computer Corporation (Atari license)
foodfight	Action	1	horizontal		Food Fight - Neo Geo Conversion (HB)	2025	iq_132
footchmp	Football	4	horizontal		Football Champ / Euro Football Champ (World)	1990	Taito Corporation Japan
forcebrk	Horizontal shooter	2	horizontal	brkthru	Force Break (bootleg)	1986	bootleg
forgottn	Horizontal shooter	2	horizontal		Forgotten Worlds (World, newer)	1988	Capcom
forgottna	Horizontal shooter	2	horizontal	forgottn	Forgotten Worlds (World)	1988	Capcom
forgottnj	Horizontal shooter	2	horizontal	forgottn	Forgotten Worlds (Japan) (English prototype)	1988	Capcom
forgottnu	Horizontal shooter	2	horizontal	forgottn	Forgotten Worlds (USA, B-Board 88621B-2, Rev. C)	1988	Capcom
forgottnua	Horizontal shooter	2	horizontal	forgottn	Forgotten Worlds (USA, B-Board 88618B-2, Rev. A)	1988	Capcom
forgottnuaa	Horizontal shooter	2	horizontal	forgottn	Forgotten Worlds (USA, B-Board 88618B-2, Rev. AA)	1988	Capcom
forgottnuc	Horizontal shooter	2	horizontal	forgottn	Forgotten Worlds (USA, B-Board 88618B-2, Rev. C)	1988	Capcom
forgottnue	Horizontal shooter	2	horizontal	forgottn	Forgotten Worlds (USA, B-Board 88618B-2, Rev. E)	1988	Capcom
formatz	Horizontal shooter	2	horizontal		Formation Z	1984	Jaleco
fort2b	Misc	2	horizontal		Fortress 2 Blue Arcade (World) (ver 1.01 / pcb ver 3.05)	2001	Eolith
fort2ba	Misc	2	horizontal	fort2b	Fortress 2 Blue Arcade (Korea) (ver 1.00 / pcb ver 3.05)	2001	Eolith
fourtrax	Racing	2	horizontal		Four Trax (World)	1989	Namco
fourtraxa	Racing	2	horizontal	fourtrax	Four Trax (US?, censored banners)	1989	Namco (Atari license?)
fourtraxj	Racing	2	horizontal	fourtrax	Four Trax (Japan)	1989	Namco
fpoint	Puzzle	2	horizontal		Flash Point (set 2, Japan) (FD1094 317-0127A)	1989	Sega
fpoint1	Puzzle	2	horizontal	fpoint	Flash Point (set 1, Japan) (FD1094 317-0127A)	1989	Sega
fpoint1d	Puzzle	2	horizontal	fpoint	Flash Point (set 1, Japan) (bootleg of FD1094 317-0127A set)	1989	bootleg
fpointbj	Puzzle	2	horizontal	fpoint	Flash Point (Japan, bootleg set 1)	1989	bootleg (Datsu)
fpointbl	Puzzle	2	horizontal	fpoint	Flash Point (World, bootleg)	1989	bootleg (Datsu)
fpointd	Puzzle	2	horizontal	fpoint	Flash Point (set 2, Japan) (bootleg of FD1094 317-0127A set)	1989	bootleg
freedoom	Shooter	1	horizontal	doomgeo	Freedoom (HB, v0.13.0 8643a06)	2026	Sabino
freekick	Breakout	2	vertical		Free Kick (NS6201-A 1987.10)	1987	Nihon System (Merit license)
freekicka	Breakout	2	vertical	freekick	Free Kick (NS6201-A 1987.9)	1987	Nihon System
freekickb1	Breakout	2	vertical	freekick	Free Kick (bootleg set 1)	1987	bootleg
freekickb3	Breakout	2	vertical	freekick	Free Kick (bootleg set 3)	1987	bootleg
freeze	Maze	2	vertical		Freeze	1984	Cinematronics
frenzy	Shooter / Maze	2	horizontal		Frenzy (revision RA1)	1982	Stern Electronics
friskyt	Maze	2	horizontal		Frisky Tom (set 1)	1981	Nichibutsu
friskyta	Maze	2	horizontal	friskyt	Frisky Tom (set 2)	1981	Nichibutsu
frogf	Action	2	vertical	frogger	Frog (Falcon bootleg)	1981	bootleg (Falcon)
frogg	Action	2	vertical	frogger	Frog (bootleg on Galaxian hardware)	1981	bootleg
frogger	Action	2	vertical		Frogger	1981	Konami
froggereb	Action	2	vertical	frogger	Frogger - New Serie 92 (bootleg)	1992	bootleg (Eurobed)
froggermc	Action	2	vertical	frogger	Frogger (Moon Cresta hardware)	1981	Konami (Sega license)
froggers	Action	2	vertical	frogger	Frog	1981	bootleg
froggers1	Action	2	vertical	frogger	Frogger (Sega, set 1)	1981	Konami (Sega license)
froggers2	Action	2	vertical	frogger	Frogger (Sega, set 2)	1981	Konami (Sega license)
froggers3	Action	2	vertical	frogger	Frogger (Sega, set 3)	1981	Konami (Sega license)
froggert	Action	2	vertical	frogger	Frogger (Turtles hardware)	1981	Konami (Sega license)
froggrs	Action	2	vertical	frogger	Frogger (Coin Music, bootleg on Scramble hardware)	1981	bootleg (Coin Music)
frogs	Platform	2	horizontal		Frogs	1978	Gremlin
froman2b	Mahjong	2	horizontal		Idol Mahjong Final Romance 2 (Neo-Geo, bootleg of CD version)	1995	bootleg
froman2bp	Mahjong	2	horizontal	froman2b	Idol Mahjong Final Romance 2 (Neo-Geo, bootleg of CD version, full CD audio)	1995	bootleg
frontlin	Run & gun	2	vertical		Front Line (AA1, 4 PCB version)	1982	Taito Corporation
frontlina	Run & gun	2	vertical	frontlin	Front Line (FL, 5 PCB version)	1982	Taito Corporation
fround	Sports	2	horizontal		The Final Round (version M)	1988	Konami
froundl	Sports	2	horizontal	fround	The Final Round (version L)	1988	Konami
fshark	Vertical shooter	2	vertical		Flying Shark (World)	1987	Toaplan / Taito Corporation
fsharkb	Vertical shooter	2	vertical	fshark	Flying Shark (World, bootleg)	1987	bootleg
fsharkbt	Vertical shooter	2	vertical	fshark	Flying Shark (bootleg with 8741)	1987	bootleg
fspiderb	Vertical shooter	2	vertical		Frog & Spiders (bootleg?)	1981	Taito Corporation
fstarfrc	Vertical shooter	2	vertical		Final Star Force (US)	1992	Tecmo
fstarfrcj	Vertical shooter	2	vertical	fstarfrc	Final Star Force (Japan, set 1)	1992	Tecmo
fstarfrcja	Vertical shooter	2	vertical	fstarfrc	Final Star Force (Japan, set 2)	1992	Tecmo
fstarfrcw	Vertical shooter	2	vertical	fstarfrc	Final Star Force (World?)	1992	Tecmo
fswords	Fighting	2	horizontal	samsho3	Fighters Swords (Korean release of Samurai Shodown III)	1995	SNK
fullthrl	Racing	2	horizontal	topspeed	Full Throttle (Japan)	1987	Taito Corporation
funkybee	Vertical shooter	2	vertical		Funky Bee	1982	Orca
funkybeeb	Vertical shooter	2	vertical	funkybee	Funky Bee (bootleg, harder)	1982	bootleg
funkyjet	Platform	2	horizontal		Funky Jet (World, rev 1)	1992	Mitchell
funkyjeta	Platform	2	horizontal	funkyjet	Funky Jet (World)	1992	Mitchell
funkyjeta2	Platform	2	horizontal	funkyjet	Funky Jet (Korea, prototype?)	1992	Mitchell
funkyjetj	Platform	2	horizontal	funkyjet	Funky Jet (Japan, rev 2)	1992	Mitchell (Data East Corporation license)
funnymou	Platform	2	vertical	suprmous	Funny Mouse (Japan)	1982	Taito Corporation (Chuo Co. Ltd license)
funybubl	Puzzle	2	horizontal		Funny Bubble	1999	In Chang Electronic Co
funybublc	Puzzle	2	horizontal	funybubl	Funny Bubble (Comad version)	1999	Comad
futari10	Vertical shooter	2	vertical	futari15	Mushihime-Sama Futari Ver 1.0 (2006/10/23 MASTER VER.)	2006	Cave (AMI license)
futari15	Vertical shooter	2	vertical		Mushihime-Sama Futari Ver 1.5 (2006/12/8.MASTER VER. 1.54.)	2006	Cave (AMI license)
futari15a	Vertical shooter	2	vertical	futari15	Mushihime-Sama Futari Ver 1.5 (2006/12/8 MASTER VER 1.54)	2006	Cave (AMI license)
futaribl	Vertical shooter	2	vertical		Mushihime-Sama Futari Black Label - Another Ver (2009/11/27 INTERNATIONAL BL)	2007	Cave (AMI license)
futariblj	Vertical shooter	2	vertical	futaribl	Mushihime-Sama Futari Black Label (2007/12/11 BLACK LABEL VER)	2007	Cave (AMI license)
futspy	Vertical shooter	2	vertical		Future Spy (315-5061)	1984	Sega
fx	Vertical shooter	2	vertical	srdmissn	F-X (bootleg of S.R.D. Mission)	1986	bootleg
ga2	Beat 'em up	4	horizontal		Golden Axe: The Revenge of Death Adder (World, Rev B)	1992	Sega
ga2j	Beat 'em up	4	horizontal	ga2	Golden Axe: The Revenge of Death Adder (Japan)	1992	Sega
ga2u	Beat 'em up	4	horizontal	ga2	Golden Axe: The Revenge of Death Adder (US, Rev A)	1992	Sega
gaia	Beat 'em up	2	horizontal		Gaia Crusaders	1999	Noise Factory
gaialast	Vertical shooter	2	horizontal		Gaia - The Last Choice of Earth	1999	SemiCom / XESS
gaiapols	Beat 'em up	2	vertical		Gaiapolis (ver EAF)	1993	Konami
gaiapolsj	Beat 'em up	2	vertical	gaiapols	Gaiapolis (ver JAF)	1993	Konami
gaiapolsu	Beat 'em up	2	vertical	gaiapols	Gaiapolis (ver UAF)	1993	Konami
gaiden	Beat 'em up	2	horizontal	shadoww	Ninja Gaiden (US)	1988	Tecmo
galactica2	Vertical shooter	2	vertical	moonal2	Galactica-2 (bootleg of Moon Alien Part 2)	1980	bootleg (Cirsa)
galaga	Vertical shooter	2	vertical		Galaga (Namco rev. B)	1981	Namco
galaga3	Vertical shooter	2	vertical	gaplus	Galaga 3 (GP3 rev. D)	1984	Namco
galaga3a	Vertical shooter	2	vertical	gaplus	Galaga 3 (GP3 rev. C)	1984	Namco
galaga3b	Vertical shooter	2	vertical	gaplus	Galaga 3 (GP3)	1984	Namco
galaga3c	Vertical shooter	2	vertical	gaplus	Galaga 3 (set 4)	1984	Namco
galaga3m	Vertical shooter	2	vertical	gaplus	Galaga 3 (set 5)	1984	Namco
galaga88	Vertical shooter	2	vertical		Galaga '88	1987	Namco
galaga88a	Vertical shooter	2	vertical	galaga88	Galaga '88 (02-03-88)	1987	Namco
galaga88j	Vertical shooter	2	vertical	galaga88	Galaga '88 (Japan)	1987	Namco
galagamf	Vertical shooter	2	vertical	galaga	Galaga (Midway set 1 with fast shoot hack)	1981	Namco (Midway license)
galagamk	Vertical shooter	2	vertical	galaga	Galaga (Midway set 2)	1981	Namco (Midway license)
galagamw	Vertical shooter	2	vertical	galaga	Galaga (Midway set 1)	1981	Namco (Midway license)
galagao	Vertical shooter	2	vertical	galaga	Galaga (Namco)	1981	Namco
galagap	Vertical shooter	2	vertical	galaga	Galaga (Patched)	2007	Hack (Don Hodges)
galagawm	Vertical shooter	2	vertical	galaga	Galaga Wave Mixer (Hack)	2024	Namco
galaktron	Vertical shooter	2	vertical	galaxian	Galaktron (Petaco S.A.)	1979	bootleg (Petaco S.A.)
galaktrons3	Vertical shooter	2	vertical	galaxian	Galaktron (Sede 3)	1979	bootleg (Sede 3)
galap1	Vertical shooter	2	vertical	galaxian	Space Invaders Galactica (hack of 'Galaxian (Namco set 2)')	1979	hack
galap2	Vertical shooter	2	vertical	galaxian	GX Part 2 (hack of Galaxian)	1979	hack (International Scientific)
galap4	Vertical shooter	2	vertical	galaxian	Galaxian Part 4 (hack)	1979	hack (G.G.I)
galapx	Vertical shooter	2	vertical	galaxian	Galaxian Part X (hack of 'Moon Alien')	1979	hack
galastrm	Shooter	2	horizontal		Galactic Storm (Japan)	1992	Taito Corporation
galaxbsf	Vertical shooter	2	vertical	galaxian	Galaxian (bootleg, set 1)	1979	bootleg
galaxbsf2	Vertical shooter	2	vertical	galaxian	Galaxian (bootleg, set 3)	1979	bootleg
galaxcirsa	Vertical shooter	2	vertical	galaxian	Galaxian (Cirsa Spanish bootleg)	1979	bootleg (Cirsa)
galaxian	Vertical shooter	2	vertical		Galaxian (Namco set 1)	1979	Namco
galaxiana	Vertical shooter	2	vertical	galaxian	Galaxian (Namco set 2)	1979	Namco
galaxianbl	Vertical shooter	2	vertical	galaxian	Galaxian (bootleg, set 2)	1979	bootleg
galaxianbl2	Vertical shooter	2	vertical	galaxian	Galaxian (bootleg, set 4)	1979	bootleg
galaxianbl3	Vertical shooter	2	vertical	galaxian	Galaxian (Spanish bootleg)	1979	bootleg
galaxianem	Vertical shooter	2	vertical	galaxian	Galaxian (Electromar Spanish bootleg)	1980	bootleg (Electromar)
galaxiani	Vertical shooter	2	vertical	galaxian	Galaxian (Irem)	1979	Namco (Irem license)
galaxianiii	Vertical shooter	2	vertical	galaxian	Galaxian III (bootleg of Galaxian)	1979	bootleg
galaxianm	Vertical shooter	2	vertical	galaxian	Galaxian (Midway set 1)	1979	Namco (Midway license)
galaxianmo	Vertical shooter	2	vertical	galaxian	Galaxian (Midway set 2)	1979	Namco (Midway license)
galaxianng	Vertical shooter	1	vertical		Galaxian - Neo Geo Conversion (HB, Beta2)	1979-2023	Namco - tcdev
galaxianoly	Vertical shooter	2	vertical	galaxian	Galaxian (Olympia bootleg)	1979	bootleg (Olympia)
galaxianrp	Vertical shooter	2	vertical	galaxian	Galaxian (Rene Pierre bootleg)	1979	bootleg (Valadon Automation / Rene Pierre)
galaxiant	Vertical shooter	2	vertical	galaxian	Galaxian (Taito)	1979	Namco (Taito license)
galaxrcgg	Vertical shooter	2	vertical	galaxian	Galaxian Growing Galaxip / Galaxian Nave Creciente (Recreativos Covadonga Spanish bootleg)	1980	bootleg (Recreativos Covadonga)
galaxrf	Vertical shooter	2	vertical	galaxian	Galaxian (Recreativos Franco S.A. Spanish bootleg)	1980	bootleg (Recreativos Franco S.A.)
galaxrfgg	Vertical shooter	2	vertical	galaxian	Galaxian Growing Galaxip / Galaxian Nave Creciente (Recreativos Franco S.A. Spanish bootleg)	1980	bootleg (Recreativos Franco S.A.)
galaxyfg	Fighting	2	horizontal		Galaxy Fight - Universal Warriors	1995	Sunsoft
galaxyfg03	Fighting	2	horizontal	galaxyfg	Galaxy Fight (Enhanced Version 2014)	2014	Yumeji
galaxygn	Vertical shooter	2	vertical		Galaxy Gunners	1989	Electronic Devices Italy
galaxygnh	Vertical shooter	2	vertical	galaxygn	Galaxy Gunners (1990 year hack)	1990	Electronic Devices Italy
galaxyx	Vertical shooter	2	vertical	galaxian	Galaxy X (bootleg of Galaxian)	1979	bootleg
galemp	Vertical shooter	2	vertical	uniwars	Galaxy Empire (bootleg?)	1980	bootleg (Taito do Brasil)
galgame	Misc	2	horizontal		Galaxy Game	1971	Computer Recreations, Inc
galhustl	Sports	2	horizontal	pgalvip	Gals Hustler (set 1)	1997	ACE International
galhustla	Sports	2	horizontal	pgalvip	Gals Hustler (set 2)	1997	ACE International
galivan	Platform / Run & gun	2	vertical		Cosmo Police Galivan (12/26/1985)	1985	Nichibutsu
galivan2	Platform / Run & gun	2	vertical	galivan	Cosmo Police Galivan (12/16/1985)	1985	Nichibutsu
galivan3	Platform / Run & gun	2	vertical	galivan	Cosmo Police Galivan (12/11/1985)	1985	Nichibutsu
galkamika	Vertical shooter	2	vertical	galaxian	Kamikaze (Electrogame, Spanish bootleg of Galaxian)	1979	bootleg (Electrogame)
gallag	Vertical shooter	2	vertical	galaga	Gallag	1982	bootleg
gallop	Horizontal shooter	2	horizontal	cosmccop	Gallop - Armed Police Unit (Japan, M84 hardware)	1991	Irem
gallopm72	Horizontal shooter	2	horizontal	cosmccop	Gallop - Armed Police Unit (Japan, M72 hardware)	1991	Irem
galmedes	Vertical shooter	2	vertical		Galmedes (Japan)	1992	Visco
galpani3	Puzzle	2	vertical		Gals Panic 3 (Euro)	1995	Kaneko
galpani3hk	Puzzle	2	vertical	galpani3	Gals Panic 3 (Hong Kong)	1995	Kaneko
galpani3j	Puzzle	2	vertical	galpani3	Gals Panic 3 (Japan)	1995	Kaneko
galpani3k	Puzzle	2	vertical	galpani3	Gals Panic 3 (Korea)	1995	Kaneko
galpani4	Puzzle	2	horizontal		Gals Panic 4 (Europe)	1996	Kaneko
galpani4a	Puzzle	2	horizontal	galpani4	Gals Panic 4 (Asia)	1996	Kaneko
galpani4j	Puzzle	2	horizontal	galpani4	Gals Panic 4 (Japan)	1996	Kaneko
galpani4k	Puzzle	2	horizontal	galpani4	Gals Panic 4 (Korea)	1996	Kaneko
galpanic	Puzzle	2	vertical		Gals Panic (unprotected, ver. 2.0)	1990	Kaneko
galpanica	Puzzle	2	vertical	galpanic	Gals Panic (unprotected)	1990	Kaneko
galpanicb	Puzzle	2	vertical	galpanic	Gals Panic (ULA protected, set 1)	1990	Kaneko
galpanicc	Puzzle	2	vertical	galpanic	Gals Panic (ULA protected, set 2)	1990	Kaneko
galpanidx	Puzzle	2	horizontal	galpani4	Gals Panic DX (Asia)	2001	Kaneko
galpaniex	Puzzle	2	horizontal	galpani4	Gals Panic EX (Korea)	2000	Kaneko
galpanis	Puzzle	2	horizontal		Gals Panic S - Extra Edition (Europe, revision 1)	1997	Kaneko
galpanisa	Puzzle	2	horizontal	galpanis	Gals Panic S - Extra Edition (Asia)	1997	Kaneko
galpanise	Puzzle	2	horizontal	galpanis	Gals Panic S - Extra Edition (Europe, set 2)	1997	Kaneko
galpanisj	Puzzle	2	horizontal	galpanis	Gals Panic S - Extra Edition (Japan, revision 1)	1997	Kaneko
galpanisk	Puzzle	2	horizontal	galpanis	Gals Panic S - Extra Edition (Korea, revision 1)	1997	Kaneko
galpaniska	Puzzle	2	horizontal	galpanis	Gals Panic S - Extra Edition (Korea)	1997	Kaneko
galpanisu	Puzzle	2	horizontal	galpani4	Gals Panic SU (Korea, Gals Panic 4 re-release)	2000	Kaneko
galpans2	Puzzle	2	horizontal		Gals Panic S2 (Europe, version 3)	1999	Kaneko
galpans2a	Puzzle	2	horizontal	galpans2	Gals Panic S2 (Asia, version 1.1)	1999	Kaneko
galpans2j	Puzzle	2	horizontal	galpans2	Gals Panic S2 (Japan)	1999	Kaneko
galpans3	Puzzle	2	horizontal		Gals Panic S3 (Japan)	2002	Kaneko
galpansu	Puzzle	2	horizontal	galpans2	Gals Panic SU (Korea, version 5)	1999	Kaneko
galpansua	Puzzle	2	horizontal	galpans2	Gals Panic SU (Korea)	1999	Kaneko
galsnew	Puzzle	2	vertical		Gals Panic (Export, EXPRO-02 PCB)	1990	Kaneko
galsnewj	Puzzle	2	vertical	galsnew	Gals Panic (Japan, EXPRO-02 PCB)	1990	Kaneko (Taito license)
galsnewk	Puzzle	2	vertical	galsnew	Gals Panic (Korea, EXPRO-02 PCB)	1990	Kaneko (Inter license)
galsnewt	Puzzle	2	vertical	galsnew	Gals Panic (Taiwan, EXPRO-02 PCB)	1990	Kaneko
galsnewu	Puzzle	2	vertical	galsnew	Gals Panic (US, EXPRO-02 PCB)	1990	Kaneko
galspnbl	Pinball	1	vertical		Gals Pinball	1996	Comad
galturbo	Vertical shooter	2	vertical	galaxian	Galaxian Turbo (hack of 'Super Galaxians')	1979	hack
galwars2	Horizontal shooter	2	horizontal	defender	Galaxy Wars II (bootleg of Defender)	1981	bootleg (Sonic)
gametngk	Vertical shooter	2	vertical		The Game Paradise - Master of Shooting! / Game Tengoku - The Game Paradise (ver 1.0)	1995	Jaleco
ganbare	Misc	2	horizontal		Ganbare! Marine Kun (Japan 2K0411)	2000	Capcom
gangonta	Maze	2	vertical	prtytime	Ganbare! Gonta!! 2 / Party Time: Gonta the Diver II (Japan Release)	1995	Mitchell
gangwars	Beat 'em up	2	horizontal		Gang Wars	1989	Alpha Denshi Co.
gangwarsb	Beat 'em up	2	horizontal	gangwars	Gang Wars (bootleg)	1989	bootleg
gangwarsj	Beat 'em up	2	horizontal	gangwars	Gang Wars (Japan)	1989	Alpha Denshi Co.
gangwarsu	Beat 'em up	2	horizontal	gangwars	Gang Wars (US)	1989	Alpha Denshi Co.
ganryu	Beat 'em up	2	horizontal		Ganryu / Musashi Ganryuki	1999	Visco
gaplus	Vertical shooter	2	vertical		Gaplus (GP2 rev. B)	1984	Namco
gaplusa	Vertical shooter	2	vertical	gaplus	Gaplus (GP2)	1984	Namco
gaplusd	Vertical shooter	2	vertical	gaplus	Gaplus (GP2 rev D, alternate hardware)	1984	Namco
gapluse	Vertical shooter	2	vertical	gaplus	Gaplus (GP7)	1984	Namco
gaplust	Vertical shooter	2	vertical	gaplus	Gaplus (Tecfri PCB)	1992	bootleg (Tecfri)
gardia	Vertical shooter	2	vertical		Gardia (317-0006)	1986	Coreland / Sega
gardiab	Vertical shooter	2	vertical	gardia	Gardia (317-0007?, bootleg)	1986	bootleg
gardiaj	Vertical shooter	2	vertical	gardia	Gardia (Japan, 317-0006)	1986	Coreland / Sega
garogun	Quiz	1	horizontal		Garogun Seroyang (Korea)	2000	Yun Sung
garou	Fighting	2	horizontal		Garou - Mark of the Wolves (NGM-2530)	1999	SNK
garoubl	Fighting	2	horizontal	garou	Garou - Mark of the Wolves (bootleg)	1999	bootleg
garoubs	Fighting	2	horizontal	garou	Garou - Mark of the Wolves (Enable hidden characters, Hack)	1999	Ydmis
garouh	Fighting	2	horizontal	garou	Garou - Mark of the Wolves (NGM-2530 ~ NGH-2530)	1999	SNK
garouha	Fighting	2	horizontal	garou	Garou - Mark of the Wolves (NGH-2530)	1999	SNK
garoujq	Fighting	2	horizontal	garou	Garou - Mark of the Wolves (Enhanced, Hack)	2023	hack
garoup	Fighting	2	horizontal	garou	Garou - Mark of the Wolves (prototype)	1999	SNK
garuka	Run & gun	2	vertical	devstors	Garuka (Japan ver. W)	1988	Konami
garyoret	Run & gun	2	horizontal		Garyo Retsuden (Japan)	1987	Data East Corporation
gatedoom	Maze / Beat 'em up	2	horizontal	darkseal	Gate of Doom (US revision 4)	1990	Data East Corporation
gatedoom1	Maze / Beat 'em up	2	horizontal	darkseal	Gate of Doom (US revision 1)	1990	Data East Corporation
gaunt2	Maze / Run & gun	4	horizontal		Gauntlet II	1986	Atari Games
gaunt22p	Maze / Run & gun	2	horizontal	gaunt2	Gauntlet II (2 Players, rev 2)	1986	Atari Games
gaunt22p1	Maze / Run & gun	2	horizontal	gaunt2	Gauntlet II (2 Players, rev 1)	1986	Atari Games
gaunt22pg	Maze / Run & gun	2	horizontal	gaunt2	Gauntlet II (2 Players, German)	1986	Atari Games
gaunt2g	Maze / Run & gun	4	horizontal	gaunt2	Gauntlet II (German)	1986	Atari Games
gauntlet	Maze / Run & gun	4	horizontal		Gauntlet (rev 14)	1985	Atari Games
gauntlet2p	Maze / Run & gun	2	horizontal	gauntlet	Gauntlet (2 Players, rev 6)	1985	Atari Games
gauntlet2pg	Maze / Run & gun	2	horizontal	gauntlet	Gauntlet (2 Players, German, rev 4)	1985	Atari Games
gauntlet2pg1	Maze / Run & gun	2	horizontal	gauntlet	Gauntlet (2 Players, German, rev 1)	1985	Atari Games
gauntlet2pj	Maze / Run & gun	2	horizontal	gauntlet	Gauntlet (2 Players, Japanese, rev 5)	1985	Atari Games
gauntlet2pj2	Maze / Run & gun	2	horizontal	gauntlet	Gauntlet (2 Players, Japanese, rev 2)	1985	Atari Games
gauntlet2pr3	Maze / Run & gun	2	horizontal	gauntlet	Gauntlet (2 Players, rev 3)	1985	Atari Games
gauntletg	Maze / Run & gun	4	horizontal	gauntlet	Gauntlet (German, rev 10)	1985	Atari Games
gauntletgr3	Maze / Run & gun	4	horizontal	gauntlet	Gauntlet (German, rev 3)	1985	Atari Games
gauntletgr6	Maze / Run & gun	4	horizontal	gauntlet	Gauntlet (German, rev 6)	1985	Atari Games
gauntletgr8	Maze / Run & gun	4	horizontal	gauntlet	Gauntlet (German, rev 8)	1985	Atari Games
gauntletj	Maze / Run & gun	4	horizontal	gauntlet	Gauntlet (Japanese, rev 13)	1985	Atari Games
gauntletj12	Maze / Run & gun	4	horizontal	gauntlet	Gauntlet (Japanese, rev 12)	1985	Atari Games
gauntletr1	Maze / Run & gun	4	horizontal	gauntlet	Gauntlet (rev 1)	1985	Atari Games
gauntletr2	Maze / Run & gun	4	horizontal	gauntlet	Gauntlet (rev 2)	1985	Atari Games
gauntletr4	Maze / Run & gun	4	horizontal	gauntlet	Gauntlet (rev 4)	1985	Atari Games
gauntletr5	Maze / Run & gun	4	horizontal	gauntlet	Gauntlet (rev 5)	1985	Atari Games
gauntletr7	Maze / Run & gun	4	horizontal	gauntlet	Gauntlet (rev 7)	1985	Atari Games
gauntletr9	Maze / Run & gun	4	horizontal	gauntlet	Gauntlet (rev 9)	1985	Atari Games
gauntlets	Maze / Run & gun	4	horizontal	gauntlet	Gauntlet (Spanish, rev 15)	1985	Atari Games
gberet	Run & gun	2	horizontal		Green Beret	1985	Konami
gblchmp	Fighting	2	horizontal	kaiserkn	Global Champion (Ver 2.1A 1994/07/29)	1994	Taito America Corporation
gbusters	Run & gun	2	vertical		Gang Busters (set 1)	1988	Konami
gbustersa	Run & gun	2	vertical	gbusters	Gang Busters (set 2)	1988	Konami
gcastle	Beat 'em up	2	horizontal	gladiatr	Golden Castle (prototype?)	1986	Allumer / Taito Corporation
gdfs	Shooter	2	horizontal		Mobile Suit Gundam Final Shooting (Japan)	1995	Banpresto
geebee	Breakout	2	vertical		Gee Bee (Japan)	1978	Namco
geebeea	Breakout	2	vertical	geebee	Gee Bee (UK)	1978	Namco (Alca license)
geebeeb	Breakout	2	vertical	geebee	Gee Bee (Europe)	1978	Namco (F.lli Bertolino license)
geebeeg	Breakout	2	vertical	geebee	Gee Bee (US)	1978	Namco (Gremlin license)
gekiridn	Vertical shooter	2	vertical		Gekirindan (Ver 2.3O 1995/09/21)	1995	Taito Corporation
gekiridnj	Vertical shooter	2	vertical	gekiridn	Gekirindan (Ver 2.3J 1995/09/21)	1995	Taito Corporation
gekisou	Action / Racing	2	vertical		Gekisou (Japan)	1985	Eastern Corp.
gemini	Vertical shooter	2	vertical		Gemini Wing (World)	1987	Tecmo
geminib	Vertical shooter	2	vertical	gemini	Gemini Wing (bootleg)	1987	bootleg
geminij	Vertical shooter	2	vertical	gemini	Gemini Wing (Japan)	1987	Tecmo
genix	Shooter	2	horizontal		Genix Family	1994	NIX
genpeitd	Beat 'em up	2	horizontal		Genpei ToumaDen	1986	Namco
gensitou	Horizontal shooter	2	horizontal	prehisle	Genshitou 1930's (Japan)	1989	SNK
geostorm	Run & gun	2	horizontal	gunforc2	Geo Storm (Japan, 014 custom sound CPU)	1994	Irem
getstarb1	Beat 'em up	2	horizontal	grdian	Get Star (bootleg set 1)	1986	bootleg
getstarb2	Beat 'em up	2	horizontal	grdian	Get Star (bootleg set 2)	1986	bootleg
getstarj	Beat 'em up	2	horizontal	grdian	Get Star (Japan)	1986	Toaplan / Taito
gfire2	Puzzle	2	horizontal		Golden Fire II	1992	Topis Corp
gforce2	Shooter	2	horizontal		Galaxy Force 2	1988	Sega
gforce2j	Shooter	2	horizontal	gforce2	Galaxy Force 2 (Japan)	1988	Sega
gforce2ja	Shooter	2	horizontal	gforce2	Galaxy Force 2 (Japan, Rev A)	1988	Sega
gforce2sd	Shooter	2	horizontal	gforce2	Galaxy Force 2 (Super Deluxe unit)	1988	Sega
gground	Maze / Run & gun	3	vertical		Gain Ground (World, 3 Players, Floppy Based, FD1094 317-0058-03d Rev A)	1988	Sega
ggroundj	Maze / Run & gun	2	vertical	gground	Gain Ground (Japan, 2 Players, Floppy Based, FD1094 317-0058-03b)	1988	Sega
ghostb	Shooter	2	horizontal		The Real Ghostbusters (US 2 Players, revision 2)	1987	Data East USA
ghostb2a	Shooter	2	horizontal	ghostb	The Real Ghostbusters (US 2 Players)	1987	Data East USA
ghostb3	Shooter	2	horizontal	ghostb	The Real Ghostbusters (US 3 Players, revision 3B?)	1987	Data East USA
ghostbi	Misc	1	horizontal		Ghost Busters (FMV Demo)	2009	Sergi
ghostlop	Puzzle	2	horizontal		Ghostlop (prototype)	1996	Data East Corporation
ghostmun	Maze	2	vertical	puckman	Ghost Muncher	1981	bootleg (Leisure and Allied)
ghouls	Run & gun	2	horizontal		Ghouls'n Ghosts (World)	1988	Capcom
ghoulsknight	Run & gun	2	horizontal	ghouls	Ghouls'n Ghosts - Knight Artoria Edition (World)	2026	hack (GoodLuckTrying)
ghoulsmaiden	Run & gun	2	horizontal	ghouls	Ghouls'n Ghosts - Maiden Artoria Edition (World)	2026	hack (GoodLuckTrying)
ghoulsu	Run & gun	2	horizontal	ghouls	Ghouls'n Ghosts (USA)	1988	Capcom
ghoulsuknight	Run & gun	2	horizontal	ghouls	Ghouls'n Ghosts - Knight Artoria Edition (USA)	2026	hack (GoodLuckTrying)
ghoulsumaiden	Run & gun	2	horizontal	ghouls	Ghouls'n Ghosts - Maiden Artoria Edition (USA)	2026	hack (GoodLuckTrying)
ghox	Breakout	2	vertical		Ghox (spinner)	1991	Toaplan
ghoxj	Breakout	2	vertical	ghox	Ghox (joystick)	1991	Toaplan
ghoxjo	Breakout	2	vertical	ghox	Ghox (joystick, older)	1991	Toaplan
ghunter	Shooter	2	horizontal	deadang	Gang Hunter / Dead Angle	1988	Seibu Kaihatsu
ghunters	Shooter	2	horizontal	deadang	Gang Hunter / Dead Angle (Spain)	1988	Seibu Kaihatsu (SegaSA / Sonic license)
gigaman2	Fighting	2	horizontal	megaman2	Giga Man 2: The Power Fighters (bootleg of Mega Man 2: The Power Fighters)	1996	bootleg
gigandes	Horizontal shooter	2	horizontal		Gigandes	1989	East Technology
gigandesa	Horizontal shooter	2	horizontal	gigandes	Gigandes (earlier)	1989	East Technology
gigas	Breakout	2	vertical		Gigas (MC-8123, 317-5002)	1986	Sega
gigasb	Breakout	2	vertical	gigas	Gigas (bootleg)	1986	bootleg
gigasm2	Breakout	2	vertical		Gigas Mark II (MC-8123, 317-5002)	1986	Sega
gigasm2b	Breakout	2	vertical	gigasm2	Gigas Mark II (bootleg)	1986	bootleg
gigawing	Vertical shooter	2	horizontal		Giga Wing (USA 990222)	1999	Takumi (Capcom license)
gigawinga	Vertical shooter	2	horizontal	gigawing	Giga Wing (Asia 990222)	1999	Takumi (Capcom license)
gigawingb	Vertical shooter	2	horizontal	gigawing	Giga Wing (Brazil 990222)	1999	Takumi (Capcom license)
gigawingd	Vertical shooter	2	horizontal	gigawing	Giga Wing (USA 990222 Phoenix Edition) (bootleg)	1999	bootleg
gigawingh	Vertical shooter	2	horizontal	gigawing	Giga Wing (Hispanic 990222)	1999	Takumi (Capcom license)
gigawingj	Vertical shooter	2	horizontal	gigawing	Giga Wing (Japan 990223)	1999	Takumi (Capcom license)
gigawingjd	Vertical shooter	2	horizontal	gigawing	Giga Wing (Japan 990223 Phoenix Edition) (bootleg)	1999	bootleg
gijoe	Run & gun	4	horizontal		G.I. Joe (World, EAB)	1992	Konami
gijoea	Run & gun	4	horizontal	gijoe	G.I. Joe (Asia, AAB)	1992	Konami
gijoeaa	Run & gun	4	horizontal	gijoe	G.I. Joe (Asia, AA)	1992	Konami
gijoeea	Run & gun	4	horizontal	gijoe	G.I. Joe (World, EB8, prototype?)	1992	Konami
gijoej	Run & gun	4	horizontal	gijoe	G.I. Joe (Japan, JAA)	1992	Konami
gijoeu	Run & gun	4	horizontal	gijoe	G.I. Joe (US, UAB)	1992	Konami
gijoeua	Run & gun	4	horizontal	gijoe	G.I. Joe (US, UAA)	1992	Konami
ginganin	Platform	2	horizontal		Ginga Ninkyouden (set 1)	1987	Jaleco
ginganina	Platform	2	horizontal	ginganin	Ginga Ninkyouden (set 2)	1987	Jaleco
ginkun	Mini-games	2	horizontal		Ganbare Ginkun	1995	Tecmo
gladiatr	Beat 'em up	2	horizontal		Gladiator (US)	1986	Allumer / Taito America Corporation
gladmort	Run & gun / Platform	1	horizontal		GladMort (HB)	2025	PixelHeart
gladmortcm	Run & gun / Platform	1	horizontal	gladmort	GladMort (Caravan Mode) (HB)	2025	PixelHeart
glass	Shooter	2	horizontal		Glass (ver 1.1, Break Edition, checksum 49D5E66B, Version 1994, set 1)	1994	OMK / Gaelco
glass10	Shooter	2	horizontal	glass	Glass (ver 1.0, Break Edition, checksum C5513F3C)	1993	OMK / Gaelco
glass10a	Shooter	2	horizontal	glass	Glass (ver 1.0, Break Edition, checksum D3864FDB)	1993	OMK / Gaelco
glass10b	Shooter	2	horizontal	glass	Glass (ver 1.0, Break Edition, checksum EBCB0BFE, 22 Nov 1993)	1993	OMK / Gaelco
glass10c	Shooter	2	horizontal	glass	Glass (ver 1.0, Break Edition, checksum 6241CD67, 16 Nov 1993)	1993	OMK / Gaelco
glass10d	Shooter	2	horizontal	glass	Glass (ver 1.0, Break Edition, checksum 2B43D337, 10 Nov 1993)	1993	OMK / Gaelco
glass10e	Shooter	2	horizontal	glass	Glass (ver 1.0, Break Edition, checksum 13BE832C)	1993	OMK / Gaelco
glassa	Shooter	2	horizontal	glass	Glass (ver 1.1, Break Edition, checksum 49D5E66B, Version 1994, set 2)	1994	OMK / Gaelco
glassat	Shooter	2	horizontal	glass	Glass (ver 1.1, Break Edition, checksum D7AF5496, Version 1994, US)	1994	OMK / Gaelco (Atari license)
glasskr	Shooter	2	horizontal	glass	Glass (ver 1.1, Break Edition, checksum D419AB69, Version 1994, unprotected, Korea)	1994	OMK / Gaelco (Promat license)
glasskra	Shooter	2	horizontal	glass	Glass (ver 1.1, Break Edition, checksum 3D8A724F, Version 1994, unprotected, Korea)	1994	OMK / Gaelco (Promat license)
gloc	Shooter	2	horizontal		G-LOC Air Battle (World)	1990	Sega
glocj	Shooter	2	horizontal	gloc	G-LOC Air Battle (Japan)	1990	Sega
glocr360	Shooter	2	horizontal	gloc	G-LOC R360 (World)	1990	Sega
glocr360j	Shooter	2	horizontal	gloc	G-LOC R360 (Japan)	1990	Sega
glocu	Shooter	2	horizontal	gloc	G-LOC Air Battle (US)	1990	Sega
gmahou	Vertical shooter	2	vertical	dimahoo	Great Mahou Daisakusen (Japan 000121)	2000	Eighting / Raizing (Capcom license)
gmgalax	Maze	2	vertical		Ghostmuncher Galaxian (bootleg)	1981	bootleg
gnbarich	Breakout	2	vertical		Gunbarich	2001	Psikyo
gng	Run & gun	2	horizontal		Ghosts'n Goblins (World? set 1)	1985	Capcom
gnga	Run & gun	2	horizontal	gng	Ghosts'n Goblins (World? set 2)	1985	Capcom
gngb	Run & gun	2	horizontal	gng	Ghosts'n Goblins (World? set 3)	1985	Capcom
gngbl	Run & gun	2	horizontal	gng	Ghosts'n Goblins (bootleg with Cross)	1985	bootleg
gngbla	Run & gun	2	horizontal	gng	Ghosts'n Goblins (bootleg)	1985	bootleg
gngblb	Run & gun	2	horizontal	gng	Ghosts'n Goblins (bootleg, harder)	1985	bootleg
gngblita	Run & gun	2	horizontal	gng	Ghosts'n Goblins (Italian bootleg, harder)	1985	bootleg
gngc	Run & gun	2	horizontal	gng	Ghosts'n Goblins (World? set 4)	1985	Capcom
gngenh	Run & gun	2	horizontal	gng	Ghosts'n Goblins (Enhanced)	2026	GoodLuckTrying
gngknight	Run & gun	2	horizontal	gng	Ghosts'n Goblins - Knight Artoria Edition	2026	GoodLuckTrying
gngmaiden	Run & gun	2	horizontal	gng	Ghosts'n Goblins - Maiden Artoria Edition	2026	GoodLuckTrying
gngprot	Run & gun	2	horizontal	gng	Ghosts'n Goblins (prototype)	1985	Capcom
gngt	Run & gun	2	horizontal	gng	Ghosts'n Goblins (US)	1985	Capcom (Taito America license)
go2000	Puzzle	2	horizontal		Go 2000	2000	SunA
goalx3	Football	2	horizontal		Goal! Goal! Goal!	1995	Visco
godzilla	Fighting	2	horizontal		Godzilla (Japan)	1993	Banpresto
gogold	Sports	2	horizontal	recordbr	Go For The Gold (Japan)	1988	Taito Corporation
gogomile	Maze	2	horizontal		Susume! Mile Smile / Go Go! Mile Smile (newer)	1995	Fuuki
gogomileo	Maze	2	horizontal	gogomile	Susume! Mile Smile / Go Go! Mile Smile (older)	1995	Fuuki
goindol	Breakout	2	vertical		Goindol (SunA, World)	1987	SunA
goindolj	Breakout	2	vertical	goindol	Goindol (SunA, Japan)	1987	SunA
goindolu	Breakout	2	vertical	goindol	Goindol (SunA, US)	1987	SunA
goldmedl	Sports	4	horizontal		Gold Medalist (set 1, Alpha68k II PCB)	1988	SNK
goldmedla	Sports	4	horizontal	goldmedl	Gold Medalist (set 2, Alpha68k III PCB)	1988	SNK
goldmedlb	Sports	4	horizontal	goldmedl	Gold Medalist (bootleg, Alpha68k III PCB)	1988	bootleg
goldnaxe	Beat 'em up	2	horizontal		Golden Axe (set 6, US) (8751 317-123A)	1989	Sega
goldnaxe1	Beat 'em up	2	horizontal	goldnaxe	Golden Axe (set 1, World) (FD1094 317-0110)	1989	Sega
goldnaxe1d	Beat 'em up	2	horizontal	goldnaxe	Golden Axe (set 1, World) (bootleg of FD1094 317-0110 set)	1989	bootleg
goldnaxe2	Beat 'em up	2	horizontal	goldnaxe	Golden Axe (set 2, US) (8751 317-0112)	1989	Sega
goldnaxe3	Beat 'em up	2	horizontal	goldnaxe	Golden Axe (set 3, World) (FD1094 317-0120)	1989	Sega
goldnaxe3d	Beat 'em up	2	horizontal	goldnaxe	Golden Axe (set 3, World) (bootleg of FD1094 317-0120 set)	1989	bootleg
goldnaxej	Beat 'em up	2	horizontal	goldnaxe	Golden Axe (set 4, Japan) (FD1094 317-0121)	1989	Sega
goldnaxejd	Beat 'em up	2	horizontal	goldnaxe	Golden Axe (set 4, Japan) (bootleg of FD1094 317-0121 set)	1989	bootleg
goldnaxeng	Beat 'em up	2	horizontal		Golden Axe Neo Geo (HB)	2025	h0ffman
goldnaxeu	Beat 'em up	2	horizontal	goldnaxe	Golden Axe (set 5, US) (FD1094 317-0122)	1989	Sega
goldnaxeud	Beat 'em up	2	horizontal	goldnaxe	Golden Axe (set 5, US) (bootleg of FD1094 317-0122 set)	1989	bootleg
gondo	Vertical shooter	2	vertical		Gondomania (World)	1987	Data East Corporation
gondou	Vertical shooter	2	vertical	gondo	Gondomania (US)	1987	Data East USA
goori	Puzzle	2	horizontal		Goori Goori	1999	Unico
gorf	Vertical shooter	2	vertical		Gorf	1981	Dave Nutting Associates / Midway
gorfirec	Vertical shooter	2	vertical	gorf	Gorf (Spain, Irecsa license)	1981	Dave Nutting Associates / Midway (Irecsa license)
gorfpgm1	Vertical shooter	2	vertical	gorf	Gorf (program 1)	1981	Dave Nutting Associates / Midway
gorfpgm1f	Vertical shooter	2	vertical	gorf	Gorf (program 1, with French language ROM)	1981	Dave Nutting Associates / Midway
gorfpgm1g	Vertical shooter	2	vertical	gorf	Gorf (program 1, with German language ROM)	1981	Dave Nutting Associates / Midway
gorkans	Maze / Action	2	vertical	mrtnt	Gorkans	1983	Techstar
gorodki	Misc	2	horizontal		Gorodki	198?	Terminal
gotcha	Mini-games	3	horizontal		Got-cha Mini Game Festival	1997	Dongsung / Para
gotya	Maze	2	vertical	thehand	Got-Ya (12/24/1981)	1981	T.I.C. (Game-A-Tron license)
gowcaiet	Fighting	2	horizontal	gowcaizr	Voltage Fighter - Gowcaizer / Choujin Gakuen Gowcaizer (Eternal, Hack)	2025	jlima
gowcaizr	Fighting	2	horizontal		Voltage Fighter - Gowcaizer / Choujin Gakuen Gowcaizer	1995	Technos Japan
gpgolf	Misc	2	horizontal		Golden Par Golf (Joystick, V1.1)	1992	Strata / Incredible Technologies
gpgolfa	Misc	2	horizontal	gpgolf	Golden Par Golf (Joystick, V1.0)	1991	Strata / Incredible Technologies
gpilots	Vertical shooter	2	horizontal		Ghost Pilots (NGM-020 ~ NGH-020)	1991	SNK
gpilotsh	Vertical shooter	2	horizontal	gpilots	Ghost Pilots (NGH-020, US)	1991	SNK
gpilotsp	Vertical shooter	2	horizontal	gpilots	Ghost Pilots (prototype)	1991	SNK
gprider	Racing	2	horizontal		GP Rider (World, FD1094 317-0163) (Twin setup)	1990	Sega
gpriderj	Racing	2	horizontal	gprider	GP Rider (Japan, FD1094 317-0161) (Twin setup)	1990	Sega
gpriderjs	Racing	2	horizontal	gprider	GP Rider (Japan, FD1094 317-0161)	1990	Sega
gpriders	Racing	2	horizontal	gprider	GP Rider (World, FD1094 317-0163)	1990	Sega
gprideru	Racing	2	horizontal	gprider	GP Rider (US, FD1094 317-0162) (Twin setup)	1990	Sega
gpriderus	Racing	2	horizontal	gprider	GP Rider (US, FD1094 317-0162)	1990	Sega
gradius	Horizontal shooter	2	horizontal	nemesis	Gradius (Japan, ROM version)	1985	Konami
gradius2	Horizontal shooter	2	horizontal	vulcan	Gradius II: GOFER no Yabou (Japan, new)	1988	Konami
gradius2a	Horizontal shooter	2	horizontal	vulcan	Gradius II: GOFER no Yabou (Japan, old)	1988	Konami
gradius2b	Horizontal shooter	2	horizontal	vulcan	Gradius II: GOFER no Yabou (Japan, older)	1988	Konami
gradius3	Horizontal shooter	2	horizontal		Gradius III (World, version R)	1989	Konami
gradius3a	Horizontal shooter	2	horizontal	gradius3	Gradius III (Asia)	1989	Konami
gradius3j	Horizontal shooter	2	horizontal	gradius3	Gradius III: Densetsu kara Shinwa e (Japan, version 3, newer)	1989	Konami
gradius3ja	Horizontal shooter	2	horizontal	gradius3	Gradius III: Densetsu kara Shinwa e (Japan, version S)	1989	Konami
gradius3jas	Horizontal shooter	2	horizontal	gradius3	Gradius III: Densetsu kara Shinwa e (Japan, version S, split)	1989	Konami
grainbow	Run & gun	2	horizontal		SD Gundam Sangokushi Rainbow Tairiku Senki (Japan)	1993	Banpresto
grainbowk	Run & gun	2	horizontal	grainbow	SD Gundam Sangokushi Rainbow Tairiku Senki (Korea)	1993	Banpresto
grasspin	Maze / Action	2	vertical		Grasspin	1983	Zilec Electronics / Jaleco
gratia	Horizontal shooter	2	horizontal		Gratia - Second Earth (ver 1.0, 92047-01 version)	1996	Jaleco
gratiaa	Horizontal shooter	2	horizontal	gratia	Gratia - Second Earth (ver 1.0, 91022-10 version)	1996	Jaleco
gravitar	Shooter / Vector	2	horizontal		Gravitar (version 3)	1982	Atari
gravitar1	Shooter / Vector	2	horizontal	gravitar	Gravitar (version 1)	1982	Atari
gravitar2	Shooter / Vector	2	horizontal	gravitar	Gravitar (version 2)	1982	Atari
grdian	Beat 'em up	2	horizontal		Guardian (US)	1986	Toaplan / Taito America Corporation (Kitkorp license)
grdians	Beat 'em up	2	horizontal		Guardians / Denjin Makai II (P-FG01-1 PCB)	1995	Winkysoft (Banpresto license)
grdiansa	Beat 'em up	2	horizontal	grdians	Guardians / Denjin Makai II (P0-113A PCB)	1995	Winkysoft (Banpresto license)
grdiansbl	Beat 'em up	2	horizontal	grdians	Guardians / Denjin Makai II (bootleg)	1998	bootleg (Intac Japan)
grdiansds	Beat 'em up	2	horizontal	grdians	Guardians / Denjin Makai II (Pro, Hack)	2024	hack
grdianske	Beat 'em up	2	horizontal	grdians	Guardians / Denjin Makai II (Reverie, Hack)	2022	hack
grdiansl	Beat 'em up	2	horizontal	grdians	Guardians / Denjin Makai II (LBS, Hack)	2026	hack
grdiansls	Beat 'em up	2	horizontal	grdians	Guardians / Denjin Makai II (LBS Super, Hack)	2021	hack
grdiansp	Beat 'em up	2	horizontal	grdians	Guardians / Denjin Makai II (Plus, Hack)	2023	hack
grdianssy	Beat 'em up	2	horizontal	grdians	Guardians / Denjin Makai II (Evil, Hack)	2026	hack
grdianszs	Beat 'em up	2	horizontal	grdians	Guardians / Denjin Makai II (Coolest, Hack)	2026	hack
grdnstrm	Vertical shooter	2	horizontal		Guardian Storm (horizontal, not encrypted)	1998	Afega (Apples Industries license)
grdnstrmau	Vertical shooter	2	horizontal	grdnstrm	Guardian Storm (horizontal, Australia)	1998	Afega
grdnstrmg	Vertical shooter	2	vertical	grdnstrm	Guardian Storm (Germany)	1998	Afega
grdnstrmj	Vertical shooter	2	vertical	grdnstrm	Sen Jing - Guardian Storm (Japan)	1998	Afega
grdnstrmk	Vertical shooter	2	vertical	grdnstrm	Jeon Sin - Guardian Storm (Korea)	1998	Afega
grdnstrmv	Vertical shooter	2	vertical	grdnstrm	Guardian Storm (vertical)	1998	Afega (Apples Industries license)
greatgur	Beat 'em up	2	horizontal	gladiatr	Great Gurianos (bootleg?)	1986	Allumer / Taito Corporation
gridiron	Sports	2	horizontal		Gridiron Fight	1985	Tehkan
gridlee	Action	2	horizontal		Gridlee	1983	Videa
griffon	Shooter	2	vertical	phoenix	Griffon (Videotron bootleg of Phoenix)	1980	bootleg (Videotron)
grindstm	Vertical shooter	2	horizontal		Grind Stormer	1992	Toaplan
grindstma	Vertical shooter	2	horizontal	grindstm	Grind Stormer (older set)	1992	Toaplan
grmatch	Misc	2	horizontal		Grudge Match (Yankee Game Technology)	1989	Yankee Game Technology
grndtour	Puzzle	2	horizontal		Grand Tour (V100U)	1993	IGS
grobda	Shooter	2	vertical		Grobda (New Ver.)	1984	Namco
grobda2	Shooter	2	vertical	grobda	Grobda (Old Ver. set 1)	1984	Namco
grobda3	Shooter	2	vertical	grobda	Grobda (Old Ver. set 2)	1984	Namco
groundfx	Racing	2	horizontal		Ground Effects / Super Ground Effects (Japan)	1992	Taito Corporation
growl	Beat 'em up	4	horizontal		Growl (World, Rev 1)	1990	Taito Corporation Japan
growla	Beat 'em up	4	horizontal	growl	Growl (World)	1990	Taito Corporation Japan
growlp	Beat 'em up	4	horizontal	growl	Growl (World, prototype)	1990	Taito Corporation Japan
growlu	Beat 'em up	4	horizontal	growl	Growl (US)	1990	Taito America Corporation
gryzor	Run & gun	2	vertical	contra	Gryzor (set 1)	1987	Konami
gryzor1	Run & gun	2	vertical	contra	Gryzor (set 2)	1987	Konami
gseeker	Vertical shooter	2	vertical		Grid Seeker: Project Storm Hammer (Ver 1.3O)	1992	Taito Corporation Japan
gseekerj	Vertical shooter	2	vertical	gseeker	Grid Seeker: Project Storm Hammer (Ver 1.3J)	1992	Taito Corporation
gseekeru	Vertical shooter	2	vertical	gseeker	Grid Seeker: Project Storm Hammer (Ver 1.3A)	1992	Taito America Corporation
gslgr94j	Sports	2	horizontal	gslgr94u	Great Sluggers '94 (Japan)	1994	Namco
gslgr94u	Sports	2	horizontal		Great Sluggers '94	1994	Namco
gslugrsj	Sports	2	horizontal		Great Sluggers (Japan)	1993	Namco
gstream	Vertical shooter	2	vertical		G-Stream G2020	2002	Oriental Soft Japan
gstrik2	Football	2	horizontal		Grand Striker 2 (Europe and Oceania)	1996	Human Amusement
gstrik2j	Football	2	horizontal	gstrik2	Grand Striker 2 (Japan)	1996	Human Amusement
gt2k	Sports	4	horizontal		Golden Tee 2K (v1.00)	2000	Incredible Technologies
gt2kp100	Sports	4	horizontal	gt2k	Golden Tee 2K (v1.00) (alt protection)	2000	Incredible Technologies
gt2ks100	Sports	4	horizontal	gt2k	Golden Tee 2K (v1.00S)	2000	Incredible Technologies
gt2kt500	Sports	4	horizontal	gt2k	Golden Tee 2K Tournament (v5.00)	2000	Incredible Technologies
gt3d	Sports	4	horizontal		Golden Tee 3D Golf (v1.93N)	1995	Incredible Technologies
gt3dl19	Sports	4	horizontal	gt3d	Golden Tee 3D Golf (v1.9L)	1995	Incredible Technologies
gt3dl191	Sports	4	horizontal	gt3d	Golden Tee 3D Golf (v1.91L)	1995	Incredible Technologies
gt3dl192	Sports	4	horizontal	gt3d	Golden Tee 3D Golf (v1.92L)	1995	Incredible Technologies
gt3ds192	Sports	4	horizontal	gt3d	Golden Tee 3D Golf (v1.92S)	1995	Incredible Technologies
gt3dt211	Sports	4	horizontal	gt3d	Golden Tee 3D Golf Tournament (v2.11)	1995	Incredible Technologies
gt3dt230	Sports	4	horizontal	gt3d	Golden Tee 3D Golf Tournament (v2.30)	1995	Incredible Technologies
gt3dt231	Sports	4	horizontal	gt3d	Golden Tee 3D Golf Tournament (v2.31)	1995	Incredible Technologies
gt3dv14	Sports	4	horizontal	gt3d	Golden Tee 3D Golf (v1.4)	1995	Incredible Technologies
gt3dv15	Sports	4	horizontal	gt3d	Golden Tee 3D Golf (v1.5)	1995	Incredible Technologies
gt3dv16	Sports	4	horizontal	gt3d	Golden Tee 3D Golf (v1.6)	1995	Incredible Technologies
gt3dv17	Sports	4	horizontal	gt3d	Golden Tee 3D Golf (v1.7)	1995	Incredible Technologies
gt3dv18	Sports	4	horizontal	gt3d	Golden Tee 3D Golf (v1.8)	1995	Incredible Technologies
gt97	Sports	4	horizontal		Golden Tee '97 (v1.30)	1997	Incredible Technologies
gt97s121	Sports	4	horizontal	gt97	Golden Tee '97 (v1.21S)	1997	Incredible Technologies
gt97t240	Sports	4	horizontal	gt97	Golden Tee '97 Tournament (v2.40)	1997	Incredible Technologies
gt97t243	Sports	4	horizontal	gt97	Golden Tee '97 Tournament (v2.43)	1997	Incredible Technologies
gt97v120	Sports	4	horizontal	gt97	Golden Tee '97 (v1.20)	1997	Incredible Technologies
gt97v121	Sports	4	horizontal	gt97	Golden Tee '97 (v1.21)	1997	Incredible Technologies
gt97v122	Sports	4	horizontal	gt97	Golden Tee '97 (v1.22)	1997	Incredible Technologies
gt98	Sports	4	horizontal		Golden Tee '98 (v1.10)	1998	Incredible Technologies
gt98c100	Sports	4	horizontal	gt98	Golden Tee '98 (v1.00C)	1998	Incredible Technologies
gt98s100	Sports	4	horizontal	gt98	Golden Tee '98 (v1.00S)	1998	Incredible Technologies
gt98t302	Sports	4	horizontal	gt98	Golden Tee '98 Tournament (v3.02)	1998	Incredible Technologies
gt98t303	Sports	4	horizontal	gt98	Golden Tee '98 Tournament (v3.03)	1998	Incredible Technologies
gt98v100	Sports	4	horizontal	gt98	Golden Tee '98 (v1.00)	1998	Incredible Technologies
gt99	Sports	4	horizontal		Golden Tee '99 (v1.00)	1999	Incredible Technologies
gt99s100	Sports	4	horizontal	gt99	Golden Tee '99 (v1.00S)	1999	Incredible Technologies
gt99t400	Sports	4	horizontal	gt99	Golden Tee '99 Tournament (v4.00)	1999	Incredible Technologies
gtclassc	Sports	4	horizontal		Golden Tee Classic (v1.00)	2001	Incredible Technologies
gtclasscp	Sports	4	horizontal	gtclassc	Golden Tee Classic (v1.00) (alt protection)	2001	Incredible Technologies
gtclasscs	Sports	4	horizontal	gtclassc	Golden Tee Classic (v1.00S)	2001	Incredible Technologies
gtdiamond	Sports	4	horizontal	gt98	Golden Tee Diamond Edition Tournament (v3.05T ELC)	1998	Incredible Technologies
gteikoku	Vertical shooter	2	vertical	uniwars	Gingateikoku no Gyakushu	1980	Irem
gteikokub	Vertical shooter	2	vertical	uniwars	Gingateikoku no Gyakushu (bootleg set 1)	1980	bootleg
gteikokub2	Vertical shooter	2	vertical	uniwars	Gingateikoku no Gyakushu (bootleg set 2)	1980	bootleg
gteikokub3	Vertical shooter	2	vertical	uniwars	Gingateikoku no Gyakushu (bootleg set 3)	1980	bootleg (Honly)
gtg	Misc	2	horizontal		Golden Tee Golf (Joystick, v3.3)	1990	Strata / Incredible Technologies
gtg2	Misc	2	horizontal		Golden Tee Golf II (Trackball, V2.2)	1992	Strata / Incredible Technologies
gtg2j	Misc	2	horizontal	gtg2	Golden Tee Golf II (Joystick, V1.0)	1991	Strata / Incredible Technologies
gtg2t	Misc	2	horizontal	gtg2	Golden Tee Golf II (Trackball, V1.1)	1989	Strata / Incredible Technologies
gtgj31	Misc	2	horizontal	gtg	Golden Tee Golf (Joystick, v3.1)	1990	Strata / Incredible Technologies
gtgt10	Misc	2	horizontal	gtg	Golden Tee Golf (Trackball, v1.0)	1989	Strata / Incredible Technologies
gtgt20	Misc	2	horizontal	gtg	Golden Tee Golf (Trackball, v2.0)	1989	Strata / Incredible Technologies
gtgt21	Misc	2	horizontal	gtg	Golden Tee Golf (Trackball, v2.1)	1989	Strata / Incredible Technologies
gtmr	Racing	2	horizontal		1000 Miglia: Great 1000 Miles Rally (Taiwan 94/07/18)	1994	Kaneko
gtmr2	Racing	2	horizontal		Mille Miglia 2: Great 1000 Miles Rally (95/05/24)	1995	Kaneko
gtmr2a	Racing	2	horizontal	gtmr2	Mille Miglia 2: Great 1000 Miles Rally (95/04/04)	1995	Kaneko
gtmr2u	Racing	2	horizontal	gtmr2	Great 1000 Miles Rally 2 USA (95/07/11)	1995	Kaneko
gtmr2ua	Racing	2	horizontal	gtmr2	Great 1000 Miles Rally 2 USA (95/05/18)	1995	Kaneko
gtmra	Racing	2	horizontal	gtmr	1000 Miglia: Great 1000 Miles Rally (94/06/13)	1994	Kaneko
gtmrb	Racing	2	horizontal	gtmr	1000 Miglia: Great 1000 Miles Rally (94/05/26)	1994	Kaneko
gtmre	Racing	2	horizontal	gtmr	Great 1000 Miles Rally: Evolution Model!!! (94/09/06)	1994	Kaneko
gtmro	Racing	2	horizontal	gtmr	1000 Miglia: Great 1000 Miles Rally (94/05/10)	1994	Kaneko
gtmrusa	Racing	2	horizontal	gtmr	Great 1000 Miles Rally: U.S.A Version! (94/09/06)	1994	Kaneko
gtroyal	Sports	4	horizontal	gt99	Golden Tee Royal Edition Tournament (v4.02T EDM)	1999	Incredible Technologies
gtsupreme	Sports	4	horizontal	gt2k	Golden Tee Supreme Edition Tournament (v5.10T ELC S)	2002	Incredible Technologies
guiness	Sports	2	horizontal	strnskil	The Guiness (Japan)	1984	Sun Electronics
gulfstrm	Vertical shooter	2	vertical		Gulf Storm (set 1)	1991	Dooyong
gulfstrma	Vertical shooter	2	vertical	gulfstrm	Gulf Storm (set 2)	1991	Dooyong
gulfstrmb	Vertical shooter	2	vertical	gulfstrm	Gulf Storm (set 3)	1991	Dooyong
gulfstrmk	Vertical shooter	2	vertical	gulfstrm	Gulf Storm (Korea)	1991	Dooyong
gulfstrmm	Vertical shooter	2	vertical	gulfstrm	Gulf Storm (Japan, Media Shoji license)	1991	Dooyong (Media Shoji license)
gulfwar2	Vertical shooter	2	vertical		Gulf War II (set 1)	1991	Comad
gulfwar2a	Vertical shooter	2	vertical	gulfwar2	Gulf War II (set 2)	1991	Comad
gulunpa	Puzzle	2	horizontal		Gulun.Pa! (Japan 931220 L) (prototype)	1993	Capcom
gumbo	Puzzle	2	horizontal		Gumbo	1994	Min Corp.
gunball	Run & gun	3	vertical	nitrobal	Gun Ball (Japan)	1992	Data East Corporation
gunbird	Vertical shooter	2	vertical		Gunbird (World)	1994	Psikyo
gunbird2	Vertical shooter	2	vertical		Gunbird 2 (set 1)	1998	Psikyo
gunbird2a	Vertical shooter	2	vertical	gunbird2	Gunbird 2 (set 2)	1998	Psikyo
gunbirdj	Vertical shooter	2	vertical	gunbird	Gunbird (Japan)	1994	Psikyo
gunbirdk	Vertical shooter	2	vertical	gunbird	Gunbird (Korea)	1994	Psikyo
gunbuletj	Shooter	2	horizontal	ptblank	Gun Bullet (Japan, GN1)	1994	Namco
gunbuletw	Shooter	2	horizontal	ptblank	Gun Bullet (World, GN3 Rev B)	1994	Namco
gunbustr	Shooter	2	horizontal		Gunbuster (World)	1992	Taito Corporation Japan
gunbustrj	Shooter	2	horizontal	gunbustr	Gunbuster (Japan)	1992	Taito Corporation
gunbustru	Shooter	2	horizontal	gunbustr	Gunbuster (US)	1992	Taito America Corporation
gundamex	Fighting	2	horizontal		Mobile Suit Gundam EX Revue	1994	Banpresto
gundhara	Run & gun	2	vertical		Gundhara	1995	Banpresto
gundharac	Run & gun	2	vertical	gundhara	Gundhara (Chinese, bootleg?)	1995	Banpresto
gundl94	Puzzle	2	horizontal		Gun Dealer '94	1994	Dooyong
gunforc2	Run & gun	2	horizontal		Gun Force II (US)	1994	Irem
gunforce	Run & gun	2	horizontal		Gunforce - Battle Fire Engulfed Terror Island (World)	1991	Irem
gunforcej	Run & gun	2	horizontal	gunforce	Gunforce - Battle Fire Engulfed Terror Island (Japan)	1991	Irem
gunforceu	Run & gun	2	horizontal	gunforce	Gunforce - Battle Fire Engulfed Terror Island (US)	1991	Irem America
gunfront	Vertical shooter	2	vertical		Gun & Frontier (World)	1990	Taito Corporation Japan
gunfrontj	Vertical shooter	2	vertical	gunfront	Gun Frontier (Japan)	1990	Taito Corporation
gunhohki	Horizontal shooter	2	horizontal	mysticri	Mahou Keibitai Gun Hohki (Japan)	1992	Irem
gunlock	Vertical shooter	2	vertical		Gunlock (Ver 2.3O 1994/01/20)	1993	Taito Corporation Japan
gunlocko	Vertical shooter	2	vertical	gunlock	Gunlock (Ver 2.0O 1993/12/15)	1993	Taito Corporation Japan
gunmast	Beat 'em up	2	horizontal		Gun Master	1994	Metro
gunnail	Vertical shooter	2	vertical		GunNail (28th May. 1992)	1993	NMK / Tecmo
gunnailp	Vertical shooter	2	vertical	gunnail	GunNail (location test)	1992	NMK
gunsmoke	Run & gun	2	vertical		Gun.Smoke (World, 1985-11-15)	1985	Capcom
gunsmokeb	Run & gun	2	vertical	gunsmoke	Gun.Smoke (World, 1985-11-15) (bootleg)	1985	bootleg
gunsmokeg	Run & gun	2	vertical	gunsmoke	Gun.Smoke (Germany, 1985-11-15, censored)	1985	Capcom
gunsmokej	Run & gun	2	vertical	gunsmoke	Gun.Smoke (Japan, 1985-11-15)	1985	Capcom
gunsmokeu	Run & gun	2	vertical	gunsmoke	Gun.Smoke (USA and Canada, 1986-04-08)	1986	Capcom (Romstar license)
gunsmokeua	Run & gun	2	vertical	gunsmoke	Gun.Smoke (USA and Canada, 1986-01-20)	1985	Capcom (Romstar license)
gunsmokeub	Run & gun	2	vertical	gunsmoke	Gun.Smoke (USA and Canada, 1985-11-15, set 1)	1985	Capcom (Romstar license)
gunsmokeuc	Run & gun	2	vertical	gunsmoke	Gun.Smoke (USA and Canada, 1985-11-15, set 2)	1985	Capcom (Romstar license)
gururin	Puzzle	2	horizontal		Gururin	1994	Face
gussun	Puzzle	2	horizontal	riskchal	Gussun Oyoyo (Japan)	1993	Irem
gutangtn	Puzzle	2	vertical	locomotn	Guttang Gottong	1982	Konami
gutangtns	Puzzle	2	vertical	locomotn	Guttang Gottong (Sega license)	1982	Konami (Sega license)
gutsn	Puzzle	2	horizontal		Guts'n (Japan)	2000	Kaneko / Kouyousha
guwange	Vertical shooter	2	vertical		Guwange (Japan, 1999 6/24 Master Ver 16:55)	1999	Cave (Atlus license)
guwanges	Vertical shooter	2	vertical	guwange	Guwange (Japan, 2000 7/ 7 Special Ver 13:22)	1999	Cave (Atlus license)
guzzler	Maze / Action	2	vertical		Guzzler	1983	Tehkan
guzzlers	Maze / Action	2	vertical	guzzler	Guzzler (Swimmer conversion)	1983	Tehkan
gwar	Run & gun	2	vertical		Guerrilla War (US)	1987	SNK
gwara	Run & gun	2	vertical	gwar	Guerrilla War (Version 1, set 1)	1987	SNK
gwarab	Run & gun	2	vertical	gwar	Guerrilla War (Version 1, set 2)	1987	SNK
gwarb	Run & gun	2	vertical	gwar	Guerrilla War (Joystick hack bootleg)	1987	bootleg
gwarj	Run & gun	2	vertical	gwar	Guevara (Japan)	1987	SNK
gwarrior	Fighting	2	horizontal		Galactic Warriors	1985	Konami
gyrodine	Vertical shooter	2	vertical		Gyrodine	1984	Crux
gyrodinet	Vertical shooter	2	vertical	gyrodine	Gyrodine (Taito Corporation license)	1984	Crux (Taito Corporation license)
gyruss	Shooter	2	vertical		Gyruss	1983	Konami
gyrussb	Shooter	2	vertical	gyruss	Gyruss (bootleg?)	1983	bootleg?
gyrussce	Shooter	2	vertical	gyruss	Gyruss (Centuri)	1983	Konami (Centuri license)
hachamfb	Horizontal shooter	2	horizontal	hachamf	Hacha Mecha Fighter (19th Sep. 1991, unprotected, bootleg Thunder Dragon conversion)	1991	bootleg
hachamfp	Horizontal shooter	2	horizontal	hachamf	Hacha Mecha Fighter (Location Test Prototype, 19th Sep. 1991)	1991	NMK
hachoo	Horizontal shooter	2	horizontal		Hachoo! (World, set 1)	1989	Jaleco
hachooa	Horizontal shooter	2	horizontal	hachoo	Hachoo! (World, set 2)	1989	Jaleco
hachooj	Horizontal shooter	2	horizontal	hachoo	Hachoo! (Japan)	1989	Jaleco
hal21	Vertical shooter	2	vertical		HAL21	1985	SNK
hal21j	Vertical shooter	2	vertical	hal21	HAL21 (Japan)	1985	SNK
halfway	Horizontal shooter	2	horizontal	progear	Halfway To Hell: Progear Red Label (2016-1-17 Red label ver)	2016	The Halfway House
halleysc	Vertical shooter	2	vertical		Halley's Comet (US)	1986	Taito America Corporation (Coin-It license)
halleysc87	Vertical shooter	2	vertical	halleysc	Halley's Comet '87	1986	Taito Corporation
halleyscj	Vertical shooter	2	vertical	halleysc	Halley's Comet (Japan, rev 1)	1986	Taito Corporation
halleyscja	Vertical shooter	2	vertical	halleysc	Halley's Comet (Japan)	1986	Taito Corporation
halleyscjp	Vertical shooter	2	vertical	halleysc	Halley's Comet (Japan, prototype)	1985	Taito Corporation
halozero	Run & gun	1	horizontal		Halo Zero (HB, Demo)	2025	earok - misentropy
hamaway	Puzzle	2	vertical		Hammer Away (Japan, prototype)	1991	Sega / Santos
hamboy	Action	2	horizontal		Hammer Boy	1990	Dinamic / Inder
hangly	Maze / Action	2	vertical	puckman	Hangly-Man (set 1)	1981	hack (Igleck)
hangly2	Maze / Action	2	vertical	puckman	Hangly-Man (set 2)	1981	hack (Igleck)
hangly3	Maze / Action	2	vertical	puckman	Hangly-Man (set 3)	1981	hack (Igleck)
hangon	Racing	2	horizontal		Hang-On (Rev A)	1985	Sega
hangon1	Racing	2	horizontal	hangon	Hang-On	1985	Sega
hangon2	Racing	2	horizontal	hangon	Hang-On (Rev A, ride-on)	1985	Sega
hangonjr	Racing	2	horizontal		Hang-On Jr. (Rev. B)	1985	Sega
hangonvf	Racing	2	horizontal	hangon	VF (bootleg of Hang-On)	1985	bootleg
hangzo	Beat 'em up	2	horizontal		Hangzo (Japan, prototype)	1992	Hot-B
happy6	Casino	4	horizontal		Huanle Liu He Yi (Happy 6-in-1) (M68K ver. V101, ARM ver. V102CN)	2004	IGS
happy6100cn	Casino	4	horizontal	happy6	Huanle Liu He Yi (Happy 6-in-1) (M68K ver. V100, ARM ver. V100CN)	2004	IGS
happy6100hk	Casino	4	horizontal	happy6	Huanle Liu He Yi (Happy 6-in-1) (M68K ver. V100HK, ARM ver. V100HK)	2004	IGS
happy6101	Casino	4	horizontal	happy6	Huanle Liu He Yi (Happy 6-in-1) (M68K ver. V100, ARM ver. V101CN)	2004	IGS
harddunk	Sports	6	horizontal		Hard Dunk (World)	1994	Sega
harddunkj	Sports	6	horizontal	harddunk	Hard Dunk (Japan)	1994	Sega
hardhat	Action / Maze	2	horizontal		Hard Hat	1982	Exidy
hardhea2	Platform	2	horizontal		Hard Head 2 (v2.0, Music Program v2.4)	1991	SunA
hardhea2a	Platform	2	horizontal	hardhea2	Hard Head 2 (v2.0, Music Program v2.0)	1991	SunA
hardhead	Platform	2	horizontal		Hard Head	1988	SunA
hardheadb	Platform	2	horizontal	hardhead	Hard Head (bootleg, set 1)	1988	bootleg
hardheadb3	Platform	2	horizontal	hardhead	Hard Head (bootleg, set 3)	1989	bootleg
hardyard	Sports	4	horizontal		Hard Yardage (v1.20)	1993	Strata / Incredible Technologies
hardyard10	Sports	4	horizontal	hardyard	Hard Yardage (v1.00)	1993	Strata / Incredible Technologies
hardyard11	Sports	4	horizontal	hardyard	Hard Yardage (v1.10)	1993	Strata / Incredible Technologies
harem	Run & gun	2	vertical		Harem	1983	I.G.R.
hasamu	Mahjong	2	horizontal		Hasamu (Japan)	1991	Irem
hatena	Quiz	2	horizontal		Adventure Quiz 2 - Hatena? no Daibouken (Japan 900228)	1990	Capcom
hatris	Puzzle	2	horizontal		Hatris (US)	1990	Video System Co.
hatrisj	Puzzle	2	horizontal	hatris	Hatris (Japan)	1990	Video System Co.
hatrisp	Puzzle	2	horizontal	hatris	Hatris (show version)	1990	Video System Co.
hayaosi1	Quiz	2	horizontal		Hayaoshi Quiz Ouza Ketteisen: The King Of Quiz	1993	Jaleco
hayaosi2	Quiz	2	horizontal		Hayaoshi Quiz Grand Champion Taikai	1994	Jaleco
hayaosi3	Quiz	3	horizontal		Hayaoshi Quiz Nettou Namahousou (ver 1.5)	1994	Jaleco
hayaosi3a	Quiz	3	horizontal	hayaosi3	Hayaoshi Quiz Nettou Namahousou (ver 1.2)	1994	Jaleco
hbarrel	Run & gun	2	vertical		Heavy Barrel (World)	1987	Data East Corporation
hbarrelu	Run & gun	2	vertical	hbarrel	Heavy Barrel (US, revision 3)	1987	Data East USA
hbarrelua	Run & gun	2	vertical	hbarrel	Heavy Barrel (US, revision 1)	1987	Data East USA
hcastle	Beat 'em up / Platform	2	horizontal		Haunted Castle (version M)	1988	Konami
hcastlee	Beat 'em up / Platform	2	horizontal	hcastle	Haunted Castle (version E)	1988	Konami
hcastlek	Beat 'em up / Platform	2	horizontal	hcastle	Haunted Castle (version K)	1988	Konami
hcrash	Racing	2	horizontal		Hyper Crash (version D)	1987	Konami
hcrashc	Racing	2	horizontal	hcrash	Hyper Crash (version C)	1987	Konami
headon	Racing	2	horizontal		Head On (2 players)	1979	Gremlin
headon1	Racing	2	horizontal	headon	Head On (1 player)	1979	Gremlin
headon2	Racing	2	horizontal		Head On 2	1979	Sega
headonb	Racing	2	horizontal	headon	Head On (bootleg on dedicated hardware)	1979	bootleg (EFG Sanremo)
headonch	Maze / Action	2	horizontal		Monita to Rimoko no Head On Channel (prototype, hack)	1994	hack
headonmz	Racing	2	horizontal	headon	Head On (bootleg, alt maze)	1979	bootleg
headonn	Racing	2	vertical	headon	Head On N	1979	Nintendo
headons	Racing	2	horizontal	headon	Head On (Sidam bootleg, set 1)	1979	bootleg (Sidam)
heatbrl	Run & gun	4	horizontal		Heated Barrel (World version 3)	1992	TAD Corporation
heatbrl2	Run & gun	2	horizontal	heatbrl	Heated Barrel (World version 2)	1992	TAD Corporation
heatbrl3	Run & gun	2	horizontal	heatbrl	Heated Barrel (World version ?)	1992	TAD Corporation
heatbrle	Run & gun	2	horizontal	heatbrl	Heated Barrel (Electronic Devices license)	1992	TAD Corporation (Electronic Devices license)
heatbrlo	Run & gun	2	horizontal	heatbrl	Heated Barrel (World old version)	1992	TAD Corporation
heatbrlu	Run & gun	2	horizontal	heatbrl	Heated Barrel (US)	1992	TAD Corporation
heberpop	Puzzle	2	horizontal		Hebereke no Popoon (Japan)	1994	Sunsoft / Atlus
hedpanic	Platform	2	horizontal		Head Panic (ver. 0117, 17/01/2000)	2000	ESD
hedpanic830	Platform	2	horizontal	hedpanic	Head Panic (ver. 8.30)	1999	ESD
hedpanica	Platform	2	horizontal	hedpanic	Head Panic (ver. 0702, 02/07/1999)	1999	ESD
hedpanicf	Platform	2	horizontal	hedpanic	Head Panic (ver. 0315, 15/03/2000)	2000	ESD / Fuuki
heiankyo	Maze	2	vertical		Heiankyo Alien	1979	Denki Onkyo
hellfire	Horizontal shooter	2	horizontal		Hellfire (2P set)	1989	Toaplan (Taito license)
hellfire1	Horizontal shooter	2	horizontal	hellfire	Hellfire (1P set)	1989	Toaplan (Taito license)
hellfire1a	Horizontal shooter	2	horizontal	hellfire	Hellfire (1P set, older)	1989	Toaplan (Taito license)
hellfire2a	Horizontal shooter	2	horizontal	hellfire	Hellfire (2P set, older)	1989	Toaplan (Taito license)
herbiedk	Platform	2	vertical	huncholy	Herbie at the Olympics (DK conversion)	1984	Seatongrove UK, Ltd.
herodk	Platform	2	vertical	hero	Hero in the Castle of Doom (DK conversion)	1984	Seatongrove UK, Ltd. (Crown license)
herodku	Platform	2	vertical	hero	Hero in the Castle of Doom (DK conversion, not encrypted)	1984	Seatongrove UK, Ltd. (Crown license)
heuksun	Puzzle	2	horizontal		Heuk Sun Baek Sa (Korea)	1997	Oksan / F2 System
hexa	Puzzle	1	horizontal		Hexa	199?	D.R. Korea
hexion	Puzzle	2	horizontal		Hexion (Japan ver JAB)	1992	Konami
hexionb	Puzzle	2	horizontal	hexion	Hexion (Asia ver AAA, bootleg)	1992	bootleg (Impeuropex Corp.)
hexpool	Sports	2	vertical	racknrol	Hex Pool (Shinkai)	1986	Senko Industries (Shinkai Inc. license)
hexpoola	Sports	2	vertical	racknrol	Hex Pool (Senko)	1985	Senko Industries
hgkairak	Mahjong	2	horizontal		Taisen Hot Gimmick Kairakuten (Japan)	1998	Psikyo
hharry	Beat 'em up / Platform	2	horizontal		Hammerin' Harry (World, M81 hardware)	1990	Irem
hharryb	Beat 'em up / Platform	2	horizontal	hharry	Hammerin' Harry (World, M84 hardware bootleg)	1990	bootleg
hharryu	Beat 'em up / Platform	2	horizontal	hharry	Hammerin' Harry (US, M84 hardware)	1990	Irem America
hidctch2	Misc	2	horizontal		Hidden Catch 2 (pcb ver 3.03) (Kor/Eng) (AT89c52 protected)	1999	Eolith
hidctch2a	Misc	2	horizontal	hidctch2	Hidden Catch 2 (pcb ver 1.00) (Kor/Eng/Jpn/Chi)	1999	Eolith
hidctch3	Misc	2	horizontal		Hidden Catch 3 (ver 1.00 / pcb ver 3.05)	2000	Eolith
hidnc2k	Misc	2	horizontal		Hidden Catch 2000 (AT89c52 protected)	1999	Eolith
hidnctch	Misc	2	horizontal		Hidden Catch (World) / Tul Lin Gu Lim Chat Ki '98 (Korea) (pcb ver 3.03)	1998	Eolith
hidnctcha	Misc	2	horizontal	hidnctch	Hidden Catch (World) / Tul Lin Gu Lim Chat Ki '98 (Korea) (pcb ver 3.02)	1998	Eolith
higemaru	Action	2	horizontal		Pirate Ship Higemaru	1984	Capcom
hiimpact	Football	4	horizontal		High Impact Football (rev LA5 02/15/91)	1990	Williams
hiimpact1	Football	4	horizontal	hiimpact	High Impact Football (rev LA1 12/16/90)	1990	Williams
hiimpact2	Football	4	horizontal	hiimpact	High Impact Football (rev LA2 12/26/90)	1990	Williams
hiimpact3	Football	4	horizontal	hiimpact	High Impact Football (rev LA3 12/27/90)	1990	Williams
hiimpact4	Football	4	horizontal	hiimpact	High Impact Football (rev LA4 02/04/91)	1990	Williams
hiimpactp	Football	4	horizontal	hiimpact	High Impact Football (prototype, revision0 proto 8.6 12/09/90)	1990	Williams
himesiki	Mahjong	2	vertical		Himeshikibu (Japan)	1989	Hi-Soft
hippodrm	Fighting	2	horizontal		Hippodrome (US)	1989	Data East USA
hiryuken	Fighting	2	horizontal	shangkid	Hokuha Syourin Hiryu no Ken	1985	Taiyo System (Taito license)
hishouza	Vertical shooter	2	vertical	fshark	Hishou Zame (Japan)	1987	Toaplan / Taito Corporation
hishouzab	Vertical shooter	2	vertical	fshark	Hishou Zame (Japan, bootleg)	1987	bootleg
hitice	Sports	2	horizontal		Hit the Ice (US)	1990	Taito Corporation (Williams license)
hiticej	Sports	2	horizontal	hitice	Hit the Ice (Japan)	1990	Taito Corporation (licensed from Midway)
hiticerb	Sports	2	horizontal	hitice	Hit the Ice (US, with riser board)	1990	Taito Corporation (Williams license)
hitnmiss	Shooter	1	horizontal		Hit 'n Miss (version 3.0)	1987	Exidy
hitnmiss2	Shooter	1	horizontal	hitnmiss	Hit 'n Miss (version 2.0)	1987	Exidy
hncholms	Sports	2	vertical	huncholy	Hunchback Olympic (Scramble hardware)	1984	Seatongrove UK, Ltd.
hoccer	Sports	2	vertical		Hoccer (newer)	1983	Eastern Micro Electronics, Inc.
hoccer2	Sports	2	vertical	hoccer	Hoccer (earlier)	1983	Eastern Micro Electronics, Inc.
hocrash	Racing	2	horizontal	headon	Crash (bootleg of Head On)	1979	bootleg (Fraber)
holeland	Shooter / Action	2	horizontal		Hole Land (Japan)	1984	Tecfri
holeland2	Shooter / Action	2	horizontal	holeland	Hole Land (Spain)	1984	Tecfri
holo	Fighting	2	horizontal		Holosseum (US, Rev A)	1992	Sega
homo	Breakout	2	vertical	goindol	Homo	1987	bootleg
honeydol	Puzzle	2	horizontal		Honey Doll	1995	Barko Corp.
hook	Beat 'em up	4	horizontal		Hook (World)	1992	Irem
hook1v4	Beat 'em up	4	horizontal	hook	Hook (1v4, Hack)	2016	hack
hook6h	Beat 'em up	4	horizontal	hook	Hook (6th Emperor, Hack)	2022	hack
hookbo	Beat 'em up	4	horizontal	hook	Hook (Gai Gai, Hack)	2024	hack
hookdj	Beat 'em up	4	horizontal	hook	Hook (Item, Hack)	2025	hack
hookdszz	Beat 'em up	4	horizontal	hook	Hook (Summit War, Hack)	2023	hack
hookdw	Beat 'em up	4	horizontal	hook	Hook (Warriors, Hack)	2016	hack
hookgs	Beat 'em up	4	horizontal	hook	Hook (The Expendables, Hack)	2022	hack
hookgs2	Beat 'em up	4	horizontal	hook	Hook (The Expendables II, Hack)	2023	hack
hookhd	Beat 'em up	4	horizontal	hook	Hook (Pirate Wars, Hack)	2024	hack
hookhd2	Beat 'em up	4	horizontal	hook	Hook (Pirate Wars II, Hack)	2024	hack
hookj	Beat 'em up	4	horizontal	hook	Hook (Japan)	1992	Irem
hookjy	Beat 'em up	4	horizontal	hook	Hook (Elite, Hack)	2024	hack
hookjyds	Beat 'em up	4	horizontal	hook	Hook (Elite Competition, Hack)	2025	hack
hooknx	Beat 'em up	4	horizontal	hook	Hook (Hook's Reversal, Hack)	2022	hack
hooknx2	Beat 'em up	4	horizontal	hook	Hook (Hook's Reversal II, Hack)	2022	hack
hookpj	Beat 'em up	4	horizontal	hook	Hook (POK KAI, Hack)	2024	hack
hookpls	Beat 'em up	4	horizontal	hook	Hook (Plus, Hack)	2024	hack
hooksw	Beat 'em up	4	horizontal	hook	Hook (SW, Hack)	2022	hack
hooksw2	Beat 'em up	4	horizontal	hook	Hook (SW2, Hack)	2025	hack
hooku	Beat 'em up	4	horizontal	hook	Hook (US)	1992	Irem America
hookx2	Beat 'em up	4	horizontal	hook	Hook (X2, Hack)	2018	hack
hookxr	Beat 'em up	4	horizontal	hook	Hook (Xin Er, Hack)	2018	hack
hookxx	Beat 'em up	4	horizontal	hook	Hook (XX, Hack)	2025	hack
hoops95	Sports	2	horizontal	hoops96	Hoops (Europe/Asia 1.7)	1995	Data East Corporation
hoops96	Sports	2	horizontal		Hoops '96 (Europe/Asia 2.0)	1996	Data East Corporation
hopmappy	Puzzle	2	horizontal		Hopping Mappy	1986	Namco
hopprobo	Platform	2	vertical		Hopper Robo	1983	Sega
horekid	Shooter	2	vertical		Kid no Hore Hore Daisakusen	1987	Nichibutsu
horekidb	Shooter	2	vertical	horekid	Kid no Hore Hore Daisakusen (bootleg set 1)	1987	bootleg
horekidb3	Vertical shooter	2	vertical		Kid no Hore Hore Daisakusen - Neo Geo Conversion (HB)	1987-2022	Nichibutsu - iq_132
horizon	Horizontal shooter	2	horizontal		Horizon (Irem)	1985	Irem
horshoes	Sports	2	vertical		American Horseshoes (US)	1990	Taito America Corporation
hotbubl	Puzzle	2	horizontal	bubl2000	Hot Bubble (Korea, with adult pictures)	1998	Afega (Pandora license)
hotbubla	Puzzle	2	horizontal	bubl2000	Hot Bubble (Korea)	1998	Afega (Pandora license)
hotchase	Racing	2	horizontal		Hot Chase (set 1)	1988	Konami
hotchasea	Racing	2	horizontal	hotchase	Hot Chase (set 2)	1988	Konami
hotdebut	Quiz	2	horizontal		Quiz de Idol! Hot Debut (Japan)	2000	MOSS / Psikyo
hotdogst	Vertical shooter	2	vertical		Hotdog Storm - The First Supersonics (Korea)	1996	Marble (Ace International license)
hotgm4ev	Mahjong	2	horizontal		Taisen Hot Gimmick 4 Ever (Japan)	2000	Psikyo
hotgmck	Mahjong	2	horizontal		Taisen Hot Gimmick (Japan)	1997	Psikyo
hotgmck3	Mahjong	2	horizontal		Taisen Hot Gimmick 3 Digital Surfing (Japan)	1999	Psikyo
hotgmcki	Mahjong	2	horizontal		Mahjong Hot Gimmick Integral (Japan)	2001	Psikyo
hotmemry	Puzzle	2	horizontal	pairs	Hot Memory (V1.2, Germany, 12/28/94)	1994	Incredible Technologies (Tuning license)
hotmemry11	Puzzle	2	horizontal	pairs	Hot Memory (V1.1, Germany, 11/30/94)	1994	Incredible Technologies (Tuning license)
hotmind	Puzzle	2	horizontal		Hot Mind (Hard Times hardware, set 1)	1995	Playmark
hotminda	Puzzle	2	horizontal	hotmind	Hot Mind (adjustable prize, set 1)	1995	Playmark
hotmindb	Puzzle	2	horizontal	hotmind	Hot Mind (adjustable prize, set 2)	1995	Playmark
hotmindc	Puzzle	2	horizontal	hotmind	Hot Mind (Hard Times hardware, set 2)	1995	Playmark
hotnight	Puzzle	2	vertical	newfant	Hot Night	1994	Bulldog Amusements Inc.
hotpinbl	Pinball	1	vertical		Hot Pinball	1995	Comad & New Japan System
hotrod	Racing	3	horizontal		Hot Rod (World, 3 Players, Turbo set 1, Floppy Based)	1988	Sega
hotroda	Racing	3	horizontal	hotrod	Hot Rod (World, 3 Players, Turbo set 2, Floppy Based)	1988	Sega
hotrodj	Racing	4	horizontal	hotrod	Hot Rod (Japan, 4 Players, Floppy Based, Rev C)	1988	Sega
hotrodja	Racing	4	horizontal	hotrod	Hot Rod (Japan, 4 Players, Floppy Based, Rev B)	1988	Sega
hotshock	Maze	2	vertical		Hot Shocker	1982	E.G. Felaco (Domino license)
hotshockb	Maze	2	vertical	hotshock	Hot Shocker (early revision?)	1982	E.G. Felaco
hotsmash	Ball & paddle	2	vertical		Vs. Hot Smash	1987	Kaneko / Taito
hpolym84	Sports	2	horizontal	hyperspt	Hyper Olympic '84	1984	Konami
hpuncher	Sports	2	horizontal	fround	Hard Puncher (Japan)	1988	Konami
hrdtimes	Shooter	2	horizontal		Hard Times (set 1)	1994	Playmark
hrdtimesa	Shooter	2	horizontal	hrdtimes	Hard Times (set 2)	1994	Playmark
hsf2	Fighting	2	horizontal		Hyper Street Fighter II: The Anniversary Edition (USA 040202)	2004	Capcom
hsf230b	Fighting	2	horizontal	hsf2	Hyper Street Fighter II: The Anniversary Edition (30% Blood, Hack)	2004	Capcom
hsf2a	Fighting	2	horizontal	hsf2	Hyper Street Fighter II: The Anniversary Edition (Asia 040202)	2004	Capcom
hsf2app	Fighting	2	horizontal	hsf2	Hyper Street Fighter II Plus Plus (Asia ver.170625 Hack by yumeji)	2017	hack
hsf2d	Fighting	2	horizontal	hsf2	Hyper Street Fighter II: The Anniversary Edition (Asia 040202 Phoenix Edition) (bootleg)	2004	bootleg
hsf2da	Fighting	2	horizontal	hsf2	Hyper Street Fighter II: The Anniversary Edition (Asia 040202 alt Phoenix Edition) (bootleg)	2004	bootleg
hsf2df	Fighting	2	horizontal	hsf2	Hyper Street Fighter II: The Anniversary Edition (Difficulty Fix, Hack)	2023	hack (bankbank)
hsf2ev2	Fighting	2	horizontal	hsf2	Hyper Street Fighter II: The Anniversary Edition (Easy Move v2, Hack)	2004	hack
hsf2j	Fighting	2	horizontal	hsf2	Hyper Street Fighter II: The Anniversary Edition (Japan 040202)	2004	Capcom
hsf2j1	Fighting	2	horizontal	hsf2	Hyper Street Fighter II: The Anniversary Edition (Japan 040123)	2004	Capcom
hsf2j2	Fighting	2	horizontal	hsf2	Hyper Street Fighter II: The Anniversary Edition (Japan 031222)	2004	Capcom
hsf2jpp	Fighting	2	horizontal	hsf2	Hyper Street Fighter II Plus Plus (Japan ver.170625 Hack by yumeji)	2017	hack
hsf2pp	Fighting	2	horizontal	hsf2	Hyper Street Fighter II Plus Plus (USA ver.170625 Hack by yumeji)	2017	hack
hstennis	Misc	2	vertical		Hot Shots Tennis (V1.1)	1990	Strata / Incredible Technologies
hstennis10	Misc	2	vertical	hstennis	Hot Shots Tennis (V1.0)	1990	Strata / Incredible Technologies
htchctch	Puzzle	2	horizontal		Hatch Catch	1995	SemiCom
hthero93	Football	2	horizontal	cupfinal	Hat Trick Hero '93 (Ver 1.0J 1993/02/28)	1993	Taito Corporation
hthero93u	Football	2	horizontal	cupfinal	Hat Trick Hero '93 (Ver 1.0A 1993/02/28)	1993	Taito Corporation
hthero94	Football	2	horizontal	intcup94	Hat Trick Hero '94 (Ver 2.2A 1994/05/26)	1994	Taito America Corporation
hthero95	Football	2	horizontal	pwrgoal	Hat Trick Hero '95 (Ver 2.5J 1994/11/03)	1994	Taito Corporation
hthero95a	Football	2	horizontal	pwrgoal	Hat Trick Hero '95 (Ver 2.6Asia 1994/11/17)	1994	Taito Corporation Japan
hthero95u	Football	2	horizontal	pwrgoal	Hat Trick Hero '95 (Ver 2.5A 1994/11/03)	1994	Taito America Corporation
htheroj	Football	4	horizontal	footchmp	Hat Trick Hero (Japan)	1990	Taito Corporation
htherou	Football	4	horizontal	footchmp	Hat Trick Hero (US)	1990	Taito Corporation
hunchbkg	Platform	2	vertical	hunchbak	Hunchback (Galaxian hardware)	1983	Century Electronics
hunchbks	Platform	2	vertical	hunchbak	Hunchback (Scramble hardware)	1983	Century Electronics
hustle	Maze	2	horizontal		Hustle	1977	Gremlin
hustler	Sports	2	vertical		Video Hustler	1981	Konami
hustlerb	Sports	2	vertical	hustler	Video Hustler (bootleg, set 1)	1981	bootleg (Digimatic)
hvoltage	Shooter	2	horizontal		High Voltage (World)	1985	Alpha Denshi Co.
hvymetal	Vertical shooter	2	horizontal		Heavy Metal (315-5135)	1985	Sega
hvysmsh	Sports	2	horizontal		Heavy Smash (Europe version -2)	1993	Data East Corporation
hvysmsha	Sports	2	horizontal	hvysmsh	Heavy Smash (Asia version -4)	1993	Data East Corporation
hvysmshj	Sports	2	horizontal	hvysmsh	Heavy Smash (Japan version -2)	1993	Data East Corporation
hvyunit	Horizontal shooter	2	horizontal		Heavy Unit (World)	1988	Kaneko / Taito
hvyunitj	Horizontal shooter	2	horizontal	hvyunit	Heavy Unit (Japan, newer)	1988	Kaneko / Taito
hvyunitja	Horizontal shooter	2	horizontal	hvyunit	Heavy Unit (Japan, alternate ROM format)	1988	Kaneko / Taito
hvyunitjo	Horizontal shooter	2	horizontal	hvyunit	Heavy Unit (Japan, older)	1988	Kaneko / Taito
hvyunitu	Horizontal shooter	2	horizontal	hvyunit	Heavy Unit -U.S.A. Version- (US)	1988	Kaneko / Taito
hwchamp	Fighting	2	horizontal		Heavyweight Champ (set 1)	1987	Sega
hwchampa	Fighting	2	horizontal	hwchamp	Heavyweight Champ (set 2)	1987	Sega
hwchampj	Fighting	2	horizontal	hwchamp	Heavyweight Champ (Japan) (FD1094 317-0046)	1987	Sega
hwchampjd	Fighting	2	horizontal	hwchamp	Heavyweight Champ (Japan) (bootleg of FD1094 317-0046 set)	1987	bootleg
hwrace	Racing	2	vertical		High Way Race	1983	Taito Corporation
hydra	Racing / Shooter	2	horizontal		Hydra	1990	Atari Games
hydrap	Racing / Shooter	2	horizontal	hydra	Hydra (prototype 5/14/90)	1990	Atari Games
hypernoid	Breakout	1	horizontal		Hypernoid (HB, ver. 20220224)	2022	NeoHomeBrew
hyperpac	Maze	2	horizontal		Hyper Pacman	1995	SemiCom
hyperpacb	Maze	2	horizontal	hyperpac	Hyper Pacman (bootleg)	1995	bootleg
hyperspc	Shooter / Vector	2	horizontal	asteroid	Hyperspace (bootleg of Asteroids)	1979	bootleg (Rumiano)
hyperspt	Sports	2	horizontal		Hyper Sports	1984	Konami (Centuri license)
hyprduel	Horizontal shooter	2	horizontal		Hyper Duel (Japan set 1)	1993	Technosoft
hyprduel2	Horizontal shooter	2	horizontal	hyprduel	Hyper Duel (Japan set 2)	1993	Technosoft
hypreac2	Mahjong	2	horizontal		Mahjong Hyper Reaction 2 (Japan)	1997	Sammy
hypreact	Mahjong	2	horizontal		Mahjong Hyper Reaction (Japan)	1995	Sammy
hyprolym	Sports	2	horizontal	trackfld	Hyper Olympic	1983	Konami
hyprolyma	Sports	2	horizontal	trackfld	Hyper Olympic (bugfixed)	1983	Konami
hypsptsp	Sports	4	horizontal	88games	Hyper Sports Special (Japan)	1988	Konami
hyxevious	Vertical shooter	2	vertical	sxevious	Hyper Xevious (Hack, 2026-09-10)	2026	zeroco
ibara	Vertical shooter	2	vertical		Ibara (2005/03/22 MASTER VER.., '06. 3. 7 ver.)	2005	Cave (AMI license)
ibarablk	Vertical shooter	2	vertical		Ibara Kuro Black Label (2006/02/06. MASTER VER.)	2006	Cave (AMI license)
ibarablka	Vertical shooter	2	vertical	ibarablk	Ibara Kuro Black Label (2006/02/06 MASTER VER.)	2006	Cave (AMI license)
ibarao	Vertical shooter	2	vertical	ibara	Ibara (2005/03/22 MASTER VER..)	2005	Cave (AMI license)
ichir	Mini-games / Puzzle	2	horizontal		Puzzle & Action: Ichidant-R (World)	1994	Sega
ichirbl	Mini-games / Puzzle	2	horizontal	ichir	Puzzle & Action: Ichidant-R (World) (bootleg)	1994	bootleg
ichirj	Mini-games / Puzzle	2	horizontal	ichir	Puzzle & Action: Ichidant-R (Japan)	1994	Sega
ichirjbl	Mini-games / Puzzle	2	horizontal	ichir	Puzzle & Action: Ichidant-R (Japan) (bootleg)	1994	bootleg
ichirk	Mini-games / Puzzle	2	horizontal	ichir	Puzzle & Action: Ichidant-R (Korea)	1994	Sega
iganinju	Beat 'em up	2	horizontal	kazan	Iga Ninjyutsuden (Japan)	1988	Jaleco
igmo	Maze	1	vertical		IGMO	1984	Epos Corporation
ikari	Run & gun	2	vertical		Ikari Warriors (US JAMMA)	1986	SNK
ikari3	Run & gun	2	horizontal		Ikari III - The Rescue (World version 1, 8-Way Joystick)	1989	SNK
ikari3j	Run & gun	2	horizontal	ikari3	Ikari Three (Japan, Rotary Joystick)	1989	SNK
ikari3k	Run & gun	2	horizontal	ikari3	Ikari Three (Korea, 8-Way Joystick)	1989	SNK
ikari3u	Run & gun	2	horizontal	ikari3	Ikari III - The Rescue (US, Rotary Joystick)	1989	SNK
ikari3w	Run & gun	2	horizontal	ikari3	Ikari III - The Rescue (World, Rotary Joystick)	1989	SNK
ikaria	Run & gun	2	vertical	ikari	Ikari Warriors (US, set 1)	1986	SNK
ikaria2	Run & gun	2	vertical	ikari	Ikari Warriors (US, set 2)	1986	SNK
ikarijp	Run & gun	2	vertical	ikari	Ikari (Japan No Continues)	1986	SNK
ikarijpb	Run & gun	2	vertical	ikari	Ikari (Joystick hack bootleg)	1986	bootleg
ikarinc	Run & gun	2	vertical	ikari	Ikari Warriors (US No Continues)	1986	SNK
ikariram	Run & gun	2	vertical	ikari	Rambo 3 (bootleg of Ikari, Joystick hack)	1986	bootleg
ikki	Run & gun	2	horizontal		Ikki (Japan)	1985	Sun Electronics
imago	Shooter	2	vertical		Imago (cocktail set)	1984	Acom
imagoa	Shooter	2	vertical	imago	Imago (no cocktail set)	1983	Acom
imgfight	Vertical shooter	2	vertical		Image Fight (World)	1988	Irem
imgfightj	Vertical shooter	2	vertical	imgfight	Image Fight (Japan)	1988	Irem
imgfightjb	Vertical shooter	2	vertical	imgfight	Image Fight (Japan, bootleg)	1988	Irem
imsorry	Maze	2	horizontal		I'm Sorry (315-5110, US)	1985	Coreland / Sega
imsorryj	Maze	2	horizontal	imsorry	Gonbee no I'm Sorry (315-5110, Japan)	1985	Coreland / Sega
indytemp	Beat 'em up	2	horizontal		Indiana Jones and the Temple of Doom (set 1)	1985	Atari Games
indytemp2	Beat 'em up	2	horizontal	indytemp	Indiana Jones and the Temple of Doom (set 2)	1985	Atari Games
indytemp3	Beat 'em up	2	horizontal	indytemp	Indiana Jones and the Temple of Doom (set 3)	1985	Atari Games
indytemp4	Beat 'em up	2	horizontal	indytemp	Indiana Jones and the Temple of Doom (set 4)	1985	Atari Games
indytempc	Beat 'em up	2	horizontal	indytemp	Indiana Jones and the Temple of Doom (cocktail)	1985	Atari Games
indytempd	Misc	2	horizontal	indytemp	Indiana Jones and the Temple of Doom (German)	1985	Atari Games
insector	Shooter	1	horizontal		Insector (prototype)	1982	Gottlieb
insectx	Horizontal shooter	2	horizontal		Insector X (World)	1989	Taito Corporation Japan
insectxbl	Horizontal shooter	2	horizontal	insectx	Insector X (bootleg)	1990	bootleg (Nagoya Kaihatsu)
insectxj	Horizontal shooter	2	horizontal	insectx	Insector X (Japan)	1989	Taito Corporation
intcup94	Football	2	horizontal		International Cup '94 (Ver 2.2O 1994/05/26)	1994	Taito Corporation Japan
inthehunt	Shooter	1	horizontal		In The Hunt (Demo Version)	2025	OzzyOuzo
inthunt	Horizontal shooter	2	horizontal		In The Hunt (World)	1993	Irem
inthuntk	Horizontal shooter	2	horizontal	inthunt	In The Hunt (Korea?)	1993	Irem
inthuntu	Horizontal shooter	2	horizontal	inthunt	In The Hunt (US)	1993	Irem America
intlaser	Shooter	4	horizontal	blasted	International Team Laser (prototype)	1987	Bally Midway
intrepid	Platform	2	vertical		Intrepid (set 1)	1983	Nova Games Ltd.
intrepid2	Platform	2	vertical	intrepid	Intrepid (set 2)	1983	Nova Games Ltd.
intrepidb	Platform	2	vertical	intrepid	Intrepid (Elsys bootleg, set 1)	1984	bootleg (Elsys)
intrepidb2	Platform	2	vertical	intrepid	Intrepid (Loris bootleg)	1984	bootleg (Loris)
intrepidb3	Platform	2	vertical	intrepid	Intrepid (Elsys bootleg, set 2)	1984	bootleg (Elsys)
inufuku	Quiz	2	horizontal		Quiz & Variety Sukusuku Inufuku (Japan)	1998	Video System Co.
invaders	Shooter	2	vertical		Space Invaders / Space Invaders M	1978	Taito / Midway
invcarht	Vertical shooter	2	vertical		Invinco / Car Hunt (Germany)	1979	Sega
invds	Vertical shooter	2	vertical		Invinco / Deep Scan	1979	Sega
invho2	Vertical shooter	2	vertical		Invinco / Head On 2 (set 1)	1979	Sega
invinco	Vertical shooter	2	vertical		Invinco	1979	Sega
inyourfa	Sports	2	horizontal		In Your Face (North America, prototype)	1991	Jaleco
iqblock	Puzzle	2	horizontal		IQ-Block (V100U)	1993	IGS
irion	Shooter	2	vertical	exerion	Irion	1983	bootleg
ironclad	Horizontal shooter	2	horizontal		Choutetsu Brikin'ger / Iron Clad (prototype)	1996	Saurus
ironclado	Horizontal shooter	2	horizontal	ironclad	Choutetsu Brikin'ger / Iron Clad (prototype, bootleg)	1996	bootleg
ironfort	Maze / Run & gun	2	horizontal		Iron Fortress	1998	Eolith
ironfortc	Maze / Run & gun	2	horizontal	ironfort	Gongtit Jiucoi Iron Fortress (Hong Kong)	1998	Eolith (Excellent Competence Ltd. license)
ironhors	Run & gun	2	horizontal		Iron Horse (version K)	1986	Konami
ironhorsh	Run & gun	2	horizontal	ironhors	Iron Horse (version H)	1986	Konami
irrmaze	Maze	1	horizontal		The Irritating Maze / Ultra Denryu Iraira Bou	1997	SNK / Saurus
itaten	Action	2	horizontal		Itazura Tenshi (Japan)	1984	Nichibutsu / Alice
jack	Maze	2	vertical		Jack the Giantkiller (set 1)	1982	Hara Industries (Cinematronics license)
jack2	Maze	2	vertical	jack	Jack the Giantkiller (set 2)	1982	Hara Industries (Cinematronics license)
jack3	Maze	2	vertical	jack	Jack the Giantkiller (set 3)	1982	Hara Industries (Cinematronics license)
jackal	Run & gun	2	vertical		Jackal (World, 8-way Joystick)	1986	Konami
jackalbl	Run & gun	2	vertical	jackal	Jackal (bootleg, Rotary Joystick)	1986	bootleg
jackalj	Run & gun	2	vertical	jackal	Tokushu Butai Jackal (Japan, 8-way Joystick)	1986	Konami
jackalr	Run & gun	2	vertical	jackal	Jackal (World, Rotary Joystick)	1986	Konami
jackrabt	Action / Maze	2	vertical		Jack Rabbit (set 1)	1984	Zaccaria
jackrabt2	Action / Maze	2	vertical	jackrabt	Jack Rabbit (set 2)	1984	Zaccaria
jackrabts	Action / Maze	2	vertical	jackrabt	Jack Rabbit (special)	1984	Zaccaria
jailbrek	Run & gun	2	horizontal		Jail Break	1986	Konami
jailbrekb	Run & gun	2	horizontal	jailbrek	Jail Break (bootleg)	1986	bootleg
jammin	Action	2	vertical		Jammin' (prototype)	1985	Atari Games
janjans1	Mahjong	2	horizontal		Lovely Pop Mahjong JangJang Shimasho (Japan)	1996	Visco
janjans2	Mahjong	2	horizontal		Lovely Pop Mahjong JangJang Shimasho 2 (Japan)	2000	Visco
janshin	Mahjong	2	horizontal		Janshin Densetsu - Quest of Jongmaster	1994	Aicom
jchan	Fighting	2	horizontal		Jackie Chan - The Kung-Fu Master (rev 4?)	1995	Kaneko
jchan2	Fighting	2	horizontal		Jackie Chan in Fists of Fire	1995	Kaneko
jchana	Fighting	2	horizontal	jchan	Jackie Chan - The Kung-Fu Master (rev 3?)	1995	Kaneko
jcross	Racing	2	vertical		Jumping Cross (set 1)	1984	SNK
jcrossa	Racing	2	vertical	jcross	Jumping Cross (set 2)	1984	SNK
jdreddp	Beat 'em up	3	horizontal		Judge Dredd (rev TA1 7/12/92, location test)	1993	Midway
jedi	Shooter / Racing / Action	2	horizontal		Return of the Jedi	1984	Atari
jigkmgri	Run & gun	2	horizontal	bonzeadv	Jigoku Meguri (Japan, rev 1)	1988	Taito
jigkmgria	Run & gun	2	horizontal	bonzeadv	Jigoku Meguri (Japan, hack?)	19??	Taito
jin	Puzzle	2	vertical		Jin	1982	Falcon
jitsupro	Sports	2	horizontal		Jitsuryoku!! Pro Yakyuu (Japan)	1989	Jaleco
jjack	Platform	2	vertical		Jumping Jack	1984	Universal
jjparad2	Mahjong	2	horizontal		Jan Jan Paradise 2	1997	Electro Design
jjparads	Mahjong	2	horizontal		Jan Jan Paradise	1996	Electro Design
jjsquawk	Platform	2	horizontal		J. J. Squawkers	1993	Athena / Able
jjsquawkb	Platform	2	horizontal	jjsquawk	J. J. Squawkers (bootleg)	1999	bootleg
jjsquawkb2	Platform	2	horizontal	jjsquawk	J. J. Squawkers (bootleg, Blandia Conversion)	1999	bootleg
jjsquawko	Platform	2	horizontal	jjsquawk	J. J. Squawkers (older)	1993	Athena / Able
jleague	Football	2	horizontal	svf	The J.League 1994 (Japan, Rev A)	1994	Sega
jleagueo	Misc	2	horizontal	svf	The J.League 1994 (Japan)	1994	Sega
jmpbreak	Breakout	2	horizontal		Jumping Break (set 1)	1999	F2 System
jmpbreaka	Breakout	2	horizontal	jmpbreak	Jumping Break (set 2)	1999	F2 System
jockeygp	Racing	2	horizontal		Jockey Grand Prix (set 1)	2001	Sun Amusement / BrezzaSoft
jockeygpa	Racing	2	horizontal	jockeygp	Jockey Grand Prix (set 2)	2001	Sun Amusement / BrezzaSoft
joemac	Platform / Run & gun	2	horizontal	cninja	Tatakae Genshizin Joe & Mac (Japan ver 1)	1991	Data East Corporation
joemacr	Platform	2	horizontal		Joe & Mac Returns (World, Version 1.1, 1994.05.27)	1994	Data East Corporation
joemacra	Platform	2	horizontal	joemacr	Joe & Mac Returns (World, Version 1.0, 1994.05.19)	1994	Data East Corporation
joemacrj	Platform	2	horizontal	joemacr	Joe & Mac Returns (Japan, Version 1.2, 1994.06.06)	1994	Data East Corporation
joinem	Maze	2	vertical		Joinem	1983	Global Corporation
jojo	Fighting	2	horizontal		JoJo's Venture (Europe 990128)	1998	Capcom
jojoa	Fighting	2	horizontal	jojo	JoJo's Venture (Asia 990128)	1998	Capcom
jojoar1	Fighting	2	horizontal	jojo	JoJo's Venture (Asia 990108)	1998	Capcom
jojoar2	Fighting	2	horizontal	jojo	JoJo's Venture (Asia 981202)	1998	Capcom
jojoba	Fighting	2	horizontal		JoJo's Bizarre Adventure (Europe 991015, NO CD)	1999	Capcom
jojobajr1	Fighting	2	horizontal	jojoba	JoJo no Kimyou na Bouken: Mirai e no Isan (Japan 990927)	1999	Capcom
jojobajr2	Fighting	2	horizontal	jojoba	JoJo no Kimyou na Bouken: Mirai e no Isan (Japan 990913)	1999	Capcom
jojoban	Fighting	2	horizontal	jojoba	JoJo no Kimyou na Bouken: Mirai e no Isan (Japan 991015, NO CD)	1999	Capcom
jojobaner1	Fighting	2	horizontal	jojoba	JoJo's Bizarre Adventure (Europe 990927, NO CD)	1999	Capcom
jojobaner2	Fighting	2	horizontal	jojoba	JoJo's Bizarre Adventure (Europe 990913, NO CD)	1999	Capcom
jojobanr1	Fighting	2	horizontal	jojoba	JoJo no Kimyou na Bouken: Mirai e no Isan (Japan 990927, NO CD)	1999	Capcom
jojobanr2	Fighting	2	horizontal	jojoba	JoJo no Kimyou na Bouken: Mirai e no Isan (Japan 990913, NO CD)	1999	Capcom
jojobanrb	Fighting	2	horizontal	jojoba	JoJo's Bizarre Adventure (Rainbow Edition v1.0.1 2021)	2021	hack
jojobar1	Fighting	2	horizontal	jojoba	JoJo's Bizarre Adventure (Europe 990927)	1999	Capcom
jojobar2	Fighting	2	horizontal	jojoba	JoJo's Bizarre Adventure (Europe 990913)	1999	Capcom
jojoj	Fighting	2	horizontal	jojo	JoJo no Kimyou na Bouken (Japan 990128)	1998	Capcom
jojojr1	Fighting	2	horizontal	jojo	JoJo no Kimyou na Bouken (Japan 990108)	1998	Capcom
jojojr2	Fighting	2	horizontal	jojo	JoJo no Kimyou na Bouken (Japan 981202)	1998	Capcom
jojon	Fighting	2	horizontal	jojo	JoJo's Venture (Asia 990128, NO CD)	1998	Capcom
jojonr1	Fighting	2	horizontal	jojo	JoJo's Venture (Asia 990108, NO CD)	1998	Capcom
jojonr2	Fighting	2	horizontal	jojo	JoJo's Venture (Asia 981202, NO CD)	1998	Capcom
jojor1	Fighting	2	horizontal	jojo	JoJo's Venture (Europe 990108)	1998	Capcom
jojor2	Fighting	2	horizontal	jojo	JoJo's Venture (Europe 981202)	1998	Capcom
jojou	Fighting	2	horizontal	jojo	JoJo's Venture (USA 990128)	1998	Capcom
jojour1	Fighting	2	horizontal	jojo	JoJo's Venture (USA 990108)	1998	Capcom
jojour2	Fighting	2	horizontal	jojo	JoJo's Venture (USA 981202)	1998	Capcom
jollyjgr	Maze	2	vertical		Jolly Jogger	1982	Taito Corporation
journey	Action	2	vertical		Journey	1983	Bally Midway
joust	Action	2	horizontal		Joust (Green label)	1982	Williams
joustr	Action	2	horizontal	joust	Joust (Red label)	1982	Williams
jousty	Action	2	horizontal	joust	Joust (Yellow label)	1982	Williams
joyfulr	Racing / Action	4	vertical		Joyful Road (Japan)	1983	SNK
joyjoy	Puzzle	2	horizontal		Puzzled / Joy Joy Kid (NGM-021 ~ NGH-021)	1990	SNK
joyman	Maze / Action	2	vertical	puckman	Joyman	1982	hack
jpark	Shooter	2	horizontal		Jurassic Park (World, Rev A)	1993	Sega
jparkj	Shooter	2	horizontal	jpark	Jurassic Park (Japan, Rev A, Deluxe)	1993	Sega
jparkja	Shooter	2	horizontal	jpark	Jurassic Park (Japan, Deluxe)	1993	Sega
jparkjc	Shooter	2	horizontal	jpark	Jurassic Park (Japan, Rev A, Conversion)	1993	Sega
jpopnics	Breakout	2	horizontal		Jumping Pop (Nics, Korean hack of Plump Pop)	1992	Nics
jrking	Platform / Action	2	vertical	dkongjr	Junior King (bootleg of Donkey Kong Jr.)	1982	bootleg
jrpacman	Maze / Action	2	vertical		Jr. Pac-Man (11/9/83)	1983	Bally Midway
jrpacmanf	Maze / Action	2	vertical	jrpacman	Jr. Pac-Man (speedup hack)	1983	hack
jt104	Beat 'em up	2	horizontal	ninjakd2	JT 104 / NinjaKun Ashura no Shou	1987	UPL (United Amusements license)
juju	Run & gun	2	horizontal	toki	JuJu Densetsu (Japan)	1989	TAD Corporation
jujub	Run & gun	2	horizontal	toki	JuJu Densetsu (Playmark bootleg)	1990	bootleg (Playmark)
jumpbug	Horizontal shooter	2	vertical		Jump Bug	1981	Hoei (Rock-Ola license)
jumpbugb	Horizontal shooter	2	vertical	jumpbug	Jump Bug (bootleg, set 1)	1981	bootleg
jumpcoas	Platform	2	vertical		Jump Coaster (World)	1983	Kaneko Elc. Co.
jumpcoasa	Platform	2	vertical	jumpcoas	Jump Coaster	1983	Kaneko
jumpcoast	Platform	2	vertical	jumpcoas	Jump Coaster (Taito)	1983	Kaneko (Taito license)
jumping	Platform	2	horizontal	rbisland	Jumping (set 1)	1989	bootleg
jumpinga	Platform	2	horizontal	rbisland	Jumping (set 2)	1988	bootleg (Seyutu)
jumpingi	Platform	2	horizontal	rbisland	Jumping (set 3, Imnoe PCB)	1988	bootleg (Seyutu)
jumpkids	Platform	2	horizontal		Jump Kids	1993	Comad
jumpkun	Platform	2	vertical		Jump Kun (prototype)	1984	Kaneko
jumppop	Platform	2	horizontal		Jumping Pop (set 1)	2001	ESD
jumppope	Platform	2	horizontal	jumppop	Jumping Pop (set 2)	2001	Emag Soft
jumpshot	Sports	2	vertical		Jump Shot	1985	Bally Midway
jumpshotp	Sports	2	vertical	jumpshot	Jump Shot Engineering Sample	1985	Bally Midway
jungleby	Platform / Action	2	horizontal	junglek	Jungle Boy (bootleg)	1982	bootleg
jungleh	Platform / Action	2	horizontal	junglek	Jungle Hunt (US)	1982	Taito America Corporation
jungleha	Platform / Action	2	horizontal	junglek	Jungle Hunt (US, alternate set)	1982	Taito America Corp
junglehbr	Platform / Action	2	horizontal	junglek	Jungle Hunt (Brazil)	1983	Taito do Brasil
junglek	Platform / Action	2	horizontal		Jungle King (Japan)	1982	Taito Corporation
junglekas	Platform / Action	2	horizontal	junglek	Jungle King (alternate sound)	1982	Taito Corporation
junglekj2	Platform / Action	2	horizontal	junglek	Jungle King (Japan, earlier)	1982	Taito Corporation
junglekj2a	Platform / Action	2	horizontal	junglek	Jungle King (Japan, earlier, alt)	1982	Taito Corporation
jungler	Maze	2	vertical		Jungler	1981	Konami
junofrst	Vertical shooter	2	vertical		Juno First	1983	Konami
junofrstg	Vertical shooter	2	vertical	junofrst	Juno First (Gottlieb)	1983	Konami (Gottlieb license)
jurassic99	Beat 'em up	3	horizontal	dino	Jurassic 99 (Cadillacs and Dinosaurs bootleg with EM78P447AP)	1993	bootleg
jurl	Action	1	horizontal		Jurl (HB, v0.3c)	2025	Tonsomo Entertainment
jyangoku	Mahjong	2	horizontal		Jyangokushi: Haoh no Saihai (Japan 990527)	1999	Capcom
kabukijq	Fighting	2	horizontal	kabukikl	Far East of Eden - Kabuki Klash / Tengai Makyou - Shin Den (Enhanced, Hack)	2023	hack
kabukikl	Fighting	2	horizontal		Far East of Eden - Kabuki Klash / Tengai Makyou - Shin Den	1995	Hudson
kabukiklb	Fighting	2	horizontal	kabukikl	Far East of Eden - Kabuki Klash / Tengai Makyou - Shin Den (Add hidden characters)	2008	Ydmis / Creamymami[EGCG]
kabukiz	Beat 'em up	2	horizontal		Kabuki-Z (World)	1988	Kaneko / Taito Corporation Japan
kabukizj	Beat 'em up	2	horizontal	kabukiz	Kabuki-Z (Japan)	1988	Kaneko / Taito Corporation
kageki	Fighting	2	vertical		Kageki (World)	1988	Kaneko / Taito Corporation
kagekih	Fighting	2	vertical	kageki	Kageki (hack)	1992	hack
kagekij	Fighting	2	vertical	kageki	Kageki (Japan)	1988	Kaneko / Taito Corporation
kagekiu	Fighting	2	vertical	kageki	Kageki (US)	1988	Kaneko / Taito America Corporation (Romstar license)
kaiserkn	Fighting	2	horizontal		Kaiser Knuckle (Ver 2.1O 1994/07/29)	1994	Taito Corporation Japan
kaiserknj	Fighting	2	horizontal	kaiserkn	Kaiser Knuckle (Ver 2.1J 1994/07/29)	1994	Taito Corporation
kaitei	Action	2	vertical		Kaitei Takara Sagashi	1980	K.K. Tokki
kaiteids	Horizontal shooter	2	horizontal	inthunt	Kaitei Daisensou (Japan)	1993	Irem
kaitein	Action	2	vertical	kaitei	Kaitei Takara Sagashi (Namco license)	1980	K.K. Tokki (Namco license)
kamakazi3	Vertical shooter	2	vertical	galaxian	Kamakazi III (hack of 'Super Galaxians')	1979	hack
kamenrid	Racing	2	horizontal		Masked Riders Club Battle Race / Kamen Rider Club Battle Racer	1993	Banpresto
kamikazesp	Horizontal shooter	2	vertical	scramble	Kamikaze (Euromatic S.A., Spanish bootleg of Scramble)	1981	bootleg (Euromatic S.A.)
kamikcab	Action	2	vertical		Kamikaze Cabbie	1984	Data East Corporation
kangaroo	Platform / Action	2	vertical		Kangaroo	1982	Sun Electronics
kangarooa	Platform / Action	2	vertical	kangaroo	Kangaroo (Atari)	1982	Sun Electronics (Atari license)
kangaroob	Platform / Action	2	vertical	kangaroo	Kangaroo (bootleg)	1982	bootleg
kangarool	Platform / Action	2	vertical	kangaroo	Kangaroo (LÃ¶wen-Automaten)	1982	Sun Electronics (LÃ¶wen-Automaten license)
karatblz	Beat 'em up	4	horizontal		Karate Blazers (World, set 1)	1991	Video System Co.
karatblza	Beat 'em up	4	horizontal	karatblz	Karate Blazers (World, set 2)	1991	Video System Co.
karatblzbl	Beat 'em up	4	horizontal	karatblz	Karate Blazers (bootleg with Street Smart sound hardware)	1991	bootleg
karatblzj	Beat 'em up	4	horizontal	karatblz	Toushin Blazers (Japan, Tecmo license)	1991	Video System Co. (Tecmo license)
karatblzt	Beat 'em up	4	horizontal	karatblz	Karate Blazers (World, Tecmo license)	1991	Video System Co. (Tecmo license)
karatblzu	Beat 'em up	4	horizontal	karatblz	Karate Blazers (US)	1991	Video System Co.
karateda	Fighting	4	vertical	kchamp	Karate Dou (Arfyc bootleg)	1984	bootleg (Arfyc)
karatedo	Fighting	4	vertical	kchamp	Karate Dou (Japan)	1984	Data East Corporation
karatevs	Fighting	4	vertical	kchampvs	Taisen Karate Dou (Japan)	1984	Data East Corporation
karatour	Fighting	2	horizontal		The Karate Tournament	1992	Mitchell
karatourj	Fighting	2	horizontal	karatour	Chatan Yara Kuushanku - The Karate Tournament (Japan)	1992	Mitchell
karianx	Puzzle	2	horizontal		Karian Cross (Rev. 1.0)	1996	Deniam
karnov	Run & gun	2	horizontal		Karnov (US, rev 6)	1987	Data East USA
karnova	Run & gun	2	horizontal	karnov	Karnov (US, rev 5)	1987	Data East USA
karnovj	Run & gun	2	horizontal	karnov	Karnov (Japan)	1987	Data East Corporation
karnovng	Run & gun / Platform	2	horizontal		Karnov Neo Geo (HB)	2025	iq_132
karnovr	Fighting	2	horizontal		Karnov's Revenge / Fighter's History Dynamite	1994	Data East Corporation
karnovre	Fighting	2	horizontal	karnovr	Karnov's Revenge / Fighter's History Dynamite - Revolution (Hack, v0.2)	2024	GameHackFan
kazan	Beat 'em up	2	horizontal		Ninja Kazan (World)	1988	Jaleco
kbash	Beat 'em up	2	horizontal		Knuckle Bash	1993	Toaplan / Atari
kbash2	Beat 'em up	2	horizontal		Knuckle Bash 2 (bootleg)	1999	bootleg
kbashk	Beat 'em up	2	horizontal	kbash	Knuckle Bash (Korean PCB)	1993	Toaplan / Taito
kbashp	Beat 'em up	2	horizontal	kbash	Knuckle Bash (location test)	1993	Toaplan / Taito
kchamp	Fighting	4	vertical		Karate Champ (US)	1984	Data East USA
kchamptec	Fighting	4	vertical	kchamp	Karate Champ (Tecfri bootleg)	1984	bootleg (Tecfri)
kchampvs	Fighting	4	vertical		Karate Champ: Player Vs Player (US, set 1)	1984	Data East USA
kchampvs2	Fighting	4	vertical	kchampvs	Karate Champ: Player Vs Player (US, set 2)	1984	Data East USA
kchampvs3	Fighting	4	vertical	kchampvs	Karate Champ: Player Vs Player (US, set 3)	1984	Data East USA
kchampvs4	Fighting	4	vertical	kchampvs	Karate Champ: Player Vs Player (US, set 4)	1984	Data East USA
keithlcy	Quiz	2	horizontal		Dramatic Adventure Quiz Keith & Lucy (Japan)	1993	Visco
kengo	Beat 'em up	2	horizontal	ltswords	Ken-Go (World)	1991	Irem
kengoj	Beat 'em up	2	horizontal	ltswords	Ken-Go (Japan)	1991	Irem
keroppi	Mini-games	1	horizontal		Kero Kero Keroppi's Let's Play Together (USA, Version 2.0)	1995	American Sammy
keroppij	Mini-games	1	horizontal	keroppi	Kero Kero Keroppi no Isshoni Asobou (Japan)	1993	Sammy Industries
ket	Vertical shooter	4	vertical		Ketsui: Kizuna Jigoku Tachi (2003/01/01. Master Ver.)	2002	Cave (AMI license)
ket1	Vertical shooter	4	vertical	ket	Ketsui: Kizuna Jigoku Tachi (2003/01/01. Master Ver.) (alt rom fill)	2002	Cave (AMI license)
keta	Vertical shooter	4	vertical	ket	Ketsui: Kizuna Jigoku Tachi (2003/01/01 Master Ver.)	2002	Cave (AMI license)
ketarr	Vertical shooter	4	vertical	ket	Ketsui: Kizuna Jigoku Tachi (2014/07/16 ARRANGE 1.7 VER) (hack)	2014	hack (trap15)
ketarr10	Vertical shooter	4	vertical	ket	Ketsui: Kizuna Jigoku Tachi (2012/04/17 ARRANGE VER) (hack)	2012	hack (trap15)
ketarr15	Vertical shooter	4	vertical	ket	Ketsui: Kizuna Jigoku Tachi (2012/06/26 ARRANGE 1.5 VER) (hack)	2012	hack (trap15)
ketarr151	Vertical shooter	4	vertical	ket	Ketsui: Kizuna Jigoku Tachi (2012/06/26 ARRANGE 1.51 VER) (hack)	2012	hack (trap15)
ketarrb	Vertical shooter	4	vertical	ket	Ketsui: Kizuna Jigoku Tachi (2012/04/17 BACK. VER) (hack)	2025	hack
ketarrf	Vertical shooter	4	vertical	ket	Ketsui: Kizuna Jigoku Tachi (2012/04/17 FAST. VER) (hack)	2012	hack (trap15)
ketarrs15	Vertical shooter	4	vertical	ket	Ketsui: Kizuna Jigoku Tachi (2012/06/27 MR.STOIC 1.5 VER) (hack)	2012	hack (trap15)
ketarrs151	Vertical shooter	4	vertical	ket	Ketsui: Kizuna Jigoku Tachi (2012/06/27 MR.STOIC 1.51 VER) (hack)	2012	hack (trap15)
ketb	Vertical shooter	4	vertical	ket	Ketsui: Kizuna Jigoku Tachi (2003/01/01 Master Ver)	2002	Cave (AMI license)
ketbl	Vertical shooter	4	vertical	ket	Ketsui: Kizuna Jigoku Tachi (2003/01/01. Master Ver., bootleg cartridge conversion)	2002	bootleg
ketikd	Vertical shooter	4	vertical	ket	Ketsui: Kizuna Jigoku Tachi - IKD 2007 Special (2007/09/22 CAVEMATSURI VER.) (encrypted)	2007	Cave (AMI license)
ketmatsuri	Vertical shooter	4	vertical	ket	Ketsui: Kizuna Jigoku Tachi - IKD 2007 Special (2007/09/22 CAVEMATSURI VER.)	2007	Cave (AMI license)
ketse	Vertical shooter	4	vertical	ket	Ketsui: Kizuna Jigoku Tachi (2003/01/01 Master Ver - Super Easy) (hack)	2020	hack (M2)
kf10thep	Fighting	2	horizontal	kof2002	The King of Fighters 10th Anniversary Extra Plus (bootleg of The King of Fighters 2002)	2005	bootleg
kf10thuo	Fighting	2	horizontal	kof2002	The King of Fighters 10th Anniversary (Optimized 2020, Hack)	2020	hack
kf10thup	Fighting	2	horizontal	kof2002	The King of Fighters 10th Anniversary (Optimized 2023, Hack)	2025	hack
kf2k1bh	Fighting	2	horizontal	kof2001	The King of Fighters 2001 Boss Hack (bootleg / hack)	2001	bootleg
kf2k1pkz	Fighting	2	horizontal	kof2001	The King of Fighters 2001 (PS2 Krizalid, Hack)	2021	hack
kf2k1pla	Fighting	2	horizontal	kof2001	The King of Fighters 2001 Plus (set 2, bootleg / hack)	2002	bootleg
kf2k1pls	Fighting	2	horizontal	kof2001	The King of Fighters 2001 Plus (set 1, bootleg / hack)	2002	bootleg
kf2k1ult	Fighting	2	horizontal	kof2001	The King of Fighters 2001 (All Boss Plus, Hack)	2026	hack
kf2k23rd	Fighting	2	horizontal	kof2002	The King of Fighters 2002 (3rd Strike of Orochi, Hack)	2020-2022	hack
kf2k2mix	Fighting	2	horizontal	kof2002	The King of Fighters 2002 (Climax, Hack)	2016	hack
kf2k2mp	Fighting	2	horizontal	kof2002	The King of Fighters 2002 Magic Plus (bootleg, set 1)	2002	bootleg
kf2k2mp2	Fighting	2	horizontal	kof2002	The King of Fighters 2002 Magic Plus II (bootleg)	2002	bootleg
kf2k2mp3	Fighting	2	horizontal	kof2002	The King of Fighters 2002 Magic Plus III (Hack)	2010	hack
kf2k2mpl	Fighting	2	horizontal	kof2002	The King of Fighters 2002 Magic Plus (bootleg, set 2)	2002	bootleg
kf2k2p17	Fighting	2	horizontal	kof2002	The King of Fighters 2002 (Plus 2017, Hack)	2020	hack
kf2k2pl	Fighting	2	horizontal	kof2002	The King of Fighters 2002 Plus (bootleg set 4)	2002	bootleg
kf2k2pla	Fighting	2	horizontal	kof2002	The King of Fighters 2002 Plus (bootleg set 2)	2002	bootleg
kf2k2plb	Fighting	2	horizontal	kof2002	The King of Fighters 2002 Plus (bootleg set 3)	2002	bootleg
kf2k2plc	Fighting	2	horizontal	kof2002	The King of Fighters 2002 Super (bootleg)	2002	bootleg
kf2k2plh	Fighting	2	horizontal	kof2002	The King of Fighters 2002 Plus (Hack)	2022	hack
kf2k2pls	Fighting	2	horizontal	kof2002	The King of Fighters 2002 Plus (bootleg set 1)	2002	bootleg
kf2k2ps2re	Fighting	2	horizontal	kof2002	The King of Fighters 2002 (PlayStation 2 Plus 2025 ver 1.0, Hack)	2025	GSC2007, Dream
kf2k3bl	Fighting	2	horizontal	kof2003	The King of Fighters 2003 (bootleg set 1)	2003	bootleg
kf2k3bla	Fighting	2	horizontal	kof2003	The King of Fighters 2003 (bootleg set 2)	2003	bootleg
kf2k3p2s	Fighting	2	horizontal	kof2003	The King of Fighters 2003 (PS2 Style Portraits, Hack)	20??	hack
kf2k3pcb	Fighting	2	horizontal		The King of Fighters 2003 (Japan, JAMMA PCB)	2003	SNK Playmore
kf2k3pl	Fighting	2	horizontal	kof2003	The King of Fighters 2004 Plus / Hero (bootleg of The King of Fighters 2003)	2003	bootleg
kf2k3ps2	Fighting	2	horizontal	kof2003	The King of Fighters 2003 (PlayStation 2, Hack)	2006	hack
kf2k3upl	Fighting	2	horizontal	kof2003	The King of Fighters 2004 Ultra Plus (bootleg of The King of Fighters 2003)	2003	bootleg
kf2k4pls	Fighting	2	horizontal	kof2002	The King of Fighters Special Edition 2004 Plus (bootleg)	2004	bootleg
kf2k5uni	Fighting	2	horizontal	kof2002	The King of Fighters 10th Anniversary 2005 Unique (bootleg of The King of Fighters 2002)	2004	bootleg
kick	Breakout	2	vertical		Kick (upright)	1981	Midway
kickboy	Action	2	horizontal		Kick Boy	1983	Nichibutsu
kickc	Breakout	2	vertical	kick	Kick (cocktail)	1981	Midway
kicker	Beat 'em up	2	vertical		Kicker	1985	Konami
kickgoal	Football	2	horizontal		Kick Goal (set 1)	1995	TCH / Proyesel
kickgoala	Football	2	horizontal	kickgoal	Kick Goal (set 2)	1995	TCH / Proyesel
kickman	Breakout	2	vertical	kick	Kickman (upright)	1981	Midway
kicknrun	Sports	2	horizontal		Kick and Run (World)	1986	Taito Corporation
kicknrunu	Sports	2	horizontal	kicknrun	Kick and Run (US)	1986	Taito America Corp
kickoff	Football	2	horizontal		Kick Off: Jaleco Cup (Japan)	1988	Jaleco
kickridr	Racing	2	horizontal		Kick Rider	1984	Universal
kidniki	Platform	2	horizontal		Kid Niki - Radical Ninja (World)	1986	Irem
kidnikiu	Platform	2	horizontal	kidniki	Kid Niki - Radical Ninja (US)	1986	Irem (Data East USA license)
kikcubic	Maze	2	horizontal		Meikyu Jima (Japan)	1988	Irem
kikcubicb	Maze	2	horizontal	kikcubic	Kickle Cubele	1988	bootleg
kikikai	Maze / Run & gun	2	vertical		KiKi KaiKai	1986	Taito Corporation
kikstart	Racing	2	horizontal		Kick Start: Wheelie King	1984	Taito Corporation
killbld	Fighting	4	horizontal		The Killing Blade / Ao Jian Kuang Dao (ver. 109, Chinese Board)	1998	IGS
killbld100	Fighting	4	horizontal	killbld	The Killing Blade / Ao Jian Kuang Dao (ver. 100, Taiwanese Board)	1998	IGS
killbld104	Fighting	4	horizontal	killbld	The Killing Blade / Ao Jian Kuang Dao (ver. 104)	1998	IGS
killbld106	Fighting	4	horizontal	killbld	The Killing Blade / Ao Jian Kuang Dao (ver. 106)	1998	IGS
killbld109	Fighting	4	horizontal	killbld	The Killing Blade (ver. 109 alt, Chinese Board)	1998	IGS
killbldjq	Fighting	4	horizontal	killbld	The Killing Blade - Infinite Energy (Hack)	2023	hack
killbldp	Fighting	4	horizontal		The Killing Blade Plus / Ao Jian Kuang Dao Jiaqiang Ban (China, ver. 300)	2005	IGS
killbldqy	Fighting	4	horizontal	killbld	The Killing Blade - Heroes (Hack)	2018	hack
kingball	Shooter	2	vertical		King & Balloon (US)	1980	Namco
kingballj	Shooter	2	vertical	kingball	King & Balloon (Japan)	1980	Namco
kingdmgp	Vertical shooter	2	horizontal		Kingdom Grandprix	1994	Raizing / Eighting
kingofb	Sports	2	vertical		King of Boxer (World)	1985	Woodplace Inc.
kingofbj	Sports	2	vertical	kingofb	King of Boxer (Japan)	1985	Woodplace Inc.
kirameki	Quiz	2	horizontal		Kirameki Star Road (Ver 2.10J 1997/08/29)	1997	Taito Corporation
kirarast	Mahjong	2	horizontal		Ryuusei Janshi Kirara Star	1996	Jaleco
kittenk	Puzzle	2	horizontal		Kitten Kaboodle	1988	Konami
kizuna	Fighting	2	horizontal		Kizuna Encounter - Super Tag Battle / Fu'un Super Tag Battle	1996	SNK
klax	Puzzle	2	horizontal		Klax (version 6)	1990	Atari Games
klax4	Puzzle	2	horizontal	klax	Klax (version 4)	1990	Atari Games
klax5	Puzzle	2	horizontal	klax	Klax (version 5)	1990	Atari Games
klaxd2	Puzzle	2	horizontal	klax	Klax (Germany, version 2)	1990	Atari Games
klaxj3	Puzzle	2	horizontal	klax	Klax (Japan, version 3)	1990	Atari Games
klaxj4	Puzzle	2	horizontal	klax	Klax (Japan, version 4)	1990	Atari Games
klondkp	Casino	2	horizontal		KlonDike+	1999	Eolith
knckhead	Fighting	4	horizontal		Knuckle Heads (World)	1992	Namco
knckheadj	Fighting	4	horizontal	knckhead	Knuckle Heads (Japan)	1992	Namco
knckheadjp	Fighting	4	horizontal	knckhead	Knuckle Heads (Japan, Prototype?)	1992	Namco
kncljoe	Beat 'em up	2	horizontal		Knuckle Joe (set 1)	1985	Seibu Kaihatsu (Taito license)
kncljoea	Beat 'em up	2	horizontal	kncljoe	Knuckle Joe (set 2)	1985	Seibu Kaihatsu (Taito license)
kngtmare	Action	2	horizontal		Knightmare (prototype)	1983	Gottlieb
knightb	Maze / Run & gun	2	vertical	kikikai	Knight Boy (bootleg of KiKi KaiKai, set 1)	1986	bootleg
knightct	Beat 'em up	3	horizontal	knights	Knights of the Round (Count, Hack)	2016	hack
knights	Beat 'em up	3	horizontal		Knights of the Round (World 911127)	1991	Capcom
knightsb	Beat 'em up	3	horizontal	knights	Knights of the Round (bootleg with 2xMSM5205, set 1)	1991	bootleg
knightsb2	Beat 'em up	3	horizontal	knights	Knights of the Round (bootleg, World 911127)	1991	bootleg
knightsb4	Beat 'em up	3	horizontal	knights	Knights of the Round (bootleg with YM2151 + 2xMSM5205)	1991	bootleg
knightsb5	Beat 'em up	3	horizontal	knights	Knights of the Round (bootleg, Japan 911127)	1991	bootleg
knightsc	Beat 'em up	3	horizontal	knights	Knights of the Round (hack, Chinese Translation)	2006	hack
knightsch	Card / RPG	1	horizontal		Knight's Chance (HB)	2014	Neobitz
knightsh	Beat 'em up	3	horizontal	knights	Knights of the Round (hack)	1991	hack
knightsh2	Beat 'em up	3	horizontal	knights	Knights of the Round (bootleg, World 911127 alt)	1991	bootleg
knightsj	Beat 'em up	3	horizontal	knights	Knights of the Round (Japan 911127, B-Board 91634B-2)	1991	Capcom
knightsja	Beat 'em up	3	horizontal	knights	Knights of the Round (Japan 911127, B-Board 89625B-1)	1991	Capcom
knightsp	Beat 'em up	3	horizontal	knights	Knights of the Round (Plus, Hack)	2016	hack
knightsu	Beat 'em up	3	horizontal	knights	Knights of the Round (USA 911127)	1991	Capcom
knockout	Maze	2	vertical	triplep	Knock Out!! (bootleg, set 1)	1982	bootleg? (KKK)
kod	Beat 'em up	3	horizontal		The King of Dragons (World 910805)	1991	Capcom
kod1v3	Beat 'em up	3	horizontal	kod	The King of Dragons (1v3, Hack)	2015	hack
kodb	Beat 'em up	3	horizontal	kod	The King of Dragons (bootleg)	1991	bootleg (Playmark)
kodbs	Beat 'em up	3	horizontal	kod	The King of Dragons (Boss Battle, Hack)	2015	hack
kodda	Beat 'em up	3	horizontal	kod	The King of Dragons (World 910731 Phoenix Edition) (bootleg)	1991	Capcom
koddw	Beat 'em up	3	horizontal	kod	The King of Dragons (Warriors, Hack)	2015	hack
kodh	Beat 'em up	3	horizontal	kod	The King of Dragons (hack)	2002	Capcom
kodj	Beat 'em up	3	horizontal	kod	The King of Dragons (Japan 910805, B-Board 90629B-3)	1991	Capcom
kodja	Beat 'em up	3	horizontal	kod	The King of Dragons (Japan 910805, B-Board 89625B-1)	1991	Capcom
kodly	Beat 'em up	3	horizontal	kod	The King of Dragons (Tough Plus, Hack)	2025	hack
kodlys	Beat 'em up	3	horizontal	kod	The King of Dragons (Dragonslayer, Hack)	2023	hack
kodr1	Beat 'em up	3	horizontal	kod	The King of Dragons (World 910711)	1991	Capcom
kodr2	Beat 'em up	3	horizontal	kod	The King of Dragons (World 910731)	1991	Capcom
kodsr	Beat 'em up	3	horizontal	kod	The King of Dragons (Remix Special, Hack)	2002	hack
kodu	Beat 'em up	3	horizontal	kod	The King of Dragons (USA 910910)	1991	Capcom
kodyh	Beat 'em up	3	horizontal	kod	The King of Dragons (Fireworks, Hack)	2022	hack
kof10th	Fighting	2	horizontal	kof2002	The King of Fighters 10th Anniversary (bootleg of The King of Fighters 2002)	2002	bootleg
kof10thd	Fighting	2	horizontal	kof2002	The King of Fighters 10th Anniversary (The King of Fighters 2002 bootleg / Fully Decrypted)	200?	hack
kof2000	Fighting	2	horizontal		The King of Fighters 2000 (NGM-2570 ~ NGH-2570)	2000	SNK
kof2000bc	Fighting	2	horizontal	kof2000	The King of Fighters 2000 (Imitate BC 14 System, Hack By Aillis)	2021	hack
kof2000n	Fighting	2	horizontal	kof2000	The King of Fighters 2000 (not encrypted)	2000	SNK
kof2000t	Fighting	2	horizontal	kof2000	The King of Fighters 2000 (Optimized, Hack)	2013	hack
kof2001	Fighting	2	horizontal		The King of Fighters 2001 (NGM-262?)	2001	Eolith / SNK
kof2001h	Fighting	2	horizontal	kof2001	The King of Fighters 2001 (NGH-2621)	2001	Eolith / SNK
kof2002	Fighting	2	horizontal		The King of Fighters 2002 (NGM-2650 ~ NGH-2650)	2002	Eolith / Playmore
kof2002b	Fighting	2	horizontal	kof2002	The King of Fighters 2002 (bootleg)	2002	bootleg
kof2002m	Fighting	2	horizontal	kof2002	The King of Fighters 2002 (Mugen, Hack)	2023	hack
kof2002t	Fighting	2	horizontal	kof2002	The King of Fighters 2002 Plus (Optimised, Hack)	2014	hack
kof2003	Fighting	2	horizontal		The King of Fighters 2003 (NGM-2710, Export)	2003	SNK Playmore
kof2003h	Fighting	2	horizontal	kof2003	The King of Fighters 2003 (NGH-2710)	2003	SNK Playmore
kof2003t	Fighting	2	horizontal	kof2003	The King of Fighters 2003 (Plus, Hack)	2014	SNK Playmore
kof2k1bs	Fighting	2	horizontal	kof2001	The King of Fighters 2001 (Boss, Hack)	2010	hack
kof2k1fd	Fighting	2	horizontal	kof2001	The King of Fighters 2001 (Fully Decrypted)	2001	Eolith / SNK
kof2k1rp	Fighting	2	horizontal	kof2001	The King of Fighters 2001 (Remix Pro v1.02 Final, Hack)	2004	hack
kof2k1ru	Fighting	2	horizontal	kof2001	The King of Fighters 2001 (Remix Ultra 2.3, Hack)	2004	hack
kof2k2br	Fighting	2	horizontal	kof2002	The King of Fighters 2002 (Portuguese edition v2.0, Hack)	2005	hack (NeoGeo BR Team)
kof2k2fd	Fighting	2	horizontal	kof2002	The King of Fighters 2002 (Fully Decrypted)	2002	Eolith / Playmore
kof2k2jq	Fighting	2	horizontal	kof2002	The King of Fighters 2002 (Infinite Energy, Hack)	2022	hack
kof2k2ly	Fighting	2	horizontal	kof2002	The King of Fighters 2002 (Remix, Hack)	2015	hack
kof2k2omg	Fighting	2	horizontal	kof2002	The King of Fighters 2002 (Omega v.0?)	2002	hack
kof2k2omg8	Fighting	2	horizontal	kof2002	The King of Fighters 2002 (Omega v0.8)	2010	hack
kof2k2omg9	Fighting	2	horizontal	kof2002	The King of Fighters 2002 (Omega v0.9)	2012	hack
kof2k2omg9b	Fighting	2	horizontal	kof2002	The King of Fighters 2002 (Omega v0.9 beta)	2011	hack
kof2k2ru	Fighting	2	horizontal	kof2002	The King of Fighters 2002 (Remix Ultra 3.5, Hack)	2006	hack
kof2k2ts	Fighting	2	horizontal	kof2002	The King of Fighters 2002 (Battle with Orochi, Hack)	2021	hack
kof2k3br	Fighting	2	horizontal	kof2003	The King of Fighters 2003 (Portuguese edition v1.0, Hack)	2005	hack (NeoGeo BR Team)
kof2k3fd	Fighting	2	horizontal	kof2003	The King of Fighters 2003 (Fully Decrypted)	2003	SNK Playmore
kof2k4se	Fighting	2	horizontal	kof2002	The King of Fighters Special Edition 2004 (bootleg of The King of Fighters 2002)	2004	bootleg
kof2kfd	Fighting	2	horizontal	kof2000	The King of Fighters 2000 (Fully Decrypted)	2000	SNK
kof2kotc	Fighting	2	horizontal	kof2000	The King of Fighters 2000 (OTC, Hack)	2022-2023	hack
kof2kpls	Fighting	2	horizontal	kof2000	The King of Fighters 2000 (Plus Blue, Hack)	2018	hack
kof2kps2	Fighting	2	horizontal	kof2000	The King of Fighters 2000 (Playstation 2, Hack)	2013	hack
kof2ksp	Fighting	2	horizontal	kof2000	The King of Fighters 2000 (Special, Hack)	2023	hack
kof2kxxx	Fighting	2	horizontal	kof2000	The King of Fighters 2000 SP XXX (Hack, Ver. 2016-01-04)	2016	hack
kof94	Fighting	2	horizontal		The King of Fighters '94 (NGM-055 ~ NGH-055)	1994	SNK
kof94br	Fighting	2	horizontal	kof94	The King of Fighters '94 (Portuguese edition, Hack)	2006	SNK
kof94bs	Fighting	2	horizontal	kof94	The King of Fighters '94 (Boss, Hack)	2015	hack
kof94nr2	Fighting	2	horizontal	kof94	The King of Fighters '94 (New Remix 2018 Rev.2, Hack)	2018	hack
kof94rz	Fighting	2	horizontal	kof94	The King of Fighters '94 (Hack Boss Remixed)	1994	ZKW
kof94te	Fighting	2	horizontal	kof94	The King of Fighters '94 (Team Edit Edition: KOF95 style portraits v1.4.2, Hack)	2024	hack (Matt Greer)
kof94tea	Fighting	2	horizontal	kof94	The King of Fighters '94 (Team Edit Edition: KOF94 style portraits v1.4.2, Hack)	2024	hack (Matt Greer)
kof95	Fighting	2	horizontal		The King of Fighters '95 (NGM-084)	1995	SNK
kof95a	Fighting	2	horizontal	kof95	The King of Fighters '95 (NGM-084, alt board)	1995	SNK
kof95b	Fighting	2	horizontal	kof95	The King of Fighters '95 (Enable Hidden Characters V.[?])	1995	Ydmis & Creamymami[EGCG]
kof95bs	Fighting	2	horizontal	kof95	The King of Fighters '95 (Boss, Hack)	2022	hack
kof95h	Fighting	2	horizontal	kof95	The King of Fighters '95 (NGH-084)	1995	SNK
kof95jq	Fighting	2	horizontal	kof95	The King of Fighters '95 (Infinite Energy, Hack)	2023	hack
kof95sp	Fighting	2	horizontal	kof95	The King of Fighters '95 (Special 2017, Hack)	2020	hack
kof95sr3	Fighting	2	horizontal	kof95	The King of Fighters '95 (Super Remix V3, Hack)	2018	hack
kof95t	Fighting	2	horizontal	kof95	The King of Fighters '95 (Optimized, Hack)	2024	hack
kof96	Fighting	2	horizontal		The King of Fighters '96 (NGM-214)	1996	SNK
kof96a	Fighting	2	horizontal	kof96	The King of Fighters '96 (bug fix revision)	1996	SNK
kof96ae	Fighting	2	horizontal	kof96	The King of Fighters '96 (Anniversary, Hack)	2007-2020	hack
kof96cn	Fighting	2	horizontal	kof96	The King of Fighters '96 (Chinese Edition, ver 1.0, Hack)	200?	hack
kof96ep	Fighting	2	horizontal	kof96	The King of Fighters '96 (bootleg / hack)	1996	bootleg
kof96h	Fighting	2	horizontal	kof96	The King of Fighters '96 (NGH-214)	1996	SNK
kof96pls	Fighting	2	horizontal	kof96	The King of Fighters '96 (Plus, Hack)	2003	hack
kof96r	Fighting	2	horizontal	kof96	The King of Fighters '96 (Revised, Hack)	2008	hack
kof96rp	Fighting	2	horizontal	kof96	The King of Fighters '96 (Remix Plus 08 SP, Hack)	2008	hack
kof96rss	Fighting	2	horizontal	kof96	The King of Fighters '96 (Remix Spring Special, Version 1.5, Hack)	2005	hack
kof97	Fighting	2	horizontal		The King of Fighters '97 (NGM-2320)	1997	SNK
kof97ae	Fighting	2	horizontal	kof97	The King of Fighters '97 (Anniversary, Hack)	2018-2020	EGHT
kof97ae230625	Fighting	2	horizontal	kof97	The King of Fighters '97 (Anniversary 2.3.0625, Hack)	2020	EGHT
kof97bs	Fighting	2	horizontal	kof97	The King of Fighters '97 (Boss, Hack)	2023	hack
kof97bt	Fighting	2	horizontal	kof97	The King of Fighters '97 (Balanced & Optimized, Hack)	2023	hack
kof97cb	Fighting	2	horizontal	kof97	The King of Fighters '97 (Combo, Hack)	2018	hack
kof97cbt	Fighting	2	horizontal	kof97	The King of Fighters '97 (Combo Training, Hack, Ver. 2018)	2019	hack
kof97ce	Fighting	2	horizontal	kof97	The King of Fighters '97 (Champion  Edition, Hack)	2024	hack
kof97cn	Fighting	2	horizontal	kof97	The King of Fighters '97 (10th Anniversary Chinese Edition, Hack)	2007	hack
kof97eb	Fighting	2	horizontal	kof97	The King of Fighters '97 (Evolution & Balance, Hack)	2023	hack
kof97evf	Fighting	2	horizontal	kof97	The King of Fighters '97 (Evolution FC2, Hack)	2011	hack
kof97evn	Fighting	2	horizontal	kof97	The King of Fighters '97 (Evolution New, Hack)	200?	hack
kof97h	Fighting	2	horizontal	kof97	The King of Fighters '97 (NGH-2320)	1997	SNK
kof97inv	Fighting	2	horizontal	kof97	The King of Fighters '97 (Invincible Plus!, B2.1.2107, Hack)	2021	hack
kof97k	Fighting	2	horizontal	kof97	The King of Fighters '97 (Korean release)	1997	SNK
kof97m	Fighting	2	horizontal	kof97	The King of Fighters '97 (Dream Back, Hack)	2013	hack
kof97oro	Fighting	2	horizontal	kof97	The King of Fighters '97 Chongchu Jianghu Plus 2003 (bootleg, set 1)	1997	bootleg
kof97pla	Fighting	2	horizontal	kof97	The King of Fighters '97 Chongchu Jianghu Plus 2003 (bootleg, set 2)	2003	bootleg
kof97plc	Fighting	2	horizontal	kof97	The King of Fighters '97 Plus (Enhanced, Hack)	2023	hack
kof97plh	Fighting	2	horizontal	kof97	The King of Fighters '97 Plus (Hack)	2014	hack
kof97pls	Fighting	2	horizontal	kof97	The King of Fighters '97 Plus (bootleg)	1997	bootleg
kof97pm	Fighting	2	horizontal	kof97	The King of Fighters '97 (Practice Mode, Hack)	1997	hack
kof97ps	Fighting	2	horizontal	kof97	The King of Fighters '97 (Imitation Playstation final improved version 2016-10-29)	1997	Eddids
kof97rc	Fighting	2	horizontal	kof97	The King of Fighters '97 (Random Combo, Hack, Ver. 2010)	2019	hack
kof97rm	Fighting	2	horizontal	kof97	The King of Fighters '97 (Randomized, Hack)	2022	hack
kof97sp	Fighting	2	horizontal	kof97	The King of Fighters '97 (Special, Hack)	2015	hack
kof97st	Fighting	2	horizontal	kof97	The King of Fighters '97 (Strengthen Innovation, Hack)	2023	hack
kof97t	Fighting	2	horizontal	kof97	The King of Fighters '97 (Optimized, Hack)	2014-2020	hack
kof97ts	Fighting	2	horizontal	kof97	The King of Fighters '97 (Battle with Orochi, v1.2, Hack)	2019	hack
kof97ubp	Fighting	2	horizontal	kof97	The King of Fighters '97 (Ultimate Battle Plus, Hack)	2020	hack
kof97xt	Fighting	2	horizontal	kof97	The King of Fighters '97 (Final Battle, Hack)	2007	hack
kof98	Fighting	2	horizontal		The King of Fighters '98 - The Slugfest / King of Fighters '98 - Dream Match Never Ends (NGM-2420)	1998	SNK
kof98a	Fighting	2	horizontal	kof98	The King of Fighters '98 - The Slugfest / King of Fighters '98 - Dream Match Never Ends (NGM-2420, alt board)	1998	SNK
kof98ae	Fighting	2	horizontal	kof98	The King of Fighters '98 - The Slugfest / King of Fighters '98 - Dream Match Never Ends (Anniversary, Hack)	2007-2016	hack
kof98bc2k2	Fighting	2	horizontal	kof98	The King of Fighters '98 - The Slugfest / King of Fighters '98 - Dream Match Never Ends (BC Style 2002, Hack) (Unknown Author)	20??	hack
kof98bc2nd	Fighting	2	horizontal	kof98	The King of Fighters '98 - The Slugfest / King of Fighters '98 - Dream Match Never Ends (BC 2nd Impact Edition, Hack, Ver.2020-07-29)	2020	hack
kof98bsc	Fighting	2	horizontal	kof98	King of Fighters '98 - Dream Match Never Ends (Boss Chinese Edition, Hack)	2023	hack
kof98cb	Fighting	2	horizontal	kof98	The King of Fighters '98 - The Slugfest / King of Fighters '98 - Dream Match Never Ends (Combo, Hack)	2018-2020	hack
kof98cp	Fighting	2	horizontal	kof98	The King of Fighters '98 - The Slugfest / King of Fighters '98 - Dream Match Never Ends (Combo Plus, Hack)	2020	hack
kof98eck	Fighting	2	horizontal	kof98	The King of Fighters '98 - The Slugfest / King of Fighters '98 - Dream Match Never Ends (Easy Combo Edition, Hack)	2024	hack
kof98evo	Fighting	2	horizontal	kof98	The King of Fighters '98 - The Slugfest / King of Fighters '98 - Dream Match Never Ends (Evolution, Hack)	200?	hack
kof98h	Fighting	2	horizontal	kof98	The King of Fighters '98 - The Slugfest / King of Fighters '98 - Dream Match Never Ends (NGH-2420)	1998	SNK
kof98k	Fighting	2	horizontal	kof98	The King of Fighters '98 - The Slugfest / King of Fighters '98 - Dream Match Never Ends (Korean board, set 1)	1998	SNK
kof98ka	Fighting	2	horizontal	kof98	The King of Fighters '98 - The Slugfest / King of Fighters '98 - Dream Match Never Ends (Korean board, set 2)	1998	SNK
kof98mix	Fighting	2	horizontal	kof98	The King of Fighters '98 - The Slugfest / King of Fighters '98 - Dream Match Never Ends (Unlimited, Hack)	2011-2015	hack
kof98pfe	Fighting	2	horizontal	kof98	The King of Fighters '98 - The Slugfest / King of Fighters '98 - Dream Match Never Ends (Plus Final Edition, Hack)	2019	hack
kof98plc	Fighting	2	horizontal	kof98	King of Fighters '98 - Dream Match Never Ends (Plus Chinese Edition, Hack)	2023	hack
kof98rat	Fighting	2	horizontal	kof98	The King of Fighters '98 - The Slugfest / King of Fighters '98 - Dream Match Never Ends (Ratio, Hack)	2021	hack (bankbank)
kof98ult	Fighting	2	horizontal	kof98	The King of Fighters '98 - The Slugfest / King of Fighters '98 - Dream Match Never Ends (Ultimate Match, Hack)	2020	hack
kof98umh	Fighting	2	horizontal		The King of Fighters '98: Ultimate Match HERO (China, V100)	2009	IGS / SNK Playmore / New Channel
kof98umhd	Fighting	2	horizontal	kof98umh	The King of Fighters '98: Ultimate Match HERO (V100, Decrypted)	2009	IGS / SNK Playmore / New Channel
kof99	Fighting	2	horizontal		The King of Fighters '99 - Millennium Battle (NGM-2510)	1999	SNK
kof99ae	Fighting	2	horizontal	kof99	The King of Fighters '99 - Millennium Battle (Anniversary, Hack)	2020	hack
kof99cb	Fighting	2	horizontal	kof99	The King of Fighters '99 - Millennium Battle (Combo, Hack)	2008	hack
kof99e	Fighting	2	horizontal	kof99	The King of Fighters '99 - Millennium Battle (earlier)	1999	SNK
kof99eur	Fighting	2	horizontal	kof99	The King of Fighters '99 - Millennium Battle (Evolution Ultra Remix, Hack)	201?-2015	hack
kof99fd	Fighting	2	horizontal	kof99	The King of Fighters '99 - Millennium Battle (Fully Decrypted)	1999	SNK
kof99h	Fighting	2	horizontal	kof99	The King of Fighters '99 - Millennium Battle (NGH-2510)	1999	SNK
kof99jh	Fighting	2	horizontal	kof99	The King of Fighters '99 - Millennium Battle (Evolution, Hack)	2023	hack
kof99jq	Fighting	2	horizontal	kof99	The King of Fighters '99 - Millennium Battle (Infinite Energy, Hack)	2024	hack
kof99k	Fighting	2	horizontal	kof99	The King of Fighters '99 - Millennium Battle (Korean release)	1999	SNK
kof99ka	Fighting	2	horizontal	kof99	The King of Fighters '99 - Millennium Battle (Korean release, non-encrypted program)	1999	SNK
kof99p	Fighting	2	horizontal	kof99	The King of Fighters '99 - Millennium Battle (prototype)	1999	SNK
kof99pls	Fighting	2	horizontal	kof99	The King of Fighters '99 - Millennium Battle (Plus, Hack)	2024	hack
kof99rp	Fighting	2	horizontal	kof99	The King of Fighters '99 - Millennium Battle (Remix Pro v2.01 Final, Hack)	2022	hack
kof99sk	Fighting	2	horizontal	kof99	The King of Fighters '99 - Millennium Battle (LC+SK, Hack)	2025	LIY
kof99sr	Fighting	2	horizontal	kof99	The King of Fighters '99 - Millennium Battle (Summer Revolution, Hack)	2007	hack
kof99t	Fighting	2	horizontal	kof99	The King of Fighters '99 - Millennium Battle (Optimized, Hack)	2014-2024	hack
kog	Fighting	2	horizontal	kof97	King of Gladiator (bootleg of The King of Fighters '97)	1997	bootleg
kogplus	Fighting	2	horizontal	kof97	King of Gladiator Plus (The King of Fighters '97 bootleg)	1997	bootleg
koikois2	Mahjong	2	horizontal		Koi Koi Shimasho 2 - Super Real Hanafuda (Japan)	1997	Visco
kokoroj	Misc	4	horizontal		Soreike Kokology (Rev A)	1992	Sega
kokoroj2	Sports	4	horizontal		Soreike Kokology Vol. 2 - Kokoro no Tanteikyoku	1993	Sega
kokoroja	Misc	4	horizontal	kokoroj	Soreike Kokology	1992	Sega
konami88	Sports	4	horizontal	88games	Konami '88	1988	Konami
konamigt	Racing	2	horizontal		Konami GT	1985	Konami
konek	Platform	2	horizontal		Konek-Gorbunok	198?	Terminal
kong	Platform	2	vertical		Kong (Donkey Kong conversion on Galaxian hardware)	198?	Taito do Brasil
kong2600	Platform / Action	2	vertical	dkong	Donkey Kong (2600 graphics, hack)	1999	Vic Twenty George
kontest	Misc	2	horizontal		Konami Test Board (GX800, Japan)	1987?	Konami
korokoro	Misc	2	horizontal		Koro Koro Quest (Japan)	1999	Takumi
koroleva	Maze	2	horizontal		Snezhnaja Koroleva	198?	Terminal
korosuke	Maze / Action	2	vertical	crush	Korosuke Roller (Japan)	1981	Alpha Denshi Co. / Kural Electric, Ltd.
koshien	Sports	2	horizontal		Ah Eikou no Koshien (Japan)	1990	Taito Corporation
kot	Fighting	1	horizontal		Kot-Rybolov (Terminal)	198?	Terminal
kotm	Beat 'em up	2	horizontal		King of the Monsters (set 1)	1991	SNK
kotm2	Beat 'em up	2	horizontal		King of the Monsters 2 - The Next Thing (NGM-039 ~ NGH-039)	1992	SNK
kotm2a	Beat 'em up	2	horizontal	kotm2	King of the Monsters 2 - The Next Thing (older)	1992	SNK
kotm2p	Beat 'em up	2	horizontal	kotm2	King of the Monsters 2 - The Next Thing (prototype)	1992	SNK
kotmh	Beat 'em up	2	horizontal	kotm	King of the Monsters (set 2)	1991	SNK
kouyakyu	Sports	2	horizontal		Koukou Yakyuu, The (Japan)	1985	Alpha Denshi Co.
kov	Beat 'em up	4	horizontal		Knights of Valour / San Guo Zhan Ji / Sangoku Senki (ver. 117, Hong Kong)	1999	IGS
kov111	Beat 'em up	4	horizontal	kov	Knights of Valour / San Guo Zhan Ji / Sangoku Senki (ver. 111, Japanese Board)	1999	IGS
kov114	Beat 'em up	4	horizontal	kov	Knights of Valour / Sanguo Zhan Ji / Sangoku Senki (ver. 114, Hong Kong)	1999	IGS
kov115	Beat 'em up	4	horizontal	kov	Knights of Valour / San Guo Zhan Ji / Sangoku Senki (ver. 115)	1999	IGS
kov2	Beat 'em up	4	horizontal		Knights of Valour 2 / Sanguo Zhan Ji 2 / Sangoku Senki 2 (ver. 107, 102, 100HK)	2000	IGS
kov2100	Beat 'em up	4	horizontal	kov2	Knights of Valour 2 / Sanguo Zhan Ji 2 / Sangoku Senki 2 (ver. 100, 100, 100HK)	2000	IGS
kov2101	Beat 'em up	4	horizontal	kov2	Knights of Valour 2 / Sanguo Zhan Ji 2 / Sangoku Senki 2 (ver. 101, 101, 100HK)	2000	IGS
kov2102	Beat 'em up	4	horizontal	kov2	Knights of Valour 2 / Sanguo Zhan Ji 2 / Sangoku Senki 2 (ver. 102, 101, 100HK)	2000	IGS
kov21022	Beat 'em up	4	horizontal	kov2	Knights of Valour 2 / Sanguo Zhan Ji 2 / Sangoku Senki 2 (ver. 102, 102, 100HK)	2000	IGS
kov2103	Beat 'em up	4	horizontal	kov2	Knights of Valour 2 / Sanguo Zhan Ji 2 / Sangoku Senki 2 (ver. 103, 101, 100HK)	2000	IGS
kov2104	Beat 'em up	4	horizontal	kov2	Knights of Valour 2 / Sanguo Zhan Ji 2 / Sangoku Senki 2 (ver. 104, 102, 100HK)	2000	IGS
kov2106	Beat 'em up	4	horizontal	kov2	Knights of Valour 2 / Sanguo Zhan Ji 2 / Sangoku Senki 2 (ver. 106, 102, 100HK)	2000	IGS
kov2dzxx	Beat 'em up	4	horizontal	kov2	Knights of Valour 2 - Dou Zhuan Xing Xuan (Hack, ver.110)	2021	hack
kov2nl	Beat 'em up	4	horizontal		Knights of Valour 2 New Legend (V302, Overseas)	2008	IGS
kov2nl_300	Beat 'em up	4	horizontal	kov2nl	Knights of Valour 2 New Legend (V300, Overseas)	2008	IGS
kov2nl_300cn	Beat 'em up	4	horizontal	kov2nl	Sanguo Zhan Ji 2 Gaishi Yingxiong (V300, China)	2008	IGS (Huatong license)
kov2nl_300hk	Beat 'em up	4	horizontal	kov2nl	Knights of Valour 2 New Legend (V300, Hong Kong)	2008	IGS
kov2nl_300jp	Beat 'em up	4	horizontal	kov2nl	Knights of Valour 2 New Legend (V300, Japan)	2008	IGS
kov2nl_300tw	Beat 'em up	4	horizontal	kov2nl	Knights of Valour 2 New Legend (V300, Taiwan)	2008	IGS
kov2nl_301	Beat 'em up	4	horizontal	kov2nl	Knights of Valour 2 New Legend (V301, Overseas)	2008	IGS
kov2nl_301cn	Beat 'em up	4	horizontal	kov2nl	Sanguo Zhan Ji 2 Gaishi Yingxiong (V301, China)	2008	IGS (Huatong license)
kov2nl_301hk	Beat 'em up	4	horizontal	kov2nl	Knights of Valour 2 New Legend (V301, Hong Kong)	2008	IGS
kov2nl_301jp	Beat 'em up	4	horizontal	kov2nl	Knights of Valour 2 New Legend (V301, Japan)	2008	IGS
kov2nl_301tw	Beat 'em up	4	horizontal	kov2nl	Knights of Valour 2 New Legend (V301, Taiwan)	2008	IGS
kov2nl_302cn	Beat 'em up	4	horizontal	kov2nl	Sanguo Zhan Ji 2 Gaishi Yingxiong (V302, China)	2008	IGS (Huatong license)
kov2nl_302hk	Beat 'em up	4	horizontal	kov2nl	Knights of Valour 2 New Legend (V302, Hong Kong)	2008	IGS
kov2nl_302jp	Beat 'em up	4	horizontal	kov2nl	Knights of Valour 2 New Legend (V302, Japan)	2008	IGS
kov2nl_302tw	Beat 'em up	4	horizontal	kov2nl	Knights of Valour 2 New Legend (V302, Taiwan)	2008	IGS
kov2nld	Beat 'em up	4	horizontal	kov2nl	Knights of Valour 2 New Legend / Sanguo Zhan Ji 2 Hengsao Qianjun (V302, Decrypted)	2008	IGS
kov2nld_300	Beat 'em up	4	horizontal	kov2nl	Knights of Valour 2 New Legend / Sanguo Zhan Ji 2 Hengsao Qianjun (V300, Decrypted)	2008	IGS
kov2nld_301	Beat 'em up	4	horizontal	kov2nl	Knights of Valour 2 New Legend / Sanguo Zhan Ji 2 Hengsao Qianjun (V301, Decrypted)	2008	IGS
kov2p	Beat 'em up	4	horizontal		Knights of Valour 2 Plus - Nine Dragons / Sanguo Zhan Ji 2 Qunxiong Zhengba / Sanguo Zhan Ji 2 Feilong Zai Tian / Sangoku Senki Busyou Souha (ver. M205XX, 200, 100CN)	2001	IGS
kov2p200	Beat 'em up	4	horizontal	kov2p	Knights of Valour 2 Plus - Nine Dragons / Sanguo Zhan Ji 2 Qunxiong Zhengba / Sanguo Zhan Ji 2 Feilong Zai Tian / Sangoku Senki Busyou Souha (ver. M200XX, 200, 100CN)	2001	IGS
kov2p202	Beat 'em up	4	horizontal	kov2p	Knights of Valour 2 Plus - Nine Dragons / Sanguo Zhan Ji 2 Qunxiong Zhengba / Sanguo Zhan Ji 2 Feilong Zai Tian / Sangoku Senki Busyou Souha (ver. M202XX, 200, 100CN)	2001	IGS
kov2p203	Beat 'em up	4	horizontal	kov2p	Knights of Valour 2 Plus - Nine Dragons / Sanguo Zhan Ji 2 Qunxiong Zhengba / Sanguo Zhan Ji 2 Feilong Zai Tian / Sangoku Senki Busyou Souha (ver. M203XX, 200, 100CN)	2001	IGS
kov2p204	Beat 'em up	4	horizontal	kov2p	Knights of Valour 2 Plus - Nine Dragons / Sanguo Zhan Ji 2 Qunxiong Zhengba / Sanguo Zhan Ji 2 Feilong Zai Tian / Sangoku Senki Busyou Souha (ver. M204XX, 200, 100CN)	2001	IGS
kov2pemp	Beat 'em up	4	horizontal	kov2p	Knights of Valour 2 Plus - Extend Magic Plus (Hack)	2020	Hack
kov2pfwll	Beat 'em up	4	horizontal	kov2p	San Guo Zhan Ji 2 - Feng Wu Long Yin (ver. 205S, Hack of San Guo Zhan Ji 2 - Qun Xiong Zheng Ba)	2021	Hack
kov2pfwlys	Beat 'em up	4	horizontal	kov2p	San Guo Zhan Ji 2 - Feng Wu Long Yin (ver. S0709, Hack of San Guo Zhan Ji 2 - Qun Xiong Zheng Ba)	2021	Hack
kov2pshjz	Beat 'em up	4	horizontal	kov2p	Knights of Valour 2 Plus - Shuang Han Jiu Zhou (Hack)	202?	hack
kov2pshpd	Beat 'em up	4	horizontal	kov2p	Knights of Valour 2 Plus - Xie Feng Tian Chi (Hack)	2019-12-16	Hack
kov3	Beat 'em up	4	horizontal		Knights of Valour 3 (V104, China)	2011	IGS (Huatong license)
kov3_100	Beat 'em up	4	horizontal	kov3	Knights of Valour 3 (V100, China)	2011	IGS (Huatong license)
kov3_101	Beat 'em up	4	horizontal	kov3	Knights of Valour 3 (V101, China)	2011	IGS (Huatong license)
kov3_102	Beat 'em up	4	horizontal	kov3	Knights of Valour 3 (V102, China)	2011	IGS (Huatong license)
kov3d	Beat 'em up	4	horizontal	kov3	Knights of Valour 3 / Sanguo Zhan Ji 3 (V104, China, Hong kong, Taiwan, Decrypted)	2011	IGS (Huatong license)
kov3d_100	Beat 'em up	4	horizontal	kov3	Knights of Valour 3 / Sanguo Zhan Ji 3 (V100, China, Hong kong, Taiwan, Decrypted)	2011	IGS (Huatong license)
kov3d_101	Beat 'em up	4	horizontal	kov3	Knights of Valour 3 / Sanguo Zhan Ji 3 (V101, China, Hong kong, Taiwan, Decrypted)	2011	IGS (Huatong license)
kov3d_102	Beat 'em up	4	horizontal	kov3	Knights of Valour 3 / Sanguo Zhan Ji 3 (V102, China, Hong kong, Taiwan, Decrypted)	2011	IGS
kovassg	Beat 'em up	4	horizontal	kovshp	Ao Shi San Guo (bootleg of Knights of Valour Super Heroes Plus, V202CN)	2008	bootleg
kovassge	Beat 'em up	4	horizontal	kovshp	Ao Shi San Guo (bootleg of Knights of Valour Super Heroes Plus, V202CN, encrypted)	2008	bootleg
kovassgn	Beat 'em up	4	horizontal	kovshp	Ao Shi San Guo (bootleg of Knights of Valour Super Heroes Plus, V202CN, encrypted, newer)	2008	bootleg
kovbl	Beat 'em up	4	horizontal	kov	Knights of Valour / San Guo Zhan Ji / Sangoku Senki (Bootleg, V112CN?)	199?	bootleg
kovfyzq4in1	Beat 'em up	4	horizontal	kovsh	Feng Yun 4 in 1 (multi-game cart, bootleg of Knights of Valour Super Heroes, V100CN, V200CN)	2009	bootleg
kovlsqho	Beat 'em up	4	horizontal	kovshp	Luan Shi Quan Huang Te Bie Ban (bootleg of Knights of Valour Super Heroes Plus, V112CN)	2009	bootleg (WDF)
kovlsqhp	Beat 'em up	4	horizontal	kovshp	Luan Shi Quan Huang Jia Qiang Ban (bootleg of Knights of Valour Super Heroes Plus, V113CN)	2009	bootleg (WDF)
kovlsyx	Beat 'em up	4	horizontal	kovshp	Sanguo Zhan Ji - Luan Shi Ying Xiong	2014	hack
kovlsyxqszl	Beat 'em up	4	horizontal	kovshp	Luan Shi Ying Xiong - Qiu Sheng Zhi Lu (hack of Knights of Valour Super Heroes Plus, ver. 500)	2018	Hack
kovlsyxqxzl	Beat 'em up	4	horizontal	kovshp	Luan Shi Ying Xiong - Qun Xiong Zhu Lu (hack of Knights of Valour Super Heroes Plus, ver. 500)	2018	Hack
kovlsyxqxzlp	Beat 'em up	4	horizontal	kovshp	Luan Shi Ying Xiong - Qun Xiong Zhu Lu Plus (hack of Knights of Valour Super Heroes Plus, ver. 500)	2018	Hack
kovp12dw	Beat 'em up	4	horizontal	kovplus	Knights of Valour Plus 2012 - Warriors	2023	hack
kovp12em	Beat 'em up	4	horizontal	kovplus	Knights of Valour Plus 2012 - Nightmare	2022	hack
kovphsqj	Beat 'em up	4	horizontal	kovplus	Sanguo Zhan Ji - Heng Sao Qian Jun (Hack)	2023	hack
kovplus	Beat 'em up	4	horizontal		Knights of Valour Plus / San Guo Zhan Ji - Zheng Zong Plus / Sangoku Senki Masamune Plus (ver. 119, set 1)	1999	IGS
kovplus20tx	Beat 'em up	4	horizontal	kovplus	Knights of Valour Plus - Qun Xiong Luan Wu 2020	2023	hack
kovplusa	Beat 'em up	4	horizontal	kovplus	Knights of Valour Plus / San Guo Zhan Ji - Zheng Zong Plus / Sangoku Senki Masamune Plus (ver. 119, set 2)	1999	IGS
kovplusbl	Beat 'em up	4	horizontal	kovplus	Knights of Valour Plus / San Guo Zhan Ji - Zeng Zong Plus/ Sangoku Senki Masamune Plus (bootleg, V117CN?)	199?	bootleg
kovplusq	Beat 'em up	4	horizontal	kovplus	Knights of Valour Plus - New Biography of Heroes (V120)	2021	Hack
kovptstd	Beat 'em up	4	horizontal	kovplus	Sanguo Zhan Ji - Zhen Tun Shi Tian Di (Hack)	2023	hack
kovpxba	Beat 'em up	4	horizontal	kovplus	Sanguo Zhan Ji - Xiao Bing Zheng Ba (Ver.A, Hack)	2018	hack
kovpxbb	Beat 'em up	4	horizontal	kovplus	Sanguo Zhan Ji - Xiao Bing Zheng Ba (Ver.B, Hack)	2018	hack
kovqhsgs	Beat 'em up	4	horizontal	kovsh	Quan Huang San Guo Te Bie Ban (bootleg of Knights of Valour Super Heroes, V303CN, set 1)	2008	bootleg (WDF)
kovqhsgsa	Beat 'em up	4	horizontal	kovsh	Quan Huang San Guo Te Bie Ban (bootleg of Knights of Valour Super Heroes, V303CN, set 2)	2008	bootleg (WDF)
kovqhsgsd	Beat 'em up	4	horizontal	kovsh	Quan Huang San Guo Te Bie Ban (bootleg of Knights of Valour Super Heroes, V303CN, unencrypted)	2008	bootleg (WDF)
kovqxzbws	Beat 'em up	4	horizontal	kovshp	Qunxiong Zhengba - Fengyun Zai Qi (Wushuang, Hack, ver. 20230501)	2023	IGS
kovsgqyz	Beat 'em up	4	horizontal	kovplus	San Guo Qun Ying Zhuan - Zheng Zong Plus (bootleg of Knights of Valour Plus, set 1)	1999	bootleg
kovsgqyza	Beat 'em up	4	horizontal	kovplus	San Guo Qun Ying Zhuan - Zheng Zong Plus (bootleg of Knights of Valour Plus, set 2)	1999	bootleg
kovsgqyzb	Beat 'em up	4	horizontal	kovplus	San Guo Qun Ying Zhuan - Zheng Zong Plus (bootleg of Knights of Valour Plus, set 3)	1999	bootleg
kovsgqyzc	Beat 'em up	4	horizontal	kovplus	San Guo Qun Ying Zhuan - Zheng Zong Plus (bootleg of Knights of Valour Plus, set 4)	1999	ANX
kovsgqyzd	Beat 'em up	4	horizontal	kovplus	San Guo Qun Ying Zhuan - Zheng Zong Plus (bootleg of Knights of Valour Plus, set 5)	1999	ANX
kovsh	Beat 'em up	4	horizontal		Knights of Valour Super Heroes / San Guo Zhan Ji - Feng Yun Zai Qi / Sangoku Senki Super Heroes (ver. 104, CN)	1999	IGS
kovsh100	Beat 'em up	4	horizontal	kovsh	Knights of Valour Super Heroes / San Guo Zhan Ji - Feng Yun Zai Qi / Sangoku Senki Super Heroes (ver. 100, CN)	1999	IGS
kovsh101	Beat 'em up	4	horizontal	kovsh	Knights of Valour Super Heroes / San Guo Zhan Ji - Feng Yun Zai Qi / Sangoku Senki Super Heroes (ver. 101, CN)	1999	IGS
kovsh102	Beat 'em up	4	horizontal	kovsh	Knights of Valour Super Heroes / San Guo Zhan Ji - Feng Yun Zai Qi / Sangoku Senki Super Heroes (ver. 102, CN)	1999	IGS
kovsh103	Beat 'em up	4	horizontal	kovsh	Knights of Valour Super Heroes / San Guo Zhan Ji - Feng Yun Zai Qi / Sangoku Senki Super Heroes (ver. 103, CN)	1999	IGS
kovshbl	Beat 'em up	4	horizontal	kovsh	Knights of Valour Superheroes / Sangoku Senki Superheroes (bootleg, V104CN)	1999	bootleg
kovshdf	Beat 'em up	4	horizontal	kovsh	Knights of Valour Superheroes / Sangoku Senki Superheroes - Dungeons & Warriors (Hack)	2009	hack
kovshmg	Beat 'em up	4	horizontal	kovsh	Knights of Valour Superheroes / Sangoku Senki Superheroes - Muggle Legend (Hack)	2020	hack
kovshp	Beat 'em up	4	horizontal		Knights of Valour Super Heroes Plus / San Guo Zhan Ji - Luan Shi Xiao Xiong (ver. 101)	2004	IGS
kovshp100	Beat 'em up	4	horizontal	kovshp	Knights of Valour Super Heroes Plus / San Guo Zhan Ji - Luan Shi Xiao Xiong (ver. 100)	2004	IGS
kovshp101	Beat 'em up	4	horizontal	kovshp	Knights of Valour Super Heroes Plus / San Guo Zhan Ji - Luan Shi Xiao Xiong (ver. 101, Chinese Board)	2004	IGS
kovshp101a	Beat 'em up	4	horizontal	kovshp	Knights of Valour Super Heroes Plus / San Guo Zhan Ji - Luan Shi Xiao Xiong (V101 alr, China)	2004	IGS
kovshpd3dw	Beat 'em up	4	horizontal	kovshp	Luan Shi Ying Xiong - Qun Xiong Zhu Lu Wu Shuang Edition (Hack, ver. 500)	2020-12-18	Hack
kovshpqszl	Beat 'em up	4	horizontal	kovshp	Knights of Valour Super Heroes Plus (The Road to Survival True King, ver. 500)	2018	Hack
kovshpqszltw	Beat 'em up	4	horizontal	kovshp	Knights of Valour Super Heroes Plus (The Road to Survival True King Tian Wang, ver. 500)	2020-01-03	Hack
kovshpzqhl	Beat 'em up	4	horizontal	kovshp	Knights of Valour Super Heroes Plus (The Best Firepower In 2020, 2020-02-06)	2020	Hack
kovshszl	Beat 'em up	4	horizontal	kovsh	Knights of Valour Superheroes / Sangoku Senki Superheroes - The Road Beyond the Gods (Hack)	2021	hack
kovshxsh	Beat 'em up	4	horizontal	kovsh	Sangoku Senki Super Heroes - Evil & Darkness Plus (Hack)	2021	hack
kovytzy	Beat 'em up	4	horizontal		Knights of Valour Super Heroes / San Guo Zhan Ji - Yi Tong Zhong Yuan / Sangoku Senki Super Heroes (SANGO EX+) (ver. 201 'Yitong Zhongyuan', China)	1999	IGS
kovytzyce	Beat 'em up	4	horizontal	kovshp	Knights of Valour Super Heroes / Yi Tong Zhong Yuan Qing Ban (2020-A, hack)	2020-07-21	Hack
kovytzyws	Beat 'em up	4	horizontal	kovshp	Knights of Valour Super Heroes / Yi Tong Zhong Yuan Wu Shuang Ban (2019-0, hack)	2018	Hack
kovytzywscw	Beat 'em up	4	horizontal	kovshp	Yi Tong Zhong Yuan - Warriors	2021	hack
kozure	Beat 'em up	2	horizontal		Kozure Ookami (Japan)	1987	Nichibutsu
kram	Action	2	horizontal		Kram (rev 1)	1982	Taito America Corporation
krama	Action	2	horizontal	kram	Kram	1982	Taito America Corporation
kroozr	Action / Shooter	2	horizontal		Kozmik Kroozr	1982	Bally Midway
krull	Run & gun	2	vertical		Krull	1983	Gottlieb
krzybowl	Sports	2	vertical		Krazy Bowl	1994	American Sammy
ksayakyu	Sports	2	horizontal		Kusayakyuu	1985	Taito Corporation
ktiger	Vertical shooter	2	vertical	twincobr	Kyukyoku Tiger (Japan, 2 player cooperative)	1989	Toaplan / Taito Corporation
ktiger2	Vertical shooter	2	vertical	tcobra2	Kyukyoku Tiger II (Ver 2.1J 1995/11/30)	1995	Taito Corporation
ktigera	Vertical shooter	2	vertical	twincobr	Kyukyoku Tiger (Japan, 2 player alternate)	1987	Toaplan / Taito Corporation
kuhga	Vertical shooter	2	vertical	vaportra	Kuhga - Operation Code 'Vapor Trail' (Japan revision 3)	1989	Data East Corporation
kungfub	Beat 'em up	2	horizontal	kungfum	Kung-Fu Master (bootleg set 1)	1984	bootleg
kungfub2	Beat 'em up	2	horizontal	kungfum	Kung-Fu Master (bootleg set 2)	1984	bootleg
kungfub3	Beat 'em up	2	horizontal	kungfum	Kung-Fu Master (bootleg set 3)	1984	bootleg
kungfub3s	Beat 'em up	2	horizontal	kungfum	Kung-Fu Senjyo (bootleg, Spanish)	1984	bootleg
kungfum	Beat 'em up	2	horizontal		Kung-Fu Master (World)	1984	Irem
kungfumd	Beat 'em up	2	horizontal	kungfum	Kung-Fu Master (US)	1984	Irem (Data East USA license)
kungfut	Platform	2	horizontal		Kung-Fu Taikun (set 1)	1984	Seibu Kaihatsu
kungfuta	Platform	2	horizontal	kungfut	Kung-Fu Taikun (set 2)	1984	Seibu Kaihatsu
kuniokun	Beat 'em up	2	horizontal	renegade	Nekketsu Kouha Kunio-kun (Japan)	1986	Technos Japan
kuniokunb	Beat 'em up	2	horizontal	renegade	Nekketsu Kouha Kunio-kun (Japan bootleg)	1986	bootleg
kurikint	Beat 'em up	2	horizontal		Kuri Kinton (World)	1988	Taito Corporation Japan
kurikinta	Beat 'em up	2	horizontal	kurikint	Kuri Kinton (World, prototype)	1988	Taito Corporation Japan
kurikintj	Beat 'em up	2	horizontal	kurikint	Kuri Kinton (Japan)	1988	Taito Corporation
kurikintu	Beat 'em up	2	horizontal	kurikint	Kuri Kinton (US)	1988	Taito America Corporation
kurikintw	Beat 'em up	2	horizontal	kurikint	Kuri Kinton (US, World Games license)	1988	Taito Corporation (World Games, Inc. license)
kyros	Maze / Beat 'em up	2	vertical		Kyros	1987	Alpha Denshi Co. (World Games Inc. license)
kyrosj	Maze / Beat 'em up	2	vertical	kyros	Kyros no Yakata (Japan)	1986	Alpha Denshi Co.
kyukaidk	Sports	2	horizontal		Kyuukai Douchuuki (Japan, new version (Rev B))	1990	Namco
kyukaidko	Sports	2	horizontal	kyukaidk	Kyuukai Douchuuki (Japan, old version)	1990	Namco
kyustrkr	Football	2	horizontal		Last Striker / Kyuukyoku no Striker	1989	East Technology
labyrunr	Run & gun	2	vertical	tricktrp	Labyrinth Runner (Japan)	1987	Konami
labyrunrf	Run & gun	2	vertical	tricktrp	Labyrinth Runner (World Ver. F)	1987	Konami
labyrunrk	Run & gun	2	vertical	tricktrp	Labyrinth Runner (World Ver. K)	1987	Konami
ladybug	Maze	2	vertical		Lady Bug	1981	Universal
ladybugb	Maze	2	vertical	ladybug	Lady Bug (bootleg)	1981	bootleg
ladybugb2	Maze	2	vertical	ladybug	Coccinelle (bootleg of Lady Bug)	1981	bootleg (Model Racing)
ladybugg	Maze	2	vertical	ladybug	Lady Bug (bootleg on Galaxian hardware, unencrypted)	1983	bootleg
ladyfrog	Action	2	vertical		Lady Frog	1990	Mondial Games
ladykill	Puzzle	2	vertical		Lady Killer	1993	Yanyaka (Mitchell license)
ladymstr	Beat 'em up	2	vertical		Lady Master of Kung Fu (rev 1)	1985	Kaneko / Taito
ladymstra	Beat 'em up	2	vertical	ladymstr	Lady Master of Kung Fu	1985	Kaneko / Taito
lagirl	Breakout	2	vertical	plgirls	LA Girl	1992	bootleg
landbrk	Misc	2	horizontal		Land Breaker (World) / Miss Tang Ja Ru Gi (Korea) (pcb ver 3.02)	1999	Eolith
landbrka	Misc	2	horizontal	landbrk	Land Breaker (World) / Miss Tang Ja Ru Gi (Korea) (pcb ver 3.03) (AT89c52 protected)	1999	Eolith
landbrkb	Misc	2	horizontal	landbrk	Land Breaker (World) / Miss Tang Ja Ru Gi (Korea) (pcb ver 1.0) (AT89c52 protected)	1999	Eolith
landmakr	Puzzle	2	horizontal		Land Maker (Ver 2.02O 1998/06/02)	1998	Taito Corporation
landmakrhe	Puzzle	2	horizontal	landmakr	Land Maker (English Translation Hack)	2023	hack (ywy)
landmakrj	Puzzle	2	horizontal	landmakr	Land Maker (Ver 2.01J 1998/06/01)	1998	Taito Corporation
landmakrp	Puzzle	2	horizontal	landmakr	Land Maker (Ver 2.02O 1998/06/02, prototype)	1998	Taito Corporation
lans2004	Run & gun	2	horizontal	shocktr2	Lansquenet 2004 (bootleg of Shock Troopers - 2nd Squad)	1998	bootleg
lasso	Action	2	vertical		Lasso	1982	SNK
lastbd2b	Fighting	2	horizontal	lastbld2	The Last Blade 2 / Bakumatsu Roman - Dai Ni Maku Gekka no Kenshi (Enable Hidden Characters V4)	1998	Dodowang[EGCG]
lastbd2e	Fighting	2	horizontal	lastbld2	The Last Blade 2 / Bakumatsu Roman - Dai Ni Maku Gekka no Kenshi (Enhanced, Hack)	1998	hack
lastbd2i	Fighting	2	horizontal	lastbld2	The Last Blade 2 / Bakumatsu Roman - Dai Ni Maku Gekka no Kenshi (Infinite Energy, Hack)	2023	hack
lastbd2p	Fighting	2	horizontal	lastbld2	The Last Blade 2 / Bakumatsu Roman - Dai Ni Maku Gekka no Kenshi (Plus, Hack)	2014	hack
lastbd2t	Fighting	2	horizontal	lastbld2	The Last Blade 2 / Bakumatsu Roman - Dai Ni Maku Gekka no Kenshi (Team, Hack)	2015	hack
lastblad	Fighting	2	horizontal		The Last Blade / Bakumatsu Roman - Gekka no Kenshi (NGM-2340)	1997	SNK
lastblada	Fighting	2	horizontal	lastblad	The Last Blade / Bakumatsu Roman - Gekka no Kenshi (NGM-2340, alt board)	1997	SNK
lastbladh	Fighting	2	horizontal	lastblad	The Last Blade / Bakumatsu Roman - Gekka no Kenshi (NGH-2340)	1997	SNK
lastbld2	Fighting	2	horizontal		The Last Blade 2 / Bakumatsu Roman - Dai Ni Maku Gekka no Kenshi (NGM-2430 ~ NGH-2430)	1998	SNK
lastbldi	Fighting	2	horizontal	lastblad	The Last Blade / Bakumatsu Roman - Gekka no Kenshi (Infinite Energy, Hack)	2023	hack
lastbldp	Fighting	2	horizontal	lastblad	The Last Blade / Bakumatsu Roman - Gekka no Kenshi (Plus, Hack)	2014	hack
lastblsp	Fighting	2	horizontal	lastblad	The Last Blade / Bakumatsu Roman - Gekka no Kenshi (Special 2017 v2.5 FINAL, Hack)	2025	GSC2007
lastday	Vertical shooter	2	vertical		The Last Day (set 1)	1990	Dooyong
lastdaya	Vertical shooter	2	vertical	lastday	The Last Day (set 2)	1990	Dooyong
lastduel	Vertical shooter	2	vertical		Last Duel (US New Ver.)	1988	Capcom
lastduelb	Vertical shooter	2	vertical	lastduel	Last Duel (bootleg)	1988	bootleg
lastduelj	Vertical shooter	2	vertical	lastduel	Last Duel (Japan)	1988	Capcom
lastduelo	Vertical shooter	2	vertical	lastduel	Last Duel (US Old Ver.)	1988	Capcom
lastfort	Mahjong	2	horizontal		Last Fortress - Toride (Japan, VG420 PCB)	1994	Metro
lastforte	Mahjong	2	horizontal	lastfort	Last Fortress - Toride (China, Rev C)	1994	Metro
lastfortea	Mahjong	2	horizontal	lastfort	Last Fortress - Toride (China, Rev A)	1994	Metro
lastfortg	Mahjong	2	horizontal	lastfort	Last Fortress - Toride (Germany)	1994	Metro
lastfortj	Mahjong	2	horizontal	lastfort	Last Fortress - Toride (Japan, VG460 PCB)	1994	Metro
lastfortk	Mahjong	2	horizontal	lastfort	Last Fortress - Toride (Korea)	1994	Metro
lasthope	Horizontal shooter	2	horizontal		Last Hope (bootleg AES to MVS conversion, no coin support)	2005	NG:DEV.TEAM
lasthopepb	Horizontal shooter	2	horizontal	lasthope	Last Hope - Pink Bullets (bootleg AES to MVS conversion, no coin support) (Hack)	2026	LoW
lastkm	Racing	2	horizontal		Last KM (ver 1.0.0275, checksum 13bff751, prototype)	1995	Gaelco / Zeus
lastkma	Racing	2	horizontal	lastkm	Last KM (ver 1.0.0227, checksum 747a7443, prototype)	1995	Gaelco / Zeus
lastmisn	Shooter	2	vertical		Last Mission (World revision 8)	1986	Data East Corporation
lastmisnj	Shooter	2	vertical	lastmisn	Last Mission (Japan)	1986	Data East Corporation
lastmisnu5	Shooter	2	vertical	lastmisn	Last Mission (US revision 5)	1986	Data East USA
lastmisnu6	Shooter	2	vertical	lastmisn	Last Mission (US revision 6)	1986	Data East USA
lastsold	Fighting	2	horizontal	lastblad	The Last Soldier (Korean release of The Last Blade)	1997	SNK
lastsurv	Maze / Shooter	2	horizontal		Last Survivor (Japan) (FD1094 317-0083)	1989	Sega
lastsurvd	Maze / Shooter	2	horizontal	lastsurv	Last Survivor (Japan) (bootleg of FD1094 317-0083 set)	1989	bootleg
lazybug	Maze / Action	2	vertical		Lazy Bug	1981	David Widel
lbowling	Sports	2	horizontal		League Bowling (NGM-019 ~ NGH-019)	1990	SNK
ldrun	Platform	2	horizontal		Lode Runner (set 1)	1984	Irem (licensed from Broderbund)
ldrun2	Platform	2	horizontal		Lode Runner II - The Bungeling Strikes Back	1984	Irem (licensed from Broderbund)
ldrun3	Platform	2	horizontal		Lode Runner III - The Golden Labyrinth	1985	Irem (licensed from Broderbund)
ldrun3j	Platform	2	horizontal	ldrun3	Lode Runner III - Majin no Fukkatsu (Japan, rev. A)	1985	Irem (licensed from Broderbund)
ldrun3jc	Platform	2	horizontal	ldrun3	Lode Runner III - Majin no Fukkatsu (Japan, rev. C)	1985	Irem (licensed from Broderbund)
ldrun4	Platform	2	horizontal		Lode Runner IV - Teikoku Karano Dasshutsu (Japan)	1986	Irem (licensed from Broderbund)
ldruna	Platform	2	horizontal	ldrun	Lode Runner (set 2)	1984	Irem (licensed from Broderbund, Digital Controls Inc. license)
leadang	Shooter	2	horizontal	deadang	Lead Angle (Japan)	1988	Seibu Kaihatsu
leaguemn	Beat 'em up	4	horizontal	nbbatman	Yakyuu Kakutou League-Man (Japan, set 1)	1993	Irem
leaguemna	Beat 'em up	4	horizontal	nbbatman	Yakyuu Kakutou League-Man (Japan, set 2)	1993	Irem
leds2011	Racing	2	vertical		Led Storm Rally 2011 (World)	1988	Capcom
leds2011u	Racing	2	vertical	leds2011	Led Storm Rally 2011 (US)	1988	Capcom
ledstorm	Racing	2	vertical	madgear	Led Storm (US)	1988	Capcom
legend	Beat 'em up	2	horizontal		Legend	1986	Kyugo / Sega
legendb	Beat 'em up	2	horizontal	legend	Legion (bootleg of Legend)	1986	bootleg
legendoh	Beat 'em up	2	horizontal		Legend of Heroes	2000	Limenko
legendos	Beat 'em up	2	horizontal		Legend of Success Joe / Ashita no Joe Densetsu	1991	SNK / Wave
legion	Vertical shooter	2	vertical		Legion - Spinner-87 (World ver 2.03)	1987	Nichibutsu
legionj	Vertical shooter	2	vertical	legion	Chouji Meikyuu Legion (Japan ver 1.05, set 1)	1987	Nichibutsu
legionjb	Vertical shooter	2	vertical	legion	Chouji Meikyuu Legion (Japan ver 1.05, bootleg set 1)	1987	bootleg
legionna	Beat 'em up	2	horizontal		Legionnaire (World)	1992	TAD Corporation
legionnaj	Beat 'em up	2	horizontal	legionna	Legionnaire (Japan)	1992	TAD Corporation
legionnau	Beat 'em up	2	horizontal	legionna	Legionnaire (US)	1992	TAD Corporation (Fabtek license)
legofair	Vertical shooter	2	vertical	chopper	Koukuu Kihei Monogatari - The Legend of Air Cavalry (Japan)	1988	SNK
lemmings	Puzzle	2	horizontal		Lemmings (US prototype)	1991	Data East USA
lethalen	Shooter	2	horizontal		Lethal Enforcers (ver UAE, 11/19/92 15:04)	1992	Konami
lethaleneaa	Shooter	2	horizontal	lethalen	Lethal Enforcers (ver EAA, 09/09/92 09:44)	1992	Konami
lethaleneab	Shooter	2	horizontal	lethalen	Lethal Enforcers (ver EAB, 10/14/92 19:53)	1992	Konami
lethalenead	Shooter	2	horizontal	lethalen	Lethal Enforcers (ver EAD, 11/11/92 10:52)	1992	Konami
lethaleneae	Shooter	2	horizontal	lethalen	Lethal Enforcers (ver EAE, 11/19/92 16:24)	1992	Konami
lethalenua	Shooter	2	horizontal	lethalen	Lethal Enforcers (ver UAA, 08/17/92 21:38)	1992	Konami
lethalenub	Shooter	2	horizontal	lethalen	Lethal Enforcers (ver UAB, 09/01/92 11:12)	1992	Konami
lethalenux	Shooter	2	horizontal	lethalen	Lethal Enforcers (ver unknown, US, 08/06/92 15:11, hacked/proto?)	1992	Konami
lethalth	Vertical shooter	2	vertical		Lethal Thunder (World)	1991	Irem
levers	Puzzle	2	vertical		Levers	1983	Rock-Ola
lghost	Shooter	3	horizontal		Laser Ghost (World) (FD1094 317-0166)	1990	Sega
lghostd	Shooter	3	horizontal	lghost	Laser Ghost (World) (bootleg of FD1094 317-0166 set)	1990	bootleg
lghostj	Shooter	3	horizontal	lghost	Laser Ghost (Japan) (FD1094 317-0164)	1990	Sega
lghostu	Shooter	3	horizontal	lghost	Laser Ghost (US) (FD1094 317-0165)	1990	Sega
lghostud	Shooter	3	horizontal	lghost	Laser Ghost (US) (bootleg of FD1094 317-0165 set)	1990	bootleg
lgtnfght	Vertical shooter	2	vertical		Lightning Fighters (World)	1990	Konami
lgtnfghta	Vertical shooter	2	vertical	lgtnfght	Lightning Fighters (Asia)	1990	Konami
lgtnfghtu	Vertical shooter	2	vertical	lgtnfght	Lightning Fighters (US)	1990	Konami
lhcdb	Puzzle	2	horizontal		Last Hope CD Beta (Neo CD conversion)	2007	NG:Dev.Team
liberate	Shooter	2	vertical		Liberation	1984	Data East Corporation
liblrabl	Action	4	horizontal		Libble Rabble	1983	Namco
lifefrce	Horizontal shooter	2	horizontal	salamand	Lifeforce (US)	1986	Konami
lifefrcej	Horizontal shooter	2	horizontal	salamand	Lifeforce (Japan)	1987	Konami
lightbr	Beat 'em up	4	horizontal		Light Bringer (Ver 2.2O 1994/04/08)	1993	Taito Corporation Japan
lightbrj	Beat 'em up	4	horizontal	lightbr	Light Bringer (Ver 2.1J 1994/02/18)	1993	Taito Corporation
linkypip	Misc	2	horizontal		Linky Pipe	1998	Eolith
liquidk	Platform	2	horizontal		Liquid Kids (World)	1990	Taito Corporation Japan
liquidku	Platform	2	horizontal	liquidk	Liquid Kids (US)	1990	Taito America Corporation
lithero	Platform	2	horizontal	kidniki	Little Hero	1987	bootleg
littlerb	Platform	2	horizontal		Little Robin	1994	TCH
livequiz	Quiz	3	horizontal		Live Quiz Show	1999	Andamiro
lizardhunt	Shooter	2	horizontal	aligator	Lizard Hunt (unprotected, checksum 25A83609)	1994	Gaelco
lizwiz	Shooter	2	vertical		Lizard Wizard	1985	Techstar (Sunn license)
lkage	Beat 'em up	2	horizontal		The Legend of Kage (rev 2)	1984	Taito Corporation
lkagea	Beat 'em up	2	horizontal	lkage	The Legend of Kage (rev 1)	1984	Taito Corporation
lkageb	Beat 'em up	2	horizontal	lkage	The Legend of Kage	1984	Taito Corporation
lkagebl1	Beat 'em up	2	horizontal	lkage	The Legend of Kage (bootleg set 1)	1984	bootleg
lkagebl2	Beat 'em up	2	horizontal	lkage	The Legend of Kage (bootleg set 2)	1984	bootleg
lkagebl3	Beat 'em up	2	horizontal	lkage	The Legend of Kage (bootleg set 3)	1984	bootleg
lkagebl4	Beat 'em up	2	horizontal	lkage	The Legend of Kage (bootleg set 4)	1984	bootleg
llander	Action / Vector	2	horizontal		Lunar Lander (rev 2)	1979	Atari
llander1	Action / Vector	2	horizontal	llander	Lunar Lander (rev 1)	1979	Atari
llandert	Action / Vector	2	horizontal	llander	Lunar Lander (screen test)	1979	Atari
lnc	Maze	2	vertical		Lock'n'Chase	1981	Data East Corporation
lockon	Shooter	2	horizontal		Lock-On (rev. E)	1986	Tatsumi
lockonc	Shooter	2	horizontal	lockon	Lock-On (rev. C)	1986	Tatsumi
lockonph	Horizontal shooter	2	horizontal		Lock On (Philko)	1991	Philko
locoboot	Puzzle	2	vertical	locomotn	Loco-Motion (bootleg)	1982	bootleg
locomotn	Puzzle	2	vertical		Loco-Motion	1982	Konami (Centuri license)
loderndf	Platform	2	horizontal		Lode Runner - The Dig Fight (ver. B)	2000	Psikyo
loderndfa	Platform	2	horizontal	loderndf	Lode Runner - The Dig Fight (ver. A)	2000	Psikyo
loffire	Shooter	2	horizontal		Line of Fire / Bakudan Yarou (World) (FD1094 317-0136)	1989	Sega
loffired	Shooter	2	horizontal	loffire	Line of Fire / Bakudan Yarou (World) (bootleg of FD1094 317-0136 set)	1989	bootleg
loffirej	Shooter	2	horizontal	loffire	Line of Fire / Bakudan Yarou (Japan) (FD1094 317-0134)	1989	Sega
loffirejd	Shooter	2	horizontal	loffire	Line of Fire / Bakudan Yarou (Japan) (bootleg of FD1094 317-0134 set)	1989	bootleg
loffireu	Shooter	2	horizontal	loffire	Line of Fire / Bakudan Yarou (US) (FD1094 317-0135)	1989	Sega
loffireud	Shooter	2	horizontal	loffire	Line of Fire / Bakudan Yarou (US) (bootleg of FD1094 317-0135 set)	1989	bootleg
logicpr2	Puzzle	2	horizontal		Logic Pro 2 (Japan)	1997	Deniam
logicpro	Puzzle	2	horizontal	croquis	Logic Pro (Japan)	1996	Deniam
loht	Run & gun	2	horizontal		Legend of Hero Tonma (World)	1989	Irem
lohtb	Run & gun	2	horizontal	loht	Legend of Hero Tonma (Playmark unprotected bootleg)	1989	bootleg (Playmark)
lohtb2	Run & gun	2	horizontal	loht	Legend of Hero Tonma (Japan, bootleg with i8751)	1989	bootleg
lohtb3	Run & gun	2	horizontal	loht	Legend of Hero Tonma (World, bootleg with i8751)	1997	bootleg
lohtj	Run & gun	2	horizontal	loht	Legend of Hero Tonma (Japan)	1989	Irem
lomakai	Beat 'em up	2	horizontal		Legend of Makai (World)	1988	Jaleco
looper	Maze	2	horizontal	changes	Looper	1982	Orca
looptris	Puzzle	2	horizontal	looptrsp	Looptris (HB, v. 20211226)	2021	Blastar
looptrsp	Puzzle	2	horizontal		Looptris Plus (HB, ver. 20221224)	2022	Blastar
lordgun	Shooter	2	horizontal		Lord of Gun (World)	1994	IGS
lordgunu	Shooter	2	horizontal	lordgun	Lord of Gun (USA)	1994	IGS
lordofk	Beat 'em up	2	horizontal	astyanax	The Lord of King (Japan)	1989	Jaleco
losttomb	Maze	2	vertical		Lost Tomb (easy)	1982	Stern Electronics
losttombh	Maze	2	vertical	losttomb	Lost Tomb (hard)	1982	Stern Electronics
lostwrld	Horizontal shooter	2	horizontal	forgottn	Lost Worlds (Japan)	1988	Capcom
lostwrldo	Horizontal shooter	2	horizontal	forgottn	Lost Worlds (Japan Old Ver.)	1988	Capcom
lotlot	Puzzle	2	horizontal		Lot Lot	1985	Irem (licensed from Tokuma Shoten)
lottofun	Casino	1	horizontal		Lotto Fun	1987	HAR Management
loverboy	Maze	2	vertical		Lover Boy	1983	G.T Enterprise Inc
lresort	Horizontal shooter	2	horizontal		Last Resort	1992	SNK
lresortp	Beat 'em up	2	horizontal	lresort	Last Resort (prototype)	1992	SNK
lsasquad	Run & gun	2	vertical		Land Sea Air Squad / Riku Kai Kuu Saizensen	1986	Taito
ltorb	Platform	2	horizontal		Jonas Indiana and the Lost Temple of RA (HB, ver. 20050717)	2005	blastar@gmx.net
ltswords	Beat 'em up	2	horizontal		Lightning Swords (World)	1991	Irem
luckboom	Action	2	horizontal		Lucky Boom	1996	Playmark
luckboomh	Action	2	horizontal	luckboom	Lucky Boom (Hard Times hardware)	1996	Playmark
luckywld	Shooter	2	horizontal		Lucky & Wild	1992	Namco
luckywldj	Shooter	2	horizontal	luckywld	Lucky & Wild (Japan)	1992	Namco
luctoday	Casino	2	vertical		Lucky Today	1980	Sigma
lunarba1	Shooter / Vector	2	horizontal	gravitar	Lunar Battle (prototype, earlier)	1982	Atari
lunarbat	Shooter / Vector	2	horizontal	gravitar	Lunar Battle (prototype, later)	1982	Atari
luplup	Puzzle	2	horizontal	suplup	Lup Lup Puzzle / Zhuan Zhuan Puzzle (version 3.0 / 990128)	1999	Omega System
luplup10	Puzzle	2	horizontal	suplup	Lup Lup Puzzle / Zhuan Zhuan Puzzle (version 1.05 / 981214)	1999	Omega System (Adko license)
luplup29	Puzzle	2	horizontal	suplup	Lup Lup Puzzle / Zhuan Zhuan Puzzle (version 2.9 / 990108)	1999	Omega System
lvgirl94	Puzzle	2	horizontal		Las Vegas Girl (Girl '94)	1994	Comad
lwings	Vertical shooter	2	vertical		Legendary Wings (US, rev. C)	1986	Capcom
lwingsa	Vertical shooter	2	vertical	lwings	Legendary Wings (US)	1986	Capcom
lwingsb	Vertical shooter	2	vertical	lwings	Legendary Wings (bootleg)	1986	bootleg
lwingsj	Vertical shooter	2	vertical	lwings	Ares no Tsubasa (Japan, rev. B)	1986	Capcom
lwingsja	Vertical shooter	2	vertical	lwings	Ares no Tsubasa (Japan, rev. A)	1986	Capcom
m660	Vertical shooter	2	vertical		Mission 660 (US)	1986	Wood Place Co. Ltd. (Taito America Corporation license)
m660b	Vertical shooter	2	vertical	m660	Mission 660 (bootleg)	1986	bootleg
m660j	Vertical shooter	2	vertical	m660	Mission 660 (Japan)	1986	Wood Place Co. Ltd. (Taito Corporation license)
mach9	Vertical shooter	2	vertical	vulgus	Mach-9 (bootleg of Vulgus)	1984	bootleg (Itisa)
machbrkr	Sports	4	horizontal		Mach Breakers (World, MB2)	1995	Namco
machbrkrj	Sports	4	horizontal	machbrkr	Mach Breakers - Numan Athletics 2 (Japan, MB1)	1995	Namco
machomou	Platform	2	vertical		Macho Mouse	1982	Techstar
macross	Vertical shooter	2	vertical		Super Spacefortress Macross / Chou-Jikuu Yousai Macross	1992	Banpresto
macross2	Horizontal shooter	2	horizontal		Super Spacefortress Macross II / Chou-Jikuu Yousai Macross II	1993	Banpresto
macross2g	Horizontal shooter	2	horizontal	macross2	Super Spacefortress Macross II / Chou-Jikuu Yousai Macross II (Gamest review build)	1993	Banpresto
macross2k	Horizontal shooter	2	horizontal	macross2	Macross II (Korea)	1993	Banpresto
macrossp	Vertical shooter	2	vertical		Macross Plus	1996	MOSS / Banpresto
madcrash	Racing	2	horizontal		Mad Crasher	1984	SNK
madcrush	Racing	2	horizontal	madcrash	Mad Crusher (Japan)	1984	SNK
maddonna	Maze	2	horizontal		Mad Donna (Tuning, set 1)	1995	Promat (Tuning license)
madgear	Racing	2	vertical		Mad Gear (US)	1989	Capcom
madgearj	Racing	2	vertical	madgear	Mad Gear (Japan)	1989	Capcom
madmotor	Beat 'em up	2	horizontal		Mad Motor (prototype, set 1)	1989	Mitchell
madmotora	Beat 'em up	2	horizontal	madmotor	Mad Motor (prototype, set 2)	1989	Mitchell
madshark	Vertical shooter	2	vertical		Mad Shark	1993	Allumer
magdrop	Puzzle	2	horizontal	chainrec	Magical Drop (Japan, Version 1.1, 1995.06.21)	1995	Data East Corporation
magdrop2	Puzzle	2	horizontal		Magical Drop II	1996	Data East Corporation
magdrop3	Puzzle	2	horizontal		Magical Drop III	1997	Data East Corporation
magdrop3bh	Puzzle	2	horizontal	magdrop3	Magical Drop III (Secret Character Hack)	1997	hack
magdrop3te	Puzzle	2	horizontal	magdrop3	Magical Drop III Tournament Edition	2022	hack (bankbank)
magdropp	Puzzle	2	horizontal	chainrec	Magical Drop Plus 1 (Japan, Version 2.1, 1995.09.12)	1995	Data East Corporation
magerror	Puzzle	2	horizontal		Magical Error wo Sagase	1994	Technosoft / Jaleco
magicbal	Sports	2	horizontal		Magicball Fighting (Korea)	1994	SemiCom
magicbub	Puzzle	2	horizontal		Magic Bubble	199?	Yun Sung
magicbuba	Puzzle	2	horizontal	magicbub	Magic Bubble (Adult version, YS1302 PCB, set 1)	199?	Yun Sung
magicbubb	Puzzle	2	horizontal	magicbub	Magic Bubble (Adult version, YS1302 PCB, set 2)	199?	Yun Sung
magicbubc	Puzzle	2	horizontal	magicbub	Magic Bubble (Adult version, YS-0211 PCB)	199?	Yun Sung
magicstk	Puzzle	2	horizontal		Magic Sticks	1995	Playmark
magipur	Platform	2	horizontal		Magic Purple	1996	Unico
magix	Puzzle	2	horizontal		Magix / Rock	1995	Yun Sung
magixb	Puzzle	2	horizontal	magix	Magix / Rock (no copyright message)	1995	Yun Sung
maglord	Platform / Run & gun	2	horizontal		Magician Lord (NGM-005)	1990	Alpha Denshi Co.
maglordacfh	Platform / Run & gun	2	horizontal	maglord	Magician Lord - Again Changes from Hell (Hack, English v1.0.0)	2025	Boomchil
maglordfacfh	Platform / Run & gun	2	horizontal	maglord	Magician Lord - Again Changes from Hell (Hack, French v1.0.0)	2025	Boomchil
maglordh	Platform / Run & gun	2	horizontal	maglord	Magician Lord (NGH-005)	1990	Alpha Denshi Co.
magmax	Horizontal shooter	2	horizontal		Mag Max (set 1)	1985	Nichibutsu
magmaxa	Horizontal shooter	2	horizontal	magmax	Mag Max (set 2)	1985	Nichibutsu
mahoudai	Vertical shooter	2	horizontal	sstriker	Mahou Daisakusen (Japan)	1993	Raizing (Able license)
mahretsu	Mahjong	2	horizontal		Mahjong Kyo Retsuden (NGM-004 ~ NGH-004)	1990	SNK
mainevt	Sports	4	horizontal		The Main Event (4 Players ver. Y)	1988	Konami
mainevt2p	Sports	2	horizontal	mainevt	The Main Event (2 Players ver. X)	1988	Konami
mainevto	Sports	4	horizontal	mainevt	The Main Event (4 Players ver. F)	1988	Konami
mainsnk	Sports	2	horizontal		Main Event (1984)	1984	SNK
majest12j	Shooter	2	vertical	ssi	Majestic Twelve - The Space Invaders Part IV (Japan)	1990	Taito Corporation
majest12u	Shooter	2	vertical	ssi	Majestic Twelve - The Space Invaders Part IV (US, revised code, Rev 1)	1990	Taito America Corporation
majest12ua	Shooter	2	vertical	ssi	Majestic Twelve - The Space Invaders Part IV (US, revised code)	1990	Taito America Corporation
majest12ub	Shooter	2	vertical	ssi	Majestic Twelve - The Space Invaders Part IV (US, earlier code base)	1990	Taito America Corporation
majtitl2	Sports	2	horizontal		Major Title 2 (World, set 1)	1992	Irem
majtitl2a	Sports	2	horizontal	majtitl2	Major Title 2 (World, set 1, alt sound CPU)	1992	Irem
majtitl2b	Sports	2	horizontal	majtitl2	Major Title 2 (World, set 2)	1992	Irem
majtitl2j	Sports	2	horizontal	majtitl2	Major Title 2 (Japan)	1992	Irem
majtitle	Sports	2	horizontal		Major Title (World)	1990	Irem
majtitlej	Sports	2	horizontal	majtitle	Major Title (Japan)	1990	Irem
majuu	Maze / Run & gun	2	horizontal	devilw	Majuu no Ohkoku	1987	Konami
makaiden	Beat 'em up	2	horizontal	lomakai	Makai Densetsu (Japan)	1988	Jaleco
makaimur	Run & gun	2	horizontal	gng	Makaimura (Japan revision A?)	1985	Capcom
makaimurb	Run & gun	2	horizontal	gng	Makaimura (Japan revision B)	1985	Capcom
makaimurbbl	Run & gun	2	horizontal	gng	Makaimura (Japan revision B bootleg)	1985	bootleg
makaimurc	Run & gun	2	horizontal	gng	Makaimura (Japan revision C)	1985	Capcom
makaimurenh	Run & gun	2	horizontal	gng	Makaimura (Enhanced)	2026	GoodLuckTrying
makaimurg	Run & gun	2	horizontal	gng	Makaimura (Japan revision G)	1985	Capcom
maketrax	Maze / Action	2	vertical	crush	Make Trax (US set 1)	1981	Alpha Denshi Co. / Kural (Williams license)
maketrxb	Maze / Action	2	vertical	crush	Make Trax (US set 2)	1981	Alpha Denshi Co. / Kural (Williams license)
makknight	Run & gun	2	horizontal	gng	Makaimura - Knight Artoria Edition	2026	GoodLuckTrying
makmaiden	Run & gun	2	horizontal	gng	Makaimura - Maiden Artoria Edition	2026	GoodLuckTrying
makyosen	Vertical shooter	2	vertical	gondo	Makyou Senshi (Japan)	1987	Data East Corporation
mangchi	Puzzle	2	horizontal		Mang-Chi	2000	Afega
manhatan	Run & gun	2	horizontal	jailbrek	Manhattan 24 Bunsyo (Japan)	1986	Konami
maniach	Fighting	2	vertical		Mania Challenge (set 1)	1986	Technos Japan (Taito America license)
maniach2	Fighting	2	vertical	maniach	Mania Challenge (set 2)	1986	Technos Japan (Taito America license)
maniacsp	Puzzle	2	horizontal		Maniac Square (ver 1.0, checksum b602, prototype)	1992	Gaelco
maniacsq	Puzzle	2	horizontal		Maniac Square (unprotected, version 1.0, checksum BB73)	1996	Gaelco
maniacsqa	Puzzle	2	horizontal	maniacsq	Maniac Square (protected, version 1.0, checksum DEEE)	1996	Gaelco
maniacsqb	Puzzle	2	horizontal	maniacsq	Maniac Square (protected, version 1.0, checksum CF2D)	1996	Gaelco
maniacsqc	Puzzle	2	horizontal	maniacsq	Maniac Square (unprotected, version 1.0, checksum BEAE)	1996	Gaelco
manpac	Maze / Action	2	vertical	mspacman	Man-Pac	2020-2024	hack (Screw)
manybloc	Puzzle	2	vertical		Many Block	1991	Bee-Oh
mappy	Platform / Action	2	vertical		Mappy (US)	1983	Namco
mappyj	Platform / Action	2	vertical	mappy	Mappy (Japan)	1983	Namco
marble	Action / Maze	2	horizontal		Marble Madness (set 1)	1984	Atari Games
marble2	Action / Maze	2	horizontal	marble	Marble Madness (set 2)	1984	Atari Games
marble3	Action / Maze	2	horizontal	marble	Marble Madness (set 3)	1984	Atari Games
marble4	Action / Maze	2	horizontal	marble	Marble Madness (set 4)	1984	Atari Games
marble5	Action / Maze	2	horizontal	marble	Marble Madness (set 5 - LSI Cartridge)	1984	Atari Games
marblmd2	Action / Maze	2	horizontal		Marble Madness II (prototype)	1991	Atari Games
marineb	Shooter / Action	2	horizontal		Marine Boy	1982	Orca
mariner	Horizontal shooter	2	vertical		Mariner	1981	Amenip
mario	Platform / Action	2	horizontal		Mario Bros. (US, Revision E)	1983	Nintendo of America
mariobl	Platform	2	horizontal	mario	Mario Bros. (bootleg on Ambush Hardware, set 1)	1983	bootleg
mariobla	Platform	2	horizontal	mario	Mario Bros. (bootleg on Ambush Hardware, set 2)	1983	bootleg
mariof	Platform / Action	2	horizontal	mario	Mario Bros. (US, Revision F)	1983	Nintendo of America
mariog	Platform / Action	2	horizontal	mario	Mario Bros. (US, Revision G)	1983	Nintendo of America
marioj	Platform / Action	2	horizontal	mario	Mario Bros. (Japan, Revision C)	1983	Nintendo
marioja	Platform / Action	2	horizontal	mario	Mario Bros. (Japan, older)	1983	Nintendo
markham	Horizontal shooter	2	horizontal		Markham	1983	Sun Electronics
marmatcp	Fighting	4	horizontal	martmast	Martial Masters - Community Patch (Hack)	20??	Hack
marmatsc	Fighting	4	horizontal	martmast	Martial Masters - Secret Characters (Hack)	2017	Hack
mars	Horizontal shooter	2	vertical		Mars	1981	Artic
martmast	Fighting	4	horizontal		Martial Masters / Xing Yi Quan (ver. 104, 102, 102US)	2001	IGS
martmast102c	Fighting	4	horizontal	martmast	Martial Masters / Xing Yi Quan (ver. 102, 101, 101CN)	2001	IGS
martmast103c	Fighting	4	horizontal	martmast	Martial Masters / Xing Yi Quan (ver. 103, 102, 101CN)	2001	IGS
martmast104c	Fighting	4	horizontal	martmast	Martial Masters / Xing Yi Quan (ver. 104, 102, 101CN)	2001	IGS
marukin	Mahjong	2	horizontal		Super Marukin-Ban (Japan 911128)	1990	Yuga
marukina	Mahjong	2	horizontal	marukin	Super Marukin-Ban (Japan 901017)	1990	Yuga
marukodq	Quiz	2	horizontal		Chibi Maruko-chan: Maruko Deluxe Quiz	1995	Takara
marvins	Maze	2	vertical		Marvin's Maze	1983	SNK
marvland	Platform	2	horizontal		Marvel Land (Japan)	1989	Namco
marvlandup	Platform	2	horizontal	marvland	Marvel Land (US, prototype)	1989	Namco
masao	Platform / Action	2	horizontal	mario	Masao	1983	bootleg
mastboyo	Quiz	2	horizontal		Master Boy (1987, Z80 hardware, Covielsa, set 1)	1987	Gaelco (Covielsa license)
mastboyoa	Quiz	2	horizontal	mastboyo	Master Boy (1987, Z80 hardware, Covielsa, set 2)	1987	Gaelco (Covielsa license)
mastboyob	Quiz	2	horizontal	mastboyo	Master Boy (1987, Z80 hardware, Ichi-Funtel, set 1)	1987	Gaelco (Ichi-Funtel license)
mastboyoc	Quiz	2	horizontal	mastboyo	Master Boy (1987, Z80 hardware, Ichi-Funtel, set 2)	1987	Gaelco (Ichi-Funtel license)
mastboyod	Quiz	2	horizontal	mastboyo	Master Boy (1987, Z80 hardware)	1987	Gaelco
masterw	Vertical shooter	2	vertical		Master of Weapon (World)	1989	Taito Corporation Japan
masterwj	Vertical shooter	2	vertical	masterw	Master of Weapon (Japan)	1989	Taito Corporation
masterwu	Vertical shooter	2	vertical	masterw	Master of Weapon (US)	1989	Taito America Corporation
mastfury	Fighting	2	horizontal		Master's Fury	1996	Unico
mastkin	Beat 'em up	2	horizontal		The Masters of Kin	1988	Du Tech
matchit	Puzzle	2	horizontal		Match It	1989	Tamtex
matchit2	Puzzle	2	horizontal		Match It II	1993	Tamtex
matchitb	Puzzle	2	horizontal	matchit	Match It (bootleg)	1989	bootleg
matmania	Fighting	2	vertical		Mat Mania	1985	Technos Japan (Taito America license)
matrim	Fighting	2	horizontal		Matrimelee / Shin Gouketsuji Ichizoku Toukon (NGM-2660 ~ NGH-2660)	2003	Noise Factory / Atlus
matrimbh	Fighting	2	horizontal	matrim	Matrimelee ~ Shin Gouketsuji Ichizoku Toukon (Hack, Enable Hidden Characters V2)	20??	Creamymami[EGCG]
matrimbl	Fighting	2	horizontal	matrim	Matrimelee / Shin Gouketsuji Ichizoku Toukon (bootleg)	2003	bootleg
matsuri15	Vertical shooter	2	vertical		Mushihime-Sama Matsuri Ver 1.5 (2011/5/23 CAVEMATSURI VER1.5)	2011	Cave (AMI license)
maxrpm	Racing	2	horizontal		Max RPM (ver 2)	1986	Bally Midway
mayday	Horizontal shooter	2	horizontal		Mayday (set 1)	1980	Hoei
maydaya	Horizontal shooter	2	horizontal	mayday	Mayday (set 2)	1980	Hoei
maydayb	Horizontal shooter	2	horizontal	mayday	Mayday (set 3)	1980	Hoei
mazebl	Maze	4	horizontal	trog	Maze (Trog rev LA4 3/11/91 bootleg)	1990	bootleg
mazeinv	Action / Maze	2	vertical		Maze Invaders (prototype)	1981	Atari
mazinger	Vertical shooter	2	vertical		Mazinger Z (World)	1994	Banpresto / Dynamic Pl. Toei Animation
mazingerj	Vertical shooter	2	vertical	mazinger	Mazinger Z (Japan)	1994	Banpresto / Dynamic Pl. Toei Animation
mbombdje	Fighting	4	horizontal	mbombrd	Muscle Bomber Duo: heat up warriors (Japan E 931206)	1993	Capcom
mbomberj	Fighting	4	horizontal	slammast	Muscle Bomber: The Body Explosion (Japan 930713)	1993	Capcom
mbombrd	Fighting	4	horizontal		Muscle Bomber Duo: Ultimate Team Battle (World 931206)	1993	Capcom
mbombrda	Fighting	4	horizontal	mbombrd	Muscle Bomber Duo: Ultimate Team Battle (Asia 931206)	1993	Capcom
mbombrdh	Fighting	4	horizontal	mbombrd	Muscle Bomber Duo: Ultimate Team Battle (Hispanic 931206)	1993	Capcom
mbombrdj	Fighting	4	horizontal	mbombrd	Muscle Bomber Duo: Heat Up Warriors (Japan 931206)	1993	Capcom
mbombrdu	Fighting	4	horizontal	mbombrd	Muscle Bomber Duo: Ultimate Team Battle (USA 931206)	1993	Capcom
mbrush	Maze / Action	2	vertical	crush	Magic Brush (bootleg of Crush Roller)	1981	bootleg (Olympia)
mcatadv	Platform	2	horizontal		Magical Cat Adventure	1993	Wintechno
mcatadvj	Platform	2	horizontal	mcatadv	Magical Cat Adventure (Japan)	1993	Wintechno
mchampdx	Mini-games	2	horizontal		Multi Champ Deluxe (ver. 0106, 06/01/2000)	2000	ESD
mchampdxa	Mini-games	2	horizontal	mchampdx	Multi Champ Deluxe (ver. 1126, 26/11/1999)	1999	ESD
mchampdxb	Mini-games	2	horizontal	mchampdx	Multi Champ Deluxe (ver. 1114, 14/11/1999)	1999	ESD
mechatt	Shooter	2	horizontal		Mechanized Attack (World)	1989	SNK
mechattj	Shooter	2	horizontal	mechatt	Mechanized Attack (Japan)	1989	SNK
mechattu	Shooter	2	horizontal	mechatt	Mechanized Attack (US)	1989	SNK
mechattu1	Shooter	2	horizontal	mechatt	Mechanized Attack (US, Version 1, Single Player)	1989	SNK
megablst	Horizontal shooter	2	horizontal		Mega Blast (World)	1989	Taito Corporation Japan
megablstj	Horizontal shooter	2	horizontal	megablst	Mega Blast (Japan)	1989	Taito Corporation
megablstu	Horizontal shooter	2	horizontal	megablst	Mega Blast (US)	1989	Taito America Corporation
megadon	Shooter	1	vertical		Megadon	1982	Epos Corporation (Photar Industries license)
megaforc	Vertical shooter	2	vertical	starforc	Mega Force (World)	1984	Tehkan
megaforcu	Vertical shooter	2	vertical	starforc	Mega Force (US)	1985	Tehkan (Video Ware license)
megaman	Fighting	2	horizontal		Mega Man: The Power Battle (CPS1, USA 951006)	1995	Capcom
megaman2	Fighting	2	horizontal		Mega Man 2: The Power Fighters (USA 960708)	1996	Capcom
megaman2a	Fighting	2	horizontal	megaman2	Mega Man 2: The Power Fighters (Asia 960708)	1996	Capcom
megaman2h	Fighting	2	horizontal	megaman2	Mega Man 2: The Power Fighters (Hispanic 960712)	1996	Capcom
megamana	Fighting	2	horizontal	megaman	Mega Man: The Power Battle (CPS1, Asia 951006)	1995	Capcom
megamn2d	Fighting	2	horizontal	megaman2	Mega Man 2: The Power Fighters (USA 960708 Phoenix Edition) (bootleg)	1996	bootleg
megaphx	Vertical shooter	2	horizontal		Mega Phoenix	1991	Dinamic / Inder
megazone	Vertical shooter	2	vertical		Mega Zone (version L)	1983	Konami
megazonea	Vertical shooter	2	vertical	megazone	Mega Zone (unknown version 1)	1983	Konami (Interlogic / Kosuka license)
megazoneb	Vertical shooter	2	vertical	megazone	Mega Zone (unknown version 2)	1983	Konami
megazoneh	Vertical shooter	2	vertical	megazone	Mega Zone (version H)	1983	Konami (Kosuka license)
megazonei	Vertical shooter	2	vertical	megazone	Mega Zone (version I)	1983	Konami
megazonej	Vertical shooter	2	vertical	megazone	Mega Zone (version J)	1983	Konami (Interlogic / Kosuka license)
megrescu	Breakout	2	vertical		Megumi Rescue	1987	Sega / Exa
meijinsn	Puzzle	2	horizontal		Meijinsen (set 1)	1986	SNK
meijinsna	Puzzle	2	horizontal	meijinsn	Meijinsen (set 2)	1986	SNK
meikyuh	Shooter	2	horizontal		Meikyuu Hunter G (Japan)	1987	Data East Corporation
meikyuhbl	Shooter	2	horizontal	meikyuh	Meikyuu Hunter G (Japan, bootleg)	1987	bootleg
meosism	Casino	2	horizontal		Meosis Magic (Japan)	1996?	Sammy
mercenario	Run & gun	2	vertical	commando	Mercenario (bootleg of Commando)	1985	bootleg
mercs	Run & gun	3	vertical		Mercs (World 900302)	1990	Capcom
mercsc	Run & gun	3	vertical	mercs	Senjo no Ookami II (hack, Chinese Translation)	1990	hack
mercsj	Run & gun	3	vertical	mercs	Senjou no Ookami II (Japan 900302)	1990	Capcom
mercsu	Run & gun	3	vertical	mercs	Mercs (USA 900608)	1990	Capcom
mercsur1	Run & gun	3	vertical	mercs	Mercs (USA 900302)	1990	Capcom
merlinmm	Maze	1	vertical		Merlins Money Maze	1986	Zilec-Zenitone
metafox	Vertical shooter	2	vertical		Meta Fox	1989	Jordan I.S. / Seta
metalb	Horizontal shooter	2	horizontal		Metal Black (World)	1991	Taito Corporation Japan
metalba	Horizontal shooter	2	horizontal	metalb	Metal Black (World, single PCB)	1991	Taito Corporation Japan
metalbj	Horizontal shooter	2	horizontal	metalb	Metal Black (Japan)	1991	Taito Corporation
metamrph	Beat 'em up	4	horizontal		Metamorphic Force (ver EAA)	1993	Konami
metamrpha	Beat 'em up	4	horizontal	metamrph	Metamorphic Force (ver AAA)	1993	Konami
metamrphe	Beat 'em up	4	horizontal	metamrph	Metamorphic Force (ver EAA - alternate)	1993	Konami
metamrphj	Beat 'em up	4	horizontal	metamrph	Metamorphic Force (ver JAA)	1993	Konami
metamrphu	Beat 'em up	4	horizontal	metamrph	Metamorphic Force (ver UAA)	1993	Konami
meteorbl	Shooter / Vector	2	horizontal	asteroid	Meteor (bootleg of Asteroids)	1979	bootleg
meteorho	Shooter / Vector	2	horizontal	asteroid	Meteor (Hoei bootleg of Asteroids)	1979	bootleg (Hoei)
meteorite	Shooter / Vector	2	horizontal	asteroid	Meteorite (Proel bootleg of Asteroids)	1979	bootleg (Proel)
meteorts	Shooter / Vector	2	horizontal	asteroid	Meteorites (VGG bootleg of Asteroids)	1979	bootleg (VGG)
metlclsh	Beat 'em up	2	horizontal		Metal Clash (Japan)	1985	Data East Corporation
metlfrzr	Maze	2	vertical		Metal Freezer (Japan)	1989	Seibu Kaihatsu
metlhawk	Shooter	2	vertical		Metal Hawk (Rev C)	1988	Namco
metlhawkj	Shooter	2	vertical	metlhawk	Metal Hawk (Japan, Rev F)	1988	Namco
metlsavr	Platform	2	horizontal		Metal Saver	1994	First Amusement
metmqstr	Fighting	2	horizontal		Metamoqester (World)	1995	Banpresto / Pandorabox
metrocrs	Platform	2	horizontal		Metro-Cross (set 1)	1985	Namco
metrocrsa	Platform	2	horizontal	metrocrs	Metro-Cross (set 2)	1985	Namco
mexico86	Sports	2	horizontal	kicknrun	Mexico 86 (bootleg of Kick and Run, set 1)	1986	bootleg
mgakuen	Mahjong	2	horizontal		Mahjong Gakuen	1988	Yuga
mgakuen2	Mahjong	2	horizontal		Mahjong Gakuen 2 Gakuen-chou no Fukushuu	1989	Face
mgcrystl	Run & gun	2	horizontal		Magical Crystals (World, 92/01/10)	1991	Kaneko
mgcrystlj	Run & gun	2	horizontal	mgcrystl	Magical Crystals (Japan, 92/01/13)	1991	Kaneko (Atlus license)
mgcrystlo	Run & gun	2	horizontal	mgcrystl	Magical Crystals (World, 91/12/10)	1991	Kaneko
mhavoc	Platform / Vector	2	horizontal		Major Havoc (rev 3)	1983	Atari
mhavoc2	Platform / Vector	2	horizontal	mhavoc	Major Havoc (rev 2)	1983	Atari
mhavocp	Platform / Vector	2	horizontal	mhavoc	Major Havoc (prototype)	1983	Atari
mhavocrv	Platform / Vector	2	horizontal	mhavoc	Major Havoc - Return to Vax	2006	hack (JMA)
mia	Run & gun	2	horizontal		M.I.A. - Missing in Action (version T)	1989	Konami
mia2	Run & gun	2	horizontal	mia	M.I.A. - Missing in Action (version S)	1989	Konami
miaj	Run & gun	2	horizontal	mia	M.I.A.: Missing in Action (Japan, version R)	1989	Konami
micon2	Misc	2	vertical		Micon-Kit Part II	1978	SNK
midres	Run & gun	2	horizontal		Midnight Resistance (World, set 1)	1989	Data East Corporation
midres2	Run & gun	2	horizontal	midres	Midnight Resistance (World, set 2)	1989	Data East Corporation
midresj	Run & gun	2	horizontal	midres	Midnight Resistance (Japan)	1989	Data East Corporation
midresu	Run & gun	2	horizontal	midres	Midnight Resistance (US)	1989	Data East USA
miexchng	Puzzle	2	horizontal		Money Puzzle Exchanger / Money Idol Exchanger	1997	Face
mightguy	Run & gun	2	vertical		Mighty Guy	1986	Nichibutsu
mikie	Action	2	vertical		Mikie	1984	Konami
mikiehs	Action	2	vertical	mikie	Mikie (High School Graffiti)	1984	Konami
mikiej	Action	2	vertical	mikie	Shinnyuushain Tooru-kun	1984	Konami
mikiek	Action	2	vertical	mikie	Shin-ip Sawon - Seok Dol-i	1984	bootleg
milliped	Shooter / Action	2	vertical		Millipede	1982	Atari
mimonkey	Horizontal shooter	2	vertical		Mighty Monkey	1982	Universal Video Games
mimonsco	Horizontal shooter	2	vertical	mimonkey	Mighty Monkey (bootleg on Super Cobra hardware)	1982	bootleg
mimonscr	Horizontal shooter	2	vertical	mimonkey	Mighty Monkey (bootleg on Scramble hardware)	1982	bootleg
mimonscra	Horizontal shooter	2	vertical	mimonkey	Mighty Monkey (Kaina Games, bootleg on Scramble hardware)	1982	bootleg (Kaina Games)
minasan	Mahjong	2	horizontal		Minasan no Okagesamadesu! Dai Sugoroku Taikai (MOM-001 ~ MOH-001)	1990	Monolith Corp.
minefld	Horizontal shooter	2	vertical		Minefield	1983	Stern Electronics
mineswpr	Maze	2	horizontal		Minesweeper	1977	Amutech
mineswpr4	Maze	2	horizontal	mineswpr	Minesweeper (4-Player)	1977	Amutech
minivadr	Shooter	1	horizontal		Mini Vaders	1990	Taito Corporation
mirage	Mahjong	2	horizontal		Mirage Youjuu Mahjongden (Japan)	1994	Mitchell
mirax	Shooter	2	vertical		Mirax (set 1)	1985	Current Technology, Inc.
miraxa	Shooter	2	vertical	mirax	Mirax (set 2)	1985	Current Technology, Inc.
miraxb	Shooter	2	vertical	mirax	Mirax (set 3)	1985	Current Technology, Inc.
mirninja	Beat 'em up	2	horizontal		Mirai Ninja (Japan, set 1)	1988	Namco
mirninjaa	Beat 'em up	2	horizontal	mirninja	Mirai Ninja (Japan, set 2)	1988	Namco
misncrft	Vertical shooter	2	vertical		Mission Craft (version 2.7)	2000	Sun
misncrfta	Vertical shooter	2	vertical	misncrft	Mission Craft (version 2.4)	2000	Sun
missb2	Platform	2	horizontal		Miss Bubble II	1996	Alpha Co.
missile	Shooter	2	horizontal		Missile Command (rev 3, A035467-02/04 PCBs)	1980	Atari
missile1	Shooter	2	horizontal	missile	Missile Command (rev 1, A035467-02 PCBs)	1980	Atari
missile2	Shooter	2	horizontal	missile	Missile Command (rev 2, A035467-02/04 PCBs)	1980	Atari
missmw96	Puzzle	2	horizontal	missw96	Miss Mister World '96 (Nude)	1996	Comad
missw02	Puzzle	2	horizontal		Miss World 2002	2002	Comad
missw02d	Puzzle	2	horizontal	missw02	Miss World 2002 (Daigom license)	2002	Daigom
missw96	Puzzle	2	horizontal		Miss World '96 (Nude) (C-3000A PCB, set 1)	1996	Comad
missw96a	Puzzle	2	horizontal	missw96	Miss World '96 (Nude) (C-3000A PCB, set 2)	1996	Comad
missw96b	Puzzle	2	horizontal	missw96	Miss World '96 (Nude) (C-3000A PCB, set 3)	1996	Comad
missw96c	Puzzle	2	horizontal	missw96	Miss World '96 (Nude) (C-3000B PCB)	1996	Comad
mizubaku	Platform	2	horizontal	liquidk	Mizubaku Daibouken (Japan)	1990	Taito Corporation
mj4simai	Mahjong	1	horizontal		Wakakusamonogatari Mahjong Yonshimai (Japan)	1996	Maboroshi Ware
mjgtaste	Mahjong	2	horizontal		Mahjong G-Taste	2002	Psikyo
mjkjidai	Mahjong	2	horizontal		Mahjong Kyou Jidai (Japan)	1986	Sanritsu
mjleague	Sports	2	vertical		Major League	1985	Sega
mjnquest	Mahjong	2	horizontal		Mahjong Quest (Japan)	1990	Taito Corporation
mjnquestb	Mahjong	2	horizontal	mjnquest	Mahjong Quest (Japan, No Nudity)	1990	Taito Corporation
mk	Fighting	2	horizontal		Mortal Kombat (rev 5.0 T-Unit 03/19/93)	1992	Midway
mk2	Fighting	2	horizontal		Mortal Kombat II (rev L3.1)	1993	Midway
mk2chal	Fighting	2	horizontal	mk2	Mortal Kombat II Challenger (hack)	1993	hack
mk2p	Fighting	2	horizontal	mk2	Mortal Kombat II Plus (Beta 2, Hack)	1993	hack
mk2r11	Fighting	2	horizontal	mk2	Mortal Kombat II (rev L1.1)	1993	Midway
mk2r14	Fighting	2	horizontal	mk2	Mortal Kombat II (rev L1.4)	1993	Midway
mk2r20	Fighting	2	horizontal	mk2	Mortal Kombat II (rev L2.0)	1993	Midway
mk2r21	Fighting	2	horizontal	mk2	Mortal Kombat II (rev L2.1)	1993	Midway
mk2r30	Fighting	2	horizontal	mk2	Mortal Kombat II (rev L3.0)	1993	Midway
mk2r31e	Fighting	2	horizontal	mk2	Mortal Kombat II (rev L3.1, European)	1993	Midway
mk2r32e	Fighting	2	horizontal	mk2	Mortal Kombat II (rev L3.2, European)	1993	Midway
mk2r42	Fighting	2	horizontal	mk2	Mortal Kombat II (rev L4.2, hack)	1993	hack
mk2r91	Fighting	2	horizontal	mk2	Mortal Kombat II (rev L9.1, hack)	1993	hack
mk2ute	Fighting	2	horizontal	mk2	Mortal Kombat II Ultimate Tournament Edition (hack, V5.0.053)	2014	hack
mk3	Fighting	2	horizontal		Mortal Kombat 3 (rev 2.1)	1994	Midway
mk3p40	Fighting	2	horizontal	mk3	Mortal Kombat 3 (rev 1 chip label p4.0)	1994	Midway
mk3r10	Fighting	2	horizontal	mk3	Mortal Kombat 3 (rev 1.0)	1994	Midway
mk3r20	Fighting	2	horizontal	mk3	Mortal Kombat 3 (rev 2.0)	1994	Midway
mkla1	Fighting	2	horizontal	mk	Mortal Kombat (rev 1.0 08/09/92)	1992	Midway
mkla2	Fighting	2	horizontal	mk	Mortal Kombat (rev 2.0 08/18/92)	1992	Midway
mkla3	Fighting	2	horizontal	mk	Mortal Kombat (rev 3.0 08/31/92)	1992	Midway
mkla4	Fighting	2	horizontal	mk	Mortal Kombat (rev 4.0 09/28/92)	1992	Midway
mknifty	Fighting	2	horizontal	mk	Mortal Kombat (Nifty Kombo, hack)	1992	hack
mknifty666	Fighting	2	horizontal	mk	Mortal Kombat (Nifty Kombo 666, hack)	1992	hack
mkplus	Fighting	2	horizontal	mk	Mortal Kombat Plus (Hack, BUILD 5.0.0741)	2020	Paul
mkprot4	Fighting	2	horizontal	mk	Mortal Kombat (prototype, rev 4.0 07/14/92)	1992	Midway
mkprot8	Fighting	2	horizontal	mk	Mortal Kombat (prototype, rev 8.0 07/21/92)	1992	Midway
mkprot9	Fighting	2	horizontal	mk	Mortal Kombat (prototype, rev 9.0 07/28/92)	1992	Midway
mkr4	Fighting	2	horizontal	mk	Mortal Kombat (rev 4.0 T-Unit 02/11/93)	1992	Midway
mkrep	Fighting	2	horizontal	mk	Mortal Kombat (Reptile Man hack)	1992	hack
mktturbo	Fighting	2	horizontal	mk	Mortal Kombat (Turbo Ninja T-Unit 03/19/93, hack)	1992	hack
mkyawdim	Fighting	2	horizontal	mk	Mortal Kombat (Yawdim bootleg, set 1)	1992	bootleg (Yawdim)
mkyawdim2	Fighting	2	horizontal	mk	Mortal Kombat (Yawdim bootleg, set 2)	1992	bootleg (Yawdim)
mkyawdim3	Fighting	2	horizontal	mk	Mortal Kombat (Yawdim bootleg, set 3)	1992	bootleg (Yawdim)
mkyawdim4	Fighting	2	horizontal	mk	Mortal Kombat (Yawdim bootleg, set 4)	1992	bootleg (Yawdim)
mkyawdim5	Fighting	2	horizontal	mk	Mortal Kombat (Yawdim bootleg, set 5)	1992	bootleg (Yawdim)
mkyawdim6	Fighting	2	horizontal	mk	Mortal Kombat (Yawdim bootleg, set 6)	1992	bootleg (Yawdim)
mkyturbo	Fighting	2	horizontal	mk	Mortal Kombat (Turbo 3.1 09/09/93, hack)	1992	hack
mkyturboe	Fighting	2	horizontal	mk	Mortal Kombat (Turbo 3.0 08/31/92, hack)	1992	hack
mltiwars	Vertical shooter	2	vertical	uniwars	Multi Wars (bootleg of UniWar S)	1980	bootleg (Gayton Games)
mmagic	Breakout	2	vertical		Monkey Magic	1979	Nintendo
mmancp2u	Fighting	2	horizontal	megaman	Mega Man: The Power Battle (CPS2, USA 951006, SAMPLE Version)	1995	Capcom
mmancp2ur1	Fighting	2	horizontal	megaman	Mega Man: The Power Battle (CPS2, USA 950926, SAMPLE Version)	1995	Capcom
mmancp2ur2	Fighting	2	horizontal	megaman	Mega Man: The Power Battle (CPS2, USA 950925, SAMPLE Version)	1995	Capcom
mmatrix	Vertical shooter	2	horizontal		Mars Matrix: Hyper Solid Shooting (USA 000412)	2000	Takumi (Capcom license)
mmatrixa	Vertical shooter	2	horizontal	mmatrix	Mars Matrix: Hyper Solid Shooting (Asia 000412)	2000	Takumi (Capcom license)
mmatrixd	Vertical shooter	2	horizontal	mmatrix	Mars Matrix: Hyper Solid Shooting (USA 000412 Phoenix Edition) (bootleg)	2000	bootleg
mmatrixi	Vertical shooter	2	horizontal	mmatrix	Mars Matrix: Hyper Solid Shooting (Hack, Improvement v1.0.0)	2025	hack
mmatrixj	Vertical shooter	2	horizontal	mmatrix	Mars Matrix: Hyper Solid Shooting (Japan 000412)	2000	Takumi (Capcom license)
mmaulers	Beat 'em up	2	horizontal		Monster Maulers (ver EAA)	1993	Konami
mmaze	Maze	2	horizontal		Marchen Maze (Japan)	1988	Namco
mmaze2	Maze	2	horizontal	mmaze	Marchen Maze (Japan, hack?)	1988	Namco
mmonkey	Action	2	vertical		Minky Monkey	1982	Technos Japan / Roller Tron
mmonkeyj	Action	2	vertical	mmonkey	Minky Monkey (Japan)	1982	Technos Japan / Roller Tron
mmpork	Vertical shooter	2	vertical		Muchi Muchi Pork! (2007/ 4/17 MASTER VER.)	2007	Cave (AMI license)
mnchmobl	Racing / Action	4	vertical	joyfulr	Munch Mobile (US)	1983	SNK (Centuri license)
mnight	Shooter	2	horizontal		Mutant Night	1987	UPL
mnightj	Shooter	2	horizontal	mnight	Mutant Night (Japan)	1987	UPL (Kawakus license)
moegonta	Puzzle	2	vertical	ladykill	Moeyo Gonta!! (Japan)	1993	Yanyaka
mofflott	Maze	2	vertical		Maze of Flott (Japan)	1989	Taito
moguchan	Maze	2	vertical		Mogu Chan (bootleg?)	1982	Orca (Eastern Commerce Inc. license)
mogura	Misc	4	horizontal		Mogura Desse (Japan)	1991	Konami
mole	Misc	2	horizontal		Mole Attack	1982	Yachiyo Electronics
momoko	Platform	2	horizontal		Momoko 120% (Japanese text)	1986	Jaleco
momokob	Platform	2	horizontal	momoko	Momoko 120% (bootleg)	1986	bootleg
momokoe	Platform	2	horizontal	momoko	Momoko 120% (English text)	1986	Jaleco
monkelf	Beat 'em up	2	horizontal	avspirit	Monky Elf (Korean bootleg of Avenging Spirit)	1990	bootleg
monkeyd	Platform	2	vertical	ckong	Monkey Donkey	1981	bootleg
monsterb	Platform	2	vertical		Monster Bash	1982	Sega
monsterb2	Platform	2	vertical	monsterb	Monster Bash (2 board version)	1982	Sega
monymony	Action / Maze	2	vertical		Money Money (set 1)	1983	Zaccaria
monymony2	Action / Maze	2	vertical	monymony	Money Money (set 2)	1983	Zaccaria
moomesa	Run & gun	4	horizontal		Wild West C.O.W.-Boys of Moo Mesa (ver EAB)	1992	Konami
moomesaaab	Run & gun	4	horizontal	moomesa	Wild West C.O.W.-Boys of Moo Mesa (ver AAB)	1992	Konami
moomesauab	Run & gun	4	horizontal	moomesa	Wild West C.O.W.-Boys of Moo Mesa (ver UAB)	1992	Konami
moomesauac	Run & gun	4	horizontal	moomesa	Wild West C.O.W.-Boys of Moo Mesa (ver UAC)	1992	Konami
moonal2	Vertical shooter	2	vertical		Moon Alien Part 2	1980	Namco / Nichibutsu
moonal2b	Vertical shooter	2	vertical	moonal2	Moon Alien Part 2 (older version)	1980	Namco / Nichibutsu
moonaln	Vertical shooter	2	vertical	galaxian	Moon Alien	1979	Namco / Nichibutsu (Karateco license?)
mooncmw	Vertical shooter	2	vertical	mooncrst	Moon War (bootleg of Moon Cresta)	198?	bootleg
mooncptc	Vertical shooter	2	vertical	mooncrst	Moon Cresta (Petaco S.A. Spanish bootleg)	1980?	bootleg (Petaco S.A.)
mooncrecm	Vertical shooter	2	vertical	mooncrst	Moon Cresta (Centromatic Spanish bootleg)	1980	bootleg (Centromatic)
mooncreg	Vertical shooter	2	vertical	mooncrst	Moon Cresta (Electrogame S.A. Spanish bootleg, set 1)	1980	bootleg (Electrogame S.A.)
mooncreg2	Vertical shooter	2	vertical	mooncrst	Moon Cresta (Electrogame S.A. Spanish bootleg, set 2)	1980	bootleg (Electrogame S.A.)
mooncrgx	Vertical shooter	2	vertical	mooncrst	Moon Cresta (bootleg on Galaxian hardware)	1980	bootleg
mooncrs2	Vertical shooter	2	vertical	mooncrst	Moon Cresta (bootleg set 2)	1980	bootleg
mooncrs3	Vertical shooter	2	vertical	mooncrst	Moon Cresta (bootleg set 3)	1980	bootleg (Jeutel)
mooncrs4	Vertical shooter	2	vertical	mooncrst	Moon Crest (bootleg of Moon Cresta)	1980	bootleg (SG-Florence)
mooncrs5	Vertical shooter	2	vertical	mooncrst	Moon Cresta (bootleg set 4)	1980	bootleg
mooncrsb	Vertical shooter	2	vertical	mooncrst	Moon Cresta (bootleg set 1)	1980	bootleg
mooncrsl	Vertical shooter	2	vertical	mooncrst	Cresta Mundo (Spanish bootleg of Moon Cresta)	1980	bootleg (Laguna S.A.)
mooncrst	Vertical shooter	2	vertical		Moon Cresta (Nichibutsu)	1980	Nichibutsu
mooncrstg	Vertical shooter	2	vertical	mooncrst	Moon Cresta (Gremlin)	1980	Nichibutsu (Gremlin license)
mooncrsto	Vertical shooter	2	vertical	mooncrst	Moon Cresta (Nichibutsu, old rev)	1980	Nichibutsu
mooncrstso	Vertical shooter	2	vertical	mooncrst	Moon Cresta (SegaSA / Sonic)	1980	bootleg (Sonic)
mooncrstu	Vertical shooter	2	vertical	mooncrst	Moon Cresta (Nichibutsu USA, encrypted)	1980	Nichibutsu USA
mooncrstuk	Vertical shooter	2	vertical	mooncrst	Moon Cresta (Nichibutsu UK)	1980	Nichibutsu UK
mooncrstuku	Vertical shooter	2	vertical	mooncrst	Moon Cresta (Nichibutsu UK, unencrypted)	1980	Nichibutsu UK
mooncrstuu	Vertical shooter	2	vertical	mooncrst	Moon Cresta (Nichibutsu USA, unencrypted)	1980	Nichibutsu USA
moonqsr	Vertical shooter	2	vertical		Moon Quasar	1980	Nichibutsu
moonwar	Shooter	2	vertical		Moonwar	1981	Stern Electronics
moonwara	Shooter	2	vertical	moonwar	Moonwar (older)	1981	Stern Electronics
moonwarp	Shooter	2	horizontal		Moon War (prototype on Frenzy hardware)	1981	Stern Electronics
moremore	Mini-games	2	horizontal		More More	1999	SemiCom / Exit
moremorp	Mini-games	2	horizontal		More More Plus	1999	SemiCom / Exit
mortalr	Racing	2	horizontal		Mortal Race	1995	New Dream Games
mosaic	Puzzle	2	horizontal		Mosaic	1990	Space
mosaica	Puzzle	2	horizontal	mosaic	Mosaic (Fuuki)	1990	Space (Fuuki license)
mosaicf2	Misc	2	horizontal		Mosaic (F2 System)	1999	F2 System
moshougi	Puzzle	2	horizontal		Shougi no Tatsujin - Master of Shougi	1995	ADK / SNK
motorace	Racing	2	vertical	travrusa	MotoRace USA	1983	Irem (Williams license)
motos	Action	2	vertical		Motos	1985	Namco
mototour	Racing	2	vertical	travrusa	MotoTour / Zippy Race (Tecfri license)	1983	Irem (Tecfri license)
mototoura	Racing	2	vertical	travrusa	MotoTour / Zippy Race (Assa version of Tecfri license)	1983	Irem (Tecfri license / Assa)
mouncrst	Vertical shooter	2	vertical	mooncrst	Moune Creste (Jeutel French bootleg of Moon Cresta)	1980?	bootleg (Jeutel)
mouser	Platform	2	vertical		Mouser	1983	UPL
mouserc	Platform	2	vertical	mouser	Mouser (Cosmos)	1983	UPL (Cosmos license)
mpang	Puzzle	2	horizontal		Mighty! Pang (Europe 001010)	2000	Mitchell (Capcom license)
mpanga	Puzzle	2	horizontal	mpang	Mighty! Pang (Asia 001010)	2000	Mitchell (Capcom license)
mpangj	Puzzle	2	horizontal	mpang	Mighty! Pang (Japan 001011)	2000	Mitchell (Capcom license)
mpangjd	Puzzle	2	horizontal	mpang	Mighty! Pang (Japan 001011 Phoenix Edition) (bootleg)	2000	bootleg
mpangr1	Puzzle	2	horizontal	mpang	Mighty! Pang (Europe 000925)	2000	Mitchell (Capcom license)
mpangu	Puzzle	2	horizontal	mpang	Mighty! Pang (USA 001010)	2000	Mitchell (Capcom license)
mpatrol	Horizontal shooter	2	horizontal		Moon Patrol	1982	Irem
mpatrolut	Horizontal shooter	2	horizontal	mpatrol	Moon Patrol Unknown Territories	2025	hack (Paul Goes)
mpatrolw	Horizontal shooter	2	horizontal	mpatrol	Moon Patrol (Williams)	1982	Irem (Williams license)
mplanets	Shooter	1	vertical		Mad Planets	1983	Gottlieb
mplanetsuk	Shooter	1	vertical	mplanets	Mad Planets (UK)	1983	Gottlieb (Taitel license)
mpumpkin	Misc	2	horizontal		Magical Pumpkin: Puroland de Daibouken (Japan 960712)	1996	Capcom
mranger	Horizontal shooter	2	horizontal	mpatrol	Moon Ranger (bootleg of Moon Patrol)	1982	bootleg
mrdig	Puzzle	2	horizontal		Mr. Dig	2000	Sun
mrdo	Maze / Action	2	vertical		Mr. Do!	1982	Universal
mrdobl	Maze / Action	2	vertical	mrdo	Mr. Do! (bootleg)	1982	bootleg
mrdofabr	Maze / Action	2	vertical	mrdo	Mr. Do! (Fabremar bootleg)	1982	bootleg (Fabremar)
mrdofix	Maze / Action	2	vertical	mrdo	Mr. Do! (bugfixed)	1982	Universal (Taito license)
mrdot	Maze / Action	2	vertical	mrdo	Mr. Do! (Taito)	1982	Universal (Taito license)
mrdoy	Maze / Action	2	vertical	mrdo	Mr. Do! (prototype)	1982	Universal
mrdu	Maze / Action	2	vertical	mrdo	Mr. Du!	1982	bootleg
mrflea	Platform	1	vertical		The Amazing Adventures of Mr. F. Lea	1982	Pacific Novelty
mrgoemon	Platform	2	horizontal		Mr. Goemon (Japan)	1986	Konami
mrheli	Horizontal shooter	2	horizontal	bchopper	Mr. HELI no Daibouken (Japan)	1987	Irem
mrjong	Maze	2	vertical		Mr. Jong (Japan)	1983	Kiwako
mrkicker	Action / Maze	2	horizontal		Mr. Kicker (F-E1-16-010 PCB)	2001	SemiCom
mrkickera	Action / Maze	2	horizontal	mrkicker	Mr. Kicker (SEMICOM-003b PCB)	2001	SemiCom
mrkougar	Platform	2	vertical		Mr. Kougar	1984	ATW
mrkougar2	Platform	2	vertical	mrkougar	Mr. Kougar (earlier)	1983	ATW
mrkougb	Platform	2	vertical	mrkougar	Mr. Kougar (German bootleg)	1984	bootleg (Gross)
mrkougb2	Platform	2	vertical	mrkougar	Mr. Kougar (bootleg)	1983	bootleg
mrlo	Maze / Action	2	vertical	mrdo	Mr. Lo!	1982	bootleg
mrsdyna	Maze / Action	2	vertical		Mrs. Dynamite	1982	Universal
mrtnt	Maze / Action	2	vertical		Mr. TNT	1983	Techstar (Telko license)
mrviking	Vertical shooter	2	vertical		Mister Viking (315-5041)	1984	Sega
mrvikingj	Vertical shooter	2	vertical	mrviking	Mister Viking (315-5041, Japan)	1984	Sega
ms21v2	Run & gun	2	horizontal	mslug2	Metal Slug 2 - Super Vehicle-001/II (1v2 Mode, Hack)	2019	hack
ms31v2	Run & gun	2	horizontal	mslug3	Metal Slug 3 (1v2 Mode, Hack)	2019	hack
ms3dbpls	Run & gun	2	horizontal	mslug3	Metal Slug 3 (Double Enemy, Hack)	2024	hack
ms41v2	Run & gun	2	horizontal	mslug4	Metal Slug 4 (1v2 Mode, Hack)	2019	hack
ms4plus	Run & gun	2	horizontal	mslug4	Metal Slug 4 Plus (bootleg)	2002	bootleg
ms51v2	Run & gun	2	horizontal	mslug5	Metal Slug 5 (1v2 Mode, Hack)	2019	hack
ms5esr	Run & gun	2	horizontal	mslug5	Metal Slug 5 (Double Enemy, Hack)	2023	hack
ms5pcb	Run & gun	2	horizontal		Metal Slug 5 (JAMMA PCB)	2003	SNK Playmore
ms5plus	Run & gun	2	horizontal	mslug5	Metal Slug 5 Plus (bootleg)	2003	bootleg
ms5plush	Run & gun	2	horizontal	mslug5	Metal Slug 5 (Plus, Hack)	2019	hack
ms5sgf	Run & gun	2	horizontal	mslug5	Metal Slug 5 (Remake FC2, Hack)	2021	hack
msbingo	Puzzle	2	horizontal		Miss Bingo	1994	Min Corp.
mschamp	Maze / Action	2	vertical	mspacman	Ms. Pacman Champion Edition / Zola-Puc Gal	1992	hack
mschamps	Maze / Action	2	vertical	mspacman	Ms. Pacman Champion Edition / Super Zola-Puc Gal	1995	hack
msgogo	Puzzle	2	horizontal		Mouse Shooter GoGo	1995	Metro
msgundam	Fighting	2	horizontal		Mobile Suit Gundam	1993	Banpresto / Allumer
msgundam1	Fighting	2	horizontal	msgundam	Mobile Suit Gundam (Japan)	1993	Banpresto / Allumer
msh	Fighting	2	horizontal		Marvel Super Heroes (Europe 951024)	1995	Capcom
msha	Fighting	2	horizontal	msh	Marvel Super Heroes (Asia 951024)	1995	Capcom
mshb	Fighting	2	horizontal	msh	Marvel Super Heroes (Brazil 951117)	1995	Capcom
mshbh	Fighting	2	horizontal	msh	Marvel Super Heroes (Boss Hack)	1995	Yumeji
mshbr1	Fighting	2	horizontal	msh	Marvel Super Heroes (Brazil 951024)	1995	Capcom
msheartb	Maze / Action	2	vertical	mspacman	Ms. Pac-Man Heart Burn	1989	hack (Two-Bit Score)
mshh	Fighting	2	horizontal	msh	Marvel Super Heroes (Hispanic 951117)	1995	Capcom
mshj	Fighting	2	horizontal	msh	Marvel Super Heroes (Japan 951117)	1995	Capcom
mshjr1	Fighting	2	horizontal	msh	Marvel Super Heroes (Japan 951024)	1995	Capcom
mshu	Fighting	2	horizontal	msh	Marvel Super Heroes (USA 951024)	1995	Capcom
mshud	Fighting	2	horizontal	msh	Marvel Super Heroes (USA 951024 Phoenix Edition) (bootleg)	1995	bootleg
mshuttle	Horizontal shooter	2	horizontal		Moon Shuttle (US? set 1)	1981	Nichibutsu
mshuttle2	Horizontal shooter	2	horizontal	mshuttle	Moon Shuttle (US? set 2)	1981	Nichibutsu
mshuttlea	Horizontal shooter	2	horizontal	mshuttle	Moon Shuttle (US, version A)	1981	Nichibutsu
mshuttlej	Horizontal shooter	2	horizontal	mshuttle	Moon Shuttle (Japan set 1)	1981	Nichibutsu
mshuttlej2	Horizontal shooter	2	horizontal	mshuttle	Moon Shuttle (Japan set 2)	1981	Nichibutsu
mshvsf	Fighting	2	horizontal		Marvel Super Heroes Vs. Street Fighter (Europe 970625)	1997	Capcom
mshvsfa	Fighting	2	horizontal	mshvsf	Marvel Super Heroes Vs. Street Fighter (Asia 970625)	1997	Capcom
mshvsfa1	Fighting	2	horizontal	mshvsf	Marvel Super Heroes Vs. Street Fighter (Asia 970620)	1997	Capcom
mshvsfb	Fighting	2	horizontal	mshvsf	Marvel Super Heroes Vs. Street Fighter (Brazil 970827)	1997	Capcom
mshvsfb1	Fighting	2	horizontal	mshvsf	Marvel Super Heroes Vs. Street Fighter (Brazil 970625)	1997	Capcom
mshvsfbh	Fighting	2	horizontal	mshvsf	Marvel Super Heroes Vs. Street Fighter (Boss Hack)	1997	Yumeji
mshvsfcph	Fighting	2	horizontal	mshvsf	Marvel Super Heroes Vs. Street Fighter (Coop, Hack)	2024	hack (bankbank)
mshvsfem	Fighting	2	horizontal	mshvsf	Marvel Super Heroes Vs. Street Fighter (Easy Moves, Hack)	2009	hack
mshvsfh	Fighting	2	horizontal	mshvsf	Marvel Super Heroes Vs. Street Fighter (Hispanic 970625)	1997	Capcom
mshvsfj	Fighting	2	horizontal	mshvsf	Marvel Super Heroes Vs. Street Fighter (Japan 970707)	1997	Capcom
mshvsfj1	Fighting	2	horizontal	mshvsf	Marvel Super Heroes Vs. Street Fighter (Japan 970702)	1997	Capcom
mshvsfj2	Fighting	2	horizontal	mshvsf	Marvel Super Heroes Vs. Street Fighter (Japan 970625)	1997	Capcom
mshvsfu	Fighting	2	horizontal	mshvsf	Marvel Super Heroes Vs. Street Fighter (USA 970827)	1997	Capcom
mshvsfu1	Fighting	2	horizontal	mshvsf	Marvel Super Heroes Vs. Street Fighter (USA 970625)	1997	Capcom
mshvsfu1d	Fighting	2	horizontal	mshvsf	Marvel Super Heroes Vs. Street Fighter (USA 970625 Phoenix Edition) (bootleg)	1997	bootleg
msisaac	Shooter	2	vertical		Metal Soldier Isaac II	1985	Taito Corporation
mslider	Puzzle	2	horizontal		Monster Slider (Japan)	1997	Visco / Datt Japan
mslug	Run & gun	2	horizontal		Metal Slug - Super Vehicle-001	1996	Nazca
mslug1v2	Run & gun	2	horizontal	mslug	Metal Slug - Super Vehicle-001 (1v2 Mode, Hack)	2023	hack
mslug2	Run & gun	2	horizontal		Metal Slug 2 - Super Vehicle-001/II (NGM-2410 ~ NGH-2410)	1998	SNK
mslug2ct	Run & gun	2	horizontal	mslug2	Metal Slug 2 - Super Vehicle-001/II (Survival, Hack)	2018	hack
mslug2dd	Run & gun	2	horizontal	mslug2	Metal Slug 2 - Super Vehicle-001/II (Starlight, Hack)	2022	hack
mslug2dg	Run & gun	2	horizontal	mslug2	Metal Slug 2 - Super Vehicle-001/II (Multifunction, Hack)	2017	hack
mslug2eg	Run & gun	2	horizontal	mslug2	Metal Slug 2 - Super Vehicle-001/II (Extraction Green Turbo, Hack)	2021	hack
mslug2fm	Run & gun	2	horizontal	mslug2	Metal Slug 2 - Super Vehicle-001/II (Friendly Fire FC2, Hack)	2021	hack
mslug2p	Run & gun	2	horizontal	mslug2	Metal Slug 2 - Super Vehicle-001/II (Weapon Storage, Hack)	2015	hack
mslug2r	Run & gun	2	horizontal	mslug2	Metal Slug 2 - Super Vehicle-001/II (Enemy Remix, Hack)	2014	hack
mslug2t	Run & gun	2	horizontal	mslug2	Metal Slug 2 Turbo (NGM-9410) (hack)	2015	hack (trap15)
mslug2unity	Run & gun	2	horizontal	mslug2	Metal Slug 2 - Super Vehicle-001/II Unity (Added Timer Ver. 2021-01-22)	2021	hack
mslug3	Run & gun	2	horizontal		Metal Slug 3 (NGM-2560)	2000	SNK
mslug3a	Run & gun	2	horizontal	mslug3	Metal Slug 3 (NGM-2560, earlier)	2000	SNK
mslug3b6	Run & gun	2	horizontal	mslug3	Metal Slug 6 (bootleg of Metal Slug 3)	2000	bootleg
mslug3c	Run & gun	2	horizontal	mslug3	Metal Slug 3 (Enemy Remix, Hack)	2019	hack
mslug3cq	Run & gun	2	horizontal	mslug3	Metal Slug 3 (Legend, Hack)	2024	hack
mslug3cqi	Run & gun	2	horizontal	mslug3	Metal Slug 3 (Legendary Unlimited Fire v7.5, Hack)	2025	hack (AKS & Sakura)
mslug3cqt	Run & gun	2	horizontal	mslug3	Metal Slug 3 (Legend TD v6.0, Hack)	2025	AKS & Sakura
mslug3cqz	Run & gun	2	horizontal	mslug3	Metal Slug 3 (Legendary Journey v5.0, Hack)	2025	AKS & Sakura
mslug3dd	Run & gun	2	horizontal	mslug3	Metal Slug 3 (Starlight, Hack)	2022	hack
mslug3eb	Run & gun	2	horizontal	mslug3	Metal Slug 3 (Blue, Hack)	2014	hack
mslug3fd	Run & gun	2	horizontal	mslug3	Metal Slug 3 (Fully Decrypted)	2000	SNK
mslug3g	Run & gun	2	horizontal	mslug3	Metal Slug 3 (Multifunction, Hack)	2022	hack
mslug3gw	Run & gun	2	horizontal	mslug3	Metal Slug 3 (Onimusha Samanosuke, Hack)	2018	hack
mslug3h	Run & gun	2	horizontal	mslug3	Metal Slug 3 (NGH-2560)	2000	SNK
mslug3i	Run & gun	2	horizontal	mslug3	Metal Slug 3 (Firepower Enhance, Hack)	2021	hack
mslug3ki	Run & gun	2	horizontal	mslug3	Metal Slug 3 (Komorebi, Hack)	2022	hack
mslug3lw	Run & gun	2	horizontal	mslug3	Metal Slug 3 (Last Bullet Remix, Hack)	2023	hack
mslug3ps	Run & gun	2	horizontal	mslug3	Metal Slug 3 (Pigeon Slug, Hack)	2023	hack
mslug3sc	Run & gun	2	horizontal	mslug3	Metal Slug 3 (Survival, Hack)	2023	hack
mslug3sd	Run & gun	2	horizontal	mslug3	Metal Slug 3 (Shop, Hack)	2017	hack
mslug3se	Run & gun	2	horizontal	mslug3	Metal Slug 3 (Special, Hack)	2022	hack
mslug3unity	Run & gun	2	horizontal	mslug3	Metal Slug 3 Unity (Added Timer Ver. 2021-02-13)	2021	hack
mslug3v	Run & gun	2	horizontal	mslug3	Metal Slug 3 (Enhanced Violence, Hack)	2012	hack
mslug3x	Run & gun	1	horizontal		Metal Slug 3X - Complete Collection (Hack)	2022	WillNie
mslug3zh	Run & gun	2	horizontal	mslug3	Metal Slug 3 (Vehicle Summon, Hack)	2017	hack
mslug4	Run & gun	2	horizontal		Metal Slug 4 (NGM-2630)	2002	Mega / Noise Factory / Playmore
mslug4a	Run & gun	2	horizontal	mslug4	Metal Slug 4 (20th Anniversary, Hack)	2021	hack
mslug4ar	Run & gun	2	horizontal	mslug4	Metal Slug 4 (Random Ammunition, Hack)	2023	hack
mslug4c	Run & gun	2	horizontal	mslug4	Metal Slug 4 (Enemy Remix, Hack)	2020	hack
mslug4cqi	Run & gun	2	horizontal	mslug4	Metal Slug 4 (Legendary Unlimited Fire v7.0, Hack)	2025	AKS & Sakura
mslug4dd	Run & gun	2	horizontal	mslug4	Metal Slug 4 (Starlight, Hack)	2022	hack
mslug4dg	Run & gun	2	horizontal	mslug4	Metal Slug 4 (Multifunction, Hack)	2017	hack
mslug4fd	Run & gun	2	horizontal	mslug4	Metal Slug 4 (Fully Decrypted)	2002	Mega / Noise Factory / Playmore
mslug4h	Run & gun	2	horizontal	mslug4	Metal Slug 4 (NGH-2630)	2002	Mega / Noise Factory / Playmore
mslug4ki	Run & gun	2	horizontal	mslug4	Metal Slug 4 (Komorebi, Hack)	2022	hack
mslug4lq	Run & gun	2	horizontal	mslug4	Metal Slug 4 (Last Bullet Remix - Without body armor, Hack)	2023	hack
mslug4lw	Run & gun	2	horizontal	mslug4	Metal Slug 4 (Last Bullet Remix, Hack)	2023	hack
mslug4q	Run & gun	2	horizontal	mslug4	Metal Slug 4 (The Longest Battle, Hack)	2022	hack
mslug4unity	Run & gun	2	horizontal	mslug4	Metal Slug 4 Unity (Added Timer Ver. 2021-01-30)	2021	hack
mslug5	Run & gun	2	horizontal		Metal Slug 5 (NGM-2680)	2003	SNK Playmore
mslug5ae	Run & gun	2	horizontal	mslug5	Metal Slug 5 (20th Anniversary, Hack)	2024	hack
mslug5ar	Run & gun	2	horizontal	mslug5	Metal Slug 5 (Random Ammunition, Hack)	2025	hack
mslug5b	Run & gun	2	horizontal	mslug5	Metal Slug 5 (bootleg, set 1)	2003	bootleg
mslug5b2	Run & gun	2	horizontal	mslug5	Metal Slug 5 (bootleg, set 2)	2003	bootleg
mslug5bs	Run & gun	2	horizontal	mslug5	Metal Slug 5 (Boss Battles, Hack)	2024	hack
mslug5c	Run & gun	2	horizontal	mslug5	Metal Slug 5 (Enemy Remix, Hack)	2019	hack
mslug5cqi	Run & gun	2	horizontal	mslug5	Metal Slug 5 (Legendary Unlimited Fire v7.5, Hack)	2025	AKS & Sakura
mslug5db	Run & gun	2	horizontal	mslug5	Metal Slug 5 (Enemy Enhance, Hack)	2022	hack
mslug5dd	Run & gun	2	horizontal	mslug5	Metal Slug 5 (Starlight, Hack)	2022	hack
mslug5dg	Run & gun	2	horizontal	mslug5	Metal Slug 5 (Multifunction, Hack)	2017	hack
mslug5es	Run & gun	2	horizontal	mslug5	Metal Slug 5 (The Longest Battle, Hack)	2023	hack
mslug5ex	Run & gun	2	horizontal	mslug5	Metal Slug 5 (Extend v1.2, Hack)	2022	hack
mslug5f	Run & gun	2	horizontal	mslug5	Metal Slug 5 (Fierce Battle, Hack)	2015	hack
mslug5fd	Run & gun	2	horizontal	mslug5	Metal Slug 5 (Fully Decrypted)	2003	SNK Playmore
mslug5h	Run & gun	2	horizontal	mslug5	Metal Slug 5 (NGH-2680)	2003	SNK Playmore
mslug5ki	Run & gun	2	horizontal	mslug5	Metal Slug 5 (Komorebi, Hack)	2022	hack
mslug5mg	Run & gun	2	horizontal	mslug5	Metal Slug 5 (Devil Enemy Remix, Hack)	2019	hack
mslug5nd	Run & gun	2	horizontal	mslug5	Metal Slug 5 (Not Encrypted)	2003	SNK Playmore
mslug5sc	Run & gun	2	horizontal	mslug5	Metal Slug 5 (Survival, Hack)	2023	hack
mslug5sg	Run & gun	2	horizontal	mslug5	Metal Slug 5 (Stone Turtle, Hack)	2024	hack
mslug5unity	Run & gun	2	horizontal	mslug5	Metal Slug 5 Unity (Added Timer Ver. 2021-04-23)	2021	hack
mslug5w	Run & gun	2	horizontal	mslug5	Metal Slug 5 (New Battle, Hack)	2015	hack
mslug5x	Run & gun	2	horizontal	mslug5	Metal Slug 5 (X, Hack)	2022	hack
mslug5zh	Run & gun	2	horizontal	mslug5	Metal Slug 5 (Vehicle Summon, Hack)	2018	hack
mslugdg	Run & gun	2	horizontal	mslug	Metal Slug - Super Vehicle-001 (Multifunction, Hack)	2018	hack
mslugdyf2	Run & gun	2	horizontal	mslug	Metal Slug - Super Vehicle-001 (Origins Item Random v2, Hack)	2025	Alice
mslugfc1	Run & gun	2	horizontal	mslug	Metal Slug - Super Vehicle-001 (Random Item, Hack)	2024	Alice
mslugfc2	Run & gun	2	horizontal	mslug	Metal Slug - Super Vehicle-001 (Random Item & Powerful Enemy Defense, Hack)	2024	Alice
mslugfs	Run & gun	2	horizontal	mslug	Metal Slug - Super Vehicle-001 (Firepower Showdown, Hack)	2024	hack
mslugqy	Run & gun	2	horizontal	mslug	Metal Slug - Super Vehicle-001 (Origins, Hack)	2025	AKS & Sakura
mslugunity	Run & gun	2	horizontal	mslug	Metal Slug Unity (Added Timer Ver. 2021-02-05)	2021	hack
mslugx	Run & gun	2	horizontal		Metal Slug X - Super Vehicle-001 (NGM-2500 ~ NGH-2500)	1999	SNK
mslugx2r	Run & gun	2	horizontal	mslugx	Metal Slug X - Super Vehicle-001 (2R, Hack)	2020	hack
mslugxc1	Run & gun	2	horizontal	mslugx	Metal Slug X - Super Vehicle-001 (Multi Vehicle, Hack)	2013	hack
mslugxc2	Run & gun	2	horizontal	mslugx	Metal Slug X - Super Vehicle-001 (Enemy Remix, Hack)	2013	hack
mslugxcq	Run & gun	2	horizontal	mslugx	Metal Slug X - Super Vehicle-001 (Legend, Hack)	2024	hack
mslugxcqi	Run & gun	2	horizontal	mslugx	Metal Slug X - Super Vehicle-001 (Legendary Unlimited Fire v7.5, Hack)	2025	hack (AKS & Sakura)
mslugxdd	Run & gun	2	horizontal	mslugx	Metal Slug X - Super Vehicle-001 (Starlight, Hack)	2022	hack
mslugxdg	Run & gun	2	horizontal	mslugx	Metal Slug X - Super Vehicle-001 (Multifunction, Hack)	2023	hack
mslugxeb	Run & gun	2	horizontal	mslugx	Metal Slug X - Super Vehicle-001 (Blue, Hack)	2016	hack
mslugxif	Run & gun	2	horizontal	mslugx	Metal Slug X - Super Vehicle-001 (Infinite Firepower, Hack)	2021	hack
mslugxlb	Run & gun	2	horizontal	mslugx	Metal Slug X - Super Vehicle-001 (Extreme Space, Hack)	2015	hack
mslugxsc	Run & gun	2	horizontal	mslugx	Metal Slug X - Super Vehicle-001 (Survival, Hack)	2023	hack
mslugxsv	Run & gun	2	horizontal	mslugx	Metal Slug X - Super Vehicle-001 (Unbounded, Hack)	2021	hack
mslugxunity	Run & gun	2	horizontal	mslugx	Metal Slug X - Super Vehicle-001 Unity (Added Timer Ver. 2021-01-23)	2021	hack
mslugxxb	Run & gun	2	horizontal	mslugx	Metal Slug X - Super Vehicle-001 (Soldier Version, Hack)	2025	hack
mslugxxr	Run & gun	2	horizontal	mslugx	Metal Slug X - Super Vehicle-001 (Warriors, Hack)	2021	hack
mspackpls	Maze / Action	2	vertical	mspacman	Miss Packman Plus	1983	hack
mspacmab	Maze / Action	2	vertical	mspacman	Ms. Pac-Man (bootleg, set 1)	1981	bootleg
mspacmab2	Maze / Action	2	vertical	mspacman	Ms. Pac-Man (bootleg, set 2)	1981	bootleg
mspacmab3	Maze / Action	2	vertical	puckman	Ms. Pac-Man (bootleg, set 3)	1981	bootleg
mspacmab4	Maze / Action	2	vertical	mspacman	Ms. Pac-Man (bootleg, set 4)	1981	bootleg
mspacmab5	Maze / Action	2	vertical	puckman	Ms. Pac-Man (bootleg, set 5)	1981	bootleg
mspacman	Maze / Action	2	vertical		Ms. Pac-Man	1981	Midway / General Computer Corporation
mspacmanbcc	Maze / Action	2	vertical	mspacman	Come-Cocos (Ms. Pac-Man) ('Made in Greece' Tecnausa bootleg)	1991	bootleg (Tecnausa)
mspacmanbco	Maze / Action	2	vertical	mspacman	Come-Cocos (Ms. Pac-Man) (Cocamatic bootleg)	1992	bootleg (Cocamatic)
mspacmanbg	Maze / Action	2	vertical	mspacman	Ms. Pac-Man ('Made in Greece' bootleg, set 1)	198?	bootleg
mspacmanbg2	Maze / Action	2	vertical	mspacman	Ms. Pac-Man ('Made in Greece' bootleg, set 2)	1997	bootleg
mspacmanbgc	Maze / Action	2	vertical	mspacman	Ms. Pac-Man ('Made in Greece' Enavi bootleg)	1992	bootleg (Enavi)
mspacmanbgd	Maze / Action	2	vertical	mspacman	Miss Pukman ('Made in Greece' Datamat bootleg)	1992	bootleg (Datamat)
mspacmanbgf	Maze / Action	2	vertical	mspacman	Mr Pac-Turbo ('Made in Greece' Fermin bootleg)	1988	bootleg (Fermin)
mspacmanbhe	Maze / Action	2	vertical	mspacman	Come-Cocos (Ms. Pac-Man) ('Made in Greece' Herle SA bootleg)	1991	bootleg (Herle SA)
mspacmanbi	Maze / Action	2	vertical	mspacman	Ms. Pac-Man (Impeuropex bootleg)	1993	bootleg (Impeuropex)
mspacmanblt	Maze / Action	2	vertical	mspacman	Come-Cocos (Ms. Pac-Man) ('Made in Greece' Triunvi bootleg, set 1)	1992	bootleg (Triunvi)
mspacmanblt2	Maze / Action	2	vertical	mspacman	Come-Cocos (Ms. Pac-Man) ('Made in Greece' Triunvi bootleg, set 2)	1992	bootleg (Triunvi)
mspacmanblt3	Maze / Action	2	vertical	mspacman	Come-Cocos (Ms. Pac-Man) ('Made in Greece' Triunvi bootleg, set 3)	1992	bootleg (Triunvi)
mspacmane	Maze / Action	2	vertical	mspacman	Ms. Pac-Man (Elmac bootleg, earlier)	1983	bootleg (Elmac)
mspacmane2	Maze / Action	2	vertical	mspacman	Ms. Pac-Man (Elmac bootleg, later)	1984	bootleg (Elmac)
mspacmanlai	Maze / Action	2	vertical	mspacman	Ms. Pac-Man (Leisure and Allied bootleg)	1982	bootleg (Leisure and Allied)
mspacmap	Maze / Action	2	vertical	mspacman	Ms. Pac-Man (Patched)	2007	Hack (Don Hodges)
mspacmat	Maze / Action	2	vertical	mspacman	Ms. Pac Attack	1981	hack
mspacmbe	Maze / Action	2	vertical	mspacman	Ms. Pac-Man (bootleg, encrypted)	1981	bootleg
mspacmbmc	Maze / Action	2	vertical	mspacman	Ms. Pac-Man (Marti Colls bootleg)	1982	bootleg (Marti Colls)
mspacmnf	Maze / Action	2	vertical	mspacman	Ms. Pac-Man (speedup hack)	1981	hack
mspacpls	Maze / Action	2	vertical	mspacman	Ms. Pac-Man Plus	1981?	hack
mspactwin	Maze / Action	2	vertical		Ms Pac Man Twin (Argentina, set 1)	1992	hack (Susilu)
mspactwina	Maze / Action	2	vertical	mspactwin	Ms Pac Man Twin (Argentina, set 2)	1992	hack (Susilu)
mspuzzle	Puzzle	2	vertical		Miss Puzzle	1994	Min Corp.
mspuzzlea	Puzzle	2	vertical	mspuzzle	Miss Puzzle (Nudes, less explicit)	1994	Min Corp.
mspuzzleb	Puzzle	2	vertical	mspuzzle	Miss Puzzle (Nudes, more explicit)	1994	Min Corp.
mspuzzleg	Puzzle	2	horizontal	gumbo	Miss Puzzle (Clone of Gumbo)	1994	Min Corp.
msqyfc1	Run & gun	2	horizontal	mslug	Metal Slug - Super Vehicle-001 (Origins Item Random, Hack)	2024	Alice
mstadium	Sports	2	horizontal	bottom9	Main Stadium (Japan)	1989	Konami
mstworld	Puzzle	2	horizontal		Monsters World (bootleg of Super Pang)	1994	bootleg (TCH)
msword	Beat 'em up	2	horizontal		Magic Sword: Heroic Fantasy (World 900725)	1990	Capcom
mswordj	Beat 'em up	2	horizontal	msword	Magic Sword: Heroic Fantasy (Japan 900623)	1990	Capcom
mswordr1	Beat 'em up	2	horizontal	msword	Magic Sword: Heroic Fantasy (World 900623)	1990	Capcom
mswordu	Beat 'em up	2	horizontal	msword	Magic Sword: Heroic Fantasy (USA 900725)	1990	Capcom
msx1v2	Run & gun	2	horizontal	mslugx	Metal Slug X - Super Vehicle-001 (1v2 Mode, Hack)	2019	hack
msx2r1v2	Run & gun	2	horizontal	mslugx	Metal Slug X - Super Vehicle-001 (2R 1v2 Mode, Hack)	2020	hack
msx2reb	Run & gun	2	horizontal	mslugx	Metal Slug X - Super Vehicle-001 (2R Blue, Hack)	2020	hack
msxsrf	Run & gun	2	horizontal	mslugx	Metal Slug X - Super Vehicle-001 (AzStar Soda Remix FC2, Hack)	2021	hack
mtlchamp	Fighting	2	horizontal		Martial Champion (ver EAB)	1993	Konami
mtlchamp1	Fighting	2	horizontal	mtlchamp	Martial Champion (ver EAA)	1993	Konami
mtlchampa	Fighting	2	horizontal	mtlchamp	Martial Champion (ver AAA)	1993	Konami
mtlchampj	Fighting	2	horizontal	mtlchamp	Martial Champion (ver JAA)	1993	Konami
mtlchampu	Fighting	2	horizontal	mtlchamp	Martial Champion (ver UAE)	1993	Konami
mtlchampu1	Fighting	2	horizontal	mtlchamp	Martial Champion (ver UAD)	1993	Konami
mtrap	Action / Maze	2	horizontal		Mouse Trap (version 5)	1981	Exidy
mtrap2	Action / Maze	2	horizontal	mtrap	Mouse Trap (version 2)	1981	Exidy
mtrap3	Action / Maze	2	horizontal	mtrap	Mouse Trap (version 3)	1981	Exidy
mtrap4	Action / Maze	2	horizontal	mtrap	Mouse Trap (version 4)	1981	Exidy
mtrap4g	Action / Maze	2	horizontal	mtrap	Mouse Trap (German, version 4)	1981	Exidy
mtrapb	Action / Maze	2	horizontal	mtrap	Mouse Trap (bootleg)	1981	bootleg
mtrapb2	Action / Maze	2	horizontal	mtrap	Mouse Trap (version 4, bootleg)	1981	bootleg
mtwins	Platform	2	horizontal		Mega Twins (World 900619)	1990	Capcom
mtwinsb	Platform	2	horizontal	mtwins	Twins (bootleg of Mega Twins)	1993	David Inc. (bootleg)
mugsmash	Beat 'em up	2	horizontal		Mug Smashers	1990?	Electronic Devices Italy / 3D Games England
multchmp	Mini-games	2	horizontal		Multi Champ (World, ver. 9.6)	1999	ESD
multchmp25	Mini-games	2	horizontal	multchmp	Multi Champ (World, ver. 2.5)	1999	ESD
multchmpa	Mini-games	2	horizontal	multchmp	Multi Champ (World, older)	1998	ESD
multchmpk	Mini-games	2	horizontal	multchmp	Multi Champ (Korea, older)	1998	ESD
multi96	Mini-games	2	horizontal	twinadv	Multi Game '96 (Italy)	1996	Barko Corp.
musclem	Mini-games	1	horizontal		Muscle Master	1997	Inter Geo
mushisam	Vertical shooter	2	vertical		Mushihime-Sama (2004/10/12.MASTER VER.)	2004	Cave (AMI license)
mushisama	Vertical shooter	2	vertical	mushisam	Mushihime-Sama (2004/10/12 MASTER VER.)	2004	Cave (AMI license)
mushisamb	Vertical shooter	2	vertical	mushisam	Mushihime-Sama (2004/10/12 MASTER VER)	2004	Cave (AMI license)
mushitam	Puzzle	2	horizontal		Puzzle! Mushihime-Tama (2005/09/09.MASTER VER)	2005	Cave (AMI license)
mushitama	Puzzle	2	horizontal	mushitam	Puzzle! Mushihime-Tama (2005/09/09 MASTER VER)	2005	Cave (AMI license)
musicbal	Pinball	2	vertical		Music Ball	1988	Tecfri / Desystem S.A.
mustache	Maze	2	vertical		Mustache Boy (Japan)	1987	Seibu Kaihatsu (March license)
mustachei	Maze	2	vertical	mustache	Mustache Boy (Italy)	1987	Seibu Kaihatsu (International Games license)
mustang	Horizontal shooter	2	horizontal		US AAF Mustang (25th May. 1990)	1990	UPL
mustangb	Horizontal shooter	2	horizontal	mustang	US AAF Mustang (bootleg, set 1)	1990	bootleg
mustangb2	Horizontal shooter	2	horizontal	mustang	US AAF Mustang (TAB Austria bootleg)	1990	bootleg (TAB Austria)
mustangs	Horizontal shooter	2	horizontal	mustang	US AAF Mustang (25th May. 1990 / Seoul Trading)	1990	UPL (Seoul Trading license)
mutantf	Fighting	2	horizontal		Mutant Fighter (World ver EM-5)	1991	Data East Corporation
mutantf1	Fighting	2	horizontal	mutantf	Heroes (World ver EM-1)	1991	Data East Corporation
mutantf2	Fighting	2	horizontal	mutantf	Mutant Fighter (World ver EM-2)	1991	Data East Corporation
mutantf3	Fighting	2	horizontal	mutantf	Mutant Fighter (World ver EM-3)	1991	Data East Corporation
mutantf4	Fighting	2	horizontal	mutantf	Mutant Fighter (World ver EM-4)	1991	Data East Corporation
mutnat	Beat 'em up	2	horizontal		Mutation Nation (NGM-014 ~ NGH-014)	1992	SNK
mvp	Sports	2	horizontal		MVP (set 2, US) (FD1094 317-0143)	1989	Sega
mvpd	Sports	2	horizontal	mvp	MVP (set 2, US) (bootleg of FD1094 317-0143 set)	1989	bootleg
mvpj	Sports	2	horizontal	mvp	MVP (set 1, Japan) (FD1094 317-0142)	1989	Sega
mvpjd	Sports	2	horizontal	mvp	MVP (set 1, Japan) (bootleg of FD1094 317-0142 set)	1989	bootleg
mvsc	Fighting	2	horizontal		Marvel Vs. Capcom: Clash of Super Heroes (Europe 980123)	1998	Capcom
mvsca	Fighting	2	horizontal	mvsc	Marvel Vs. Capcom: Clash of Super Heroes (Asia 980123)	1998	Capcom
mvscar1	Fighting	2	horizontal	mvsc	Marvel Vs. Capcom: Clash of Super Heroes (Asia 980112)	1998	Capcom
mvscb	Fighting	2	horizontal	mvsc	Marvel Vs. Capcom: Clash of Super Heroes (Brazil 980123)	1998	Capcom
mvscbh	Fighting	2	horizontal	mvsc	Marvel Vs. Capcom: Clash of Super Heroes (Boss Hack)	1998	0 DAY-S[EGCG]
mvscem	Fighting	2	horizontal	mvsc	Marvel Vs. Capcom: Clash of Super Heroes (Easy Moves, Hack)	2009	hack
mvsch	Fighting	2	horizontal	mvsc	Marvel Vs. Capcom: Clash of Super Heroes (Hispanic 980123)	1998	Capcom
mvscj	Fighting	2	horizontal	mvsc	Marvel Vs. Capcom: Clash of Super Heroes (Japan 980123)	1998	Capcom
mvscjr1	Fighting	2	horizontal	mvsc	Marvel Vs. Capcom: Clash of Super Heroes (Japan 980112)	1998	Capcom
mvscjsing	Fighting	2	horizontal	mvsc	Marvel Vs. Capcom: Clash of Super Heroes (Japan 980123) (Single PCB)	1998	Capcom
mvscr1	Fighting	2	horizontal	mvsc	Marvel Vs. Capcom: Clash of Super Heroes (Europe 980112)	1998	Capcom
mvscu	Fighting	2	horizontal	mvsc	Marvel Vs. Capcom: Clash of Super Heroes (USA 980123)	1998	Capcom
mvscud	Fighting	2	horizontal	mvsc	Marvel Vs. Capcom: Clash of Super Heroes (USA 980123 Phoenix Edition) (bootleg)	1998	bootleg
mvscur1	Fighting	2	horizontal	mvsc	Marvel Vs. Capcom: Clash of Super Heroes (USA 971222)	1998	Capcom
mwalk	Platform	3	horizontal		Michael Jackson's Moonwalker (World) (FD1094/8751 317-0159)	1990	Sega
mwalkbl2	Platform	3	horizontal	mwalk	Michael Jackson's Moonwalker (bootleg)	1990	bootleg
mwalkd	Platform	3	horizontal	mwalk	Michael Jackson's Moonwalker (World) (bootleg of FD1094/8751 317-0159 set)	1990	bootleg
mwalkj	Platform	3	horizontal	mwalk	Michael Jackson's Moonwalker (Japan) (FD1094/8751 317-0157)	1990	Sega
mwalkjd	Platform	3	horizontal	mwalk	Michael Jackson's Moonwalker (Japan) (bootleg of FD1094/8751 317-0157 set)	1990	bootleg
mwalku	Platform	3	horizontal	mwalk	Michael Jackson's Moonwalker (US) (FD1094/8751 317-0158)	1990	Sega
mwalkud	Platform	3	horizontal	mwalk	Michael Jackson's Moonwalker (US) (bootleg of FD1094/8751 317-0158 set)	1990	bootleg
mwarr	Fighting	2	horizontal		Mighty Warriors (24/1)	199?	Elettronica Video-Games
mx5000	Vertical shooter	2	vertical		MX5000 (version U)	1987	Konami
mx5000r	Vertical shooter	2	vertical	mx5000	MX5000 (version R)	1987	Konami
myangel	Quiz	2	horizontal		Kosodate Quiz My Angel (Japan)	1996	MOSS / Namco
myangel2	Quiz	2	horizontal		Kosodate Quiz My Angel 2 (Japan)	1997	MOSS / Namco
myhero	Platform	2	horizontal		My Hero (US, not encrypted)	1985	Coreland / Sega
myherobl	Platform	2	horizontal	myhero	My Hero (bootleg, 315-5132 encryption)	1985	bootleg
myherok	Platform	2	horizontal	myhero	Cheongchun Ilbeonji (Korea)	1985	Coreland / Sega
myqbert	Action	2	vertical	qbert	Mello Yello Q*bert	1982	Gottlieb
mysticri	Horizontal shooter	2	horizontal		Mystic Riders (World)	1992	Irem
mysticrib	Horizontal shooter	2	horizontal	mysticri	Mystic Riders (bootleg?)	1992	Irem
mystston	Maze	2	vertical		Mysterious Stones - Dr. John's Adventure	1984	Technos Japan
myststono	Maze	2	vertical	mystston	Mysterious Stones - Dr. Kick in Adventure	1984	Technos Japan
myststonoi	Maze	2	vertical	mystston	Mysterious Stones - Dr. Kick in Adventure (Itisa PCB)	1984	Technos Japan
mystwarr	Beat 'em up	4	horizontal		Mystic Warriors (ver EAA)	1993	Konami
mystwarra	Beat 'em up	4	horizontal	mystwarr	Mystic Warriors (ver AAB)	1993	Konami
mystwarraa	Beat 'em up	4	horizontal	mystwarr	Mystic Warriors (ver AAA)	1993	Konami
mystwarrj	Beat 'em up	4	horizontal	mystwarr	Mystic Warriors (ver JAA)	1993	Konami
mystwarru	Beat 'em up	4	horizontal	mystwarr	Mystic Warriors (ver UAA)	1993	Konami
nam1975	Shooter	2	horizontal		NAM-1975 (NGM-001 ~ NGH-001)	1990	SNK
namenayo	Action	2	horizontal		Namennayo (Japan)	1982	Cat's
naname	Puzzle	2	horizontal		Naname de Magic! (Japan)	1994	Atlus
narc	Run & gun	2	horizontal		Narc (rev 7.00)	1988	Williams
narc1	Run & gun	2	horizontal	narc	Narc (rev 1.80)	1988	Williams
narc2	Run & gun	2	horizontal	narc	Narc (rev 2.00)	1988	Williams
narc3	Run & gun	2	horizontal	narc	Narc (rev 3.20)	1988	Williams
narc4	Run & gun	2	horizontal	narc	Narc (rev 4.00)	1988	Williams
narc6	Run & gun	2	horizontal	narc	Narc (rev 6.00)	1988	Williams
nastar	Beat 'em up	2	horizontal		Nastar (World)	1988	Taito Corporation Japan
nastarw	Beat 'em up	2	horizontal	nastar	Nastar Warrior (US)	1988	Taito America Corporation
natodef	Maze / Shooter	2	horizontal		NATO Defense	1982	Pacific Novelty
natodefa	Maze / Shooter	2	horizontal	natodef	NATO Defense (alternate mazes)	1982	Pacific Novelty
naughtyb	Action	2	vertical		Naughty Boy	1982	Jaleco
naughtyba	Action	2	vertical	naughtyb	Naughty Boy (bootleg, set 1)	1982	bootleg
naughtybb	Action	2	vertical	naughtyb	Naughty Boy (bootleg, set 2)	1982	bootleg
naughtybc	Action	2	vertical	naughtyb	Naughty Boy (Cinematronics)	1982	Jaleco (Cinematronics license)
navarone	Shooter	2	vertical		Navarone	1980	Namco
nbahangt	Sports	4	horizontal		NBA Hangtime (ver L1.3 10/10/96)	1996	Midway
nbahangtl11	Sports	4	horizontal	nbahangt	NBA Hangtime (ver L1.1 4/16/96)	1996	Midway
nbahangtl12	Sports	4	horizontal	nbahangt	NBA Hangtime (ver L1.2 8/29/96)	1996	Midway
nbahangtm11	Sports	4	horizontal	nbahangt	NBA Hangtime (ver M1.1 4/16/96)	1996	Midway
nbahangtm12	Sports	4	horizontal	nbahangt	NBA Hangtime (ver M1.2 8/29/96)	1996	Midway
nbahangtm13	Sports	4	horizontal	nbahangt	NBA Hangtime (ver M1.3 10/10/96)	1996	Midway
nbajam	Sports	4	horizontal		NBA Jam (rev 3.01 4/07/93)	1993	Midway
nbajamp1	Sports	4	horizontal	nbajam	NBA Jam (proto v 1.01 1/23/93)	1993	Midway
nbajamp2	Sports	4	horizontal	nbajam	NBA Jam (proto v 2.00 1/24/93)	1993	Midway
nbajamr1	Sports	4	horizontal	nbajam	NBA Jam (rev 1.00 2/1/93)	1993	Midway
nbajamr2	Sports	4	horizontal	nbajam	NBA Jam (rev 2.00 2/10/93)	1993	Midway
nbajamr4j	Sports	4	horizontal	nbajamte	NBA Rewind 4 Jam (protection hack, v1.2)	2023	hack
nbajamre	Sports	4	horizontal	nbajamte	NBA Jam Rewind (Hack, v1.1)	2022	hack
nbajamse	Sports	4	horizontal	nbajamte	NBA Jam Special Edition (Wolf-Unit, rev 5.05 12/23/25)	2025	hack (Team Jam)
nbajamse502	Sports	4	horizontal	nbajamte	NBA JAM Special Edition (T-Unit, rev 5.02 4/26/25)	2025	hack (Team Jam)
nbajamte	Sports	4	horizontal		NBA Jam Tournament Edition (rev 4.0 3/23/94)	1994	Midway
nbajamte1	Sports	4	horizontal	nbajamte	NBA Jam Tournament Edition (rev 1.00 1/17/94)	1994	Midway
nbajamte2	Sports	4	horizontal	nbajamte	NBA Jam Tournament Edition (rev 2.1 2/06/94)	1994	Midway
nbajamte2a	Sports	4	horizontal	nbajamte	NBA Jam Tournament Edition (rev 2.0 1/28/94)	1994	Midway
nbajamte3	Sports	4	horizontal	nbajamte	NBA Jam Tournament Edition (rev 3.0 3/04/94)	1994	Midway
nbajamte3a	Sports	4	horizontal	nbajamte	NBA Jam Tournament Edition (rev 3.0 2/26/94)	1994	Midway
nbajamte4	Sports	4	horizontal	nbajamte	NBA Jam Tournament Edition (rev 4.0 3/03/94)	1994	Midway
nbajamten	Sports	4	horizontal	nbajamte	NBA Jam Tournament Edition (Nani Edition, rev 5.2 8/11/95, prototype)	1995	Midway
nbajamtep2	Sports	4	horizontal	nbajamte	NBA Jam Tournament Edition (proto 2.00 12/17/93)	1993	Midway
nbamht	Sports	4	horizontal	nbahangt	NBA Maximum Hangtime (ver L1.03 06/09/97)	1996	Midway
nbamhtl10	Sports	4	horizontal	nbahangt	NBA Maximum Hangtime (ver L1.0 11/08/96)	1996	Midway
nbamhtm10	Sports	4	horizontal	nbahangt	NBA Maximum Hangtime (ver M1.0 11/08/96)	1996	Midway
nbamhtp	Sports	4	horizontal	nbahangt	NBA Maximum Hangtime (ver L0.9 10/30/96)	1996	Midway
nbamhtx	Sports	4	horizontal	nbahangt	NBA Super Maximum Hangtime (Custom Rebuild 07/02/26)	2026	hack
nbbat1v2	Beat 'em up	4	horizontal	nbbatman	Ninja Baseball Batman (1v2, Hack)	2020	hack
nbbat1v4	Beat 'em up	4	horizontal	nbbatman	Ninja Baseball Batman (1v4, Hack)	2020	hack
nbbat1v8	Beat 'em up	4	horizontal	nbbatman	Ninja Baseball Batman (1v8, Hack)	2020	hack
nbbatman	Beat 'em up	4	horizontal		Ninja Baseball Bat Man (World)	1993	Irem
nbbatmano	Beat 'em up	4	horizontal	nbbatman	Ninja Baseball Batman (One Key Edition, Hack)	2020	hack
nbbatmanu	Beat 'em up	4	horizontal	nbbatman	Ninja Baseball Bat Man (US)	1993	Irem America
nbbatmbh	Beat 'em up	4	horizontal	nbbatman	Ninja Baseball Batman (Transform, Hack)	2016	hack
nbbatmx2	Beat 'em up	4	horizontal	nbbatman	Ninja Baseball Batman (X2, Hack)	2018	hack
nblktiger	Run & gun / Platform	1	horizontal		Neo Black Tiger (HB, Demo)	2020	OzzyOuzo
ncombat	Beat 'em up	2	horizontal		Ninja Combat (NGM-009)	1990	Alpha Denshi Co.
ncombath	Beat 'em up	2	horizontal	ncombat	Ninja Combat (NGH-009)	1990	Alpha Denshi Co.
ncommand	Vertical shooter	2	horizontal		Ninja Commando	1992	Alpha Denshi Co.
nebulbee	Vertical shooter	2	vertical	galaga	Nebulous Bee	1981	bootleg
nebulray	Vertical shooter	2	vertical		Nebulas Ray (World, NR2)	1994	Namco
nebulrayj	Vertical shooter	2	vertical	nebulray	Nebulas Ray (Japan, NR1)	1994	Namco
neckneck	Misc	2	horizontal		Neck-n-Neck (v1.2)	1992	Bundra Games / Incredible Technologies
nemesis	Horizontal shooter	2	horizontal		Nemesis (ROM version)	1985	Konami
nemesisuk	Horizontal shooter	2	horizontal	nemesis	Nemesis (World?, ROM version)	1985	Konami
nemo	Platform	2	horizontal		Nemo (World 901130)	1990	Capcom
nemoj	Platform	2	horizontal	nemo	Nemo (Japan 901120, 88622B-3 ROM board)	1990	Capcom
nemoja	Platform	2	horizontal	nemo	Nemo (Japan 901120, 89625B-1 ROM board)	1990	Capcom
nemor1	Platform	2	horizontal	nemo	Nemo (World 901109)	1990	Capcom
neo2048	Puzzle	1	horizontal		Neo 2048 (HB)	2021	Nicole Express
neo2500	Misc	2	horizontal		Neo 2500 Demo	2004	blastar@gmx.net
neo3ddmo	Misc	1	horizontal		NeoGeo 3D! (HB, Demo)	2012	Oxygene
neobattl	Vertical shooter	2	vertical		SD Gundam Neo Battling (Japan)	1992	Banpresto
neobombe	Maze	2	horizontal		Neo Bomberman	1997	Hudson
neocdz	Misc	2	horizontal		Neo Geo CDZ system	1996	SNK
neocstlv	Misc	1	horizontal		Neo CastleVania (HB, Demo)	2004	Barf/BarfHappy
neocup98	Football	2	horizontal		Neo-Geo Cup '98 - The Road to the Victory	1998	SNK
neodemo	Misc	2	horizontal		Chaos Demo (Neo Geo)	2002	Chaos
neodrift	Racing	2	horizontal		Neo Drift Out - New Technology	1996	Visco
neogalag	Misc	1	horizontal		Galaga Demo (HB, set 1)	2013	Cristiano Bei/www.iocerom.com
neogalaga	Misc	1	horizontal	neogalag	Galaga Demo (HB, set 2)	2013	Cristiano Bei/www.iocerom.com
neogeo	Misc	2	horizontal		Neo Geo MVS system	1990	SNK
neomrdo	Maze	2	horizontal		Neo Mr. Do!	1996	Visco
neonopon	Puzzle	2	horizontal		Neo No Panepon (HB, beta)	20??	blastar@gmx.net
neopang	Ball & paddle	2	horizontal		Neo Pang (HB)	2010	CeL
neopong	Ball & paddle	2	horizontal		Neo Pong (HB, v1.1)	2002	Neo Dev Corporation
neoponga	Ball & paddle	2	horizontal	neopong	Neo Pong (HB, v1.0)	2002	Neo Dev Corporation
neoprimo	Misc	1	horizontal		Primo (HB, Demo)	2013	iocerom.com
neotet	Puzzle	2	horizontal		NeoGeo 2-Player Tetris (HB)	2013	Crim/Stephen
neothndr	Horizontal shooter	1	horizontal		Neo Thunder (HB)	2012	Sebastian Mihai
neotris	Puzzle	4	horizontal		NeoTRIS (HB, Free Beta 2, ver. 202009)	2020	Chipsonsteroids
neoww2	Misc	1	horizontal		WW2 - Arcade Development Project (HB, Demo)	2012	Charles DOTY/RasterSoft
netwars	Shooter	2	vertical		Net Wars	1983	Orca (Esco Trading Co license)
newapunk	Maze	2	horizontal	bbmanw	New Atomic Punk - Global Quest (US)	1992	Irem America
newfant	Puzzle	2	vertical		New Fantasia (1995 copyright)	1995	Comad & New Japan System
newfanta	Puzzle	2	vertical	newfant	New Fantasia (1994 copyright)	1994	Comad & New Japan System
newpuc2	Maze / Action	2	vertical	puckman	Newpuc2 (set 1)	1980	hack
newpuc2b	Maze / Action	2	vertical	puckman	Newpuc2 (set 2)	1980	hack
newpuckx	Maze / Action	2	vertical	puckman	New Puck-X	1980	hack
news	Puzzle	1	horizontal		News (set 1)	1993	Poby / Virus
newsa	Puzzle	1	horizontal	news	News (set 2)	1993	Poby
newsin7	Maze	2	vertical		New Sinbad 7 (set 1)	1983	ATW USA, Inc.
newtangl	Sports / Action	2	horizontal	troangel	New Tropical Angel	1983	Irem
newxpang	Puzzle	2	horizontal		New Cross Pang (set 1)	1999	F2 System
newxpanga	Puzzle	2	horizontal	newxpang	New Cross Pang (set 2)	1999	F2 System
nextcent	Horizontal shooter	2	horizontal	defender	Next Century (bootleg of Defender)	1981	bootleg (Petaco)
nextfase	Shooter	2	vertical	phoenix	Next Fase (bootleg of Phoenix)	1981	bootleg (Petaco S.A.)
ng_mv1	Misc	0	horizontal		Neo Geo (MV-1)	1990	SNK
ng_mv1f	Misc	0	horizontal	ng_mv1	Neo Geo (MV-1F)	1990	SNK
ng_mv1fz	Misc	0	horizontal	ng_mv1	Neo Geo (MV-1FZ)	1990	SNK
ng_mv2f	Misc	0	horizontal		Neo Geo (MV-2F)	1990	SNK
ng_mv4f	Misc	0	horizontal		Neo Geo (MV-4F)	1990	SNK
ngcdtdd0	Platform	1	horizontal		NeoGeo/CD Jump & Run Techdemo Dez 2020 (HB, ver. 20201212)	2020	Blastar
ngem2k	Puzzle	2	horizontal		NGEM2K (HB, beta 2006-01-18)	2006	homebrew
ngfrog	Action	2	horizontal		Neo Frog Feast (HB)	2006	Rastersoft
ngftdemo	Misc	1	horizontal		NGF Transparency (HB, Demo)	2012	CeL/redarmor.net
ngmontst	Misc	2	horizontal		Monitor Test Patterns Tool (v1.3)	2022	M.Priewe / NeoHomeBrew
ngp_aerialm	Horizontal shooter	1	horizontal		Aerial Mini (HB)	2025	Inufuto
ngp_anotherdih	Vertical shooter	1	horizontal		Another Day in Hell (HB, v1.1)	200x	Thor & Iceman
ngp_anotherdiha	Vertical shooter	1	horizontal	ngp_anotherdih	Another Day in Hell (HB, v1.1, Alt)	200x	Thor & Iceman
ngp_antiairm	Vertical shooter	1	horizontal		AntiAir Mini (HB)	2025	Inufuto
ngp_ascendm	Action / Platform	1	horizontal		Ascend Mini (HB)	2025	Inufuto
ngp_awassm	Platform / Puzzle	1	horizontal		Awass Micro (HB)	2026	Inufuto
ngp_bakumats	Fighting	2	horizontal	ngp_lastblad	Bakumatsu Rouman Tokubetsu Hen (Japan)	2000	SNK
ngp_bam	Puzzle	1	horizontal	ngp_pbobble	Bust-A-Move Pocket (USA)	1999	SNK
ngp_bamp	Puzzle	1	horizontal	ngp_pbobble	Bust-A-Move Pocket (USA, Prototype)	1999	SNK
ngp_barbarian	Fighting	1	horizontal		Barbarian: The Ultimate Warrior (HB)	200x	Loic Julien
ngp_barbinv	Shooter	1	horizontal		Barbarian Invaders (HB, v1.01)	200x	Chris Ahchay
ngp_battlotm	Maze / Run & gun	1	horizontal		Battlot Mini (HB)	2025	Inufuto
ngp_bigbang	Fighting	2	horizontal	ngp_wrestmad	Big Bang Pro Wrestling (Japan)	2000	SNK
ngp_bikkuri	Adventure / Casino	1	horizontal		Bikkuriman 2000: Viva! Pocket Festiva! (Japan)	2000	Sega Toys
ngp_biomotor	RPG	1	horizontal		BioMotor Unitron (Euro, USA)	1999	SNK
ngp_biomotorj	RPG	1	horizontal	ngp_biomotor	BioMotor Unitron (Japan)	1999	SNK - Yumekobo
ngp_bomberman	Maze / Action	1	horizontal		Bomberman (HB, v1.1)	200x	Thor
ngp_bootskellm	Action / Maze	1	horizontal		Bootskell Mini (HB)	2025	Inufuto
ngp_bstars	Sports	2	horizontal		Baseball Stars - Pocket Sports Series (Euro, Japan)	1998	SNK
ngp_bstarsc	Sports	2	horizontal		Baseball Stars Color - Pocket Sports Series (World)	1999	SNK
ngp_cacormm	Action / Maze	1	horizontal		Cacorm Mini (HB)	2025	Inufuto
ngp_cavitm	Action	1	horizontal		Cavit Mini (HB)	2025	Inufuto
ngp_columns	Puzzle	1	horizontal		Columns (HB)	2007	Thor
ngp_coolboar	Sports	1	horizontal		Cool Boarders Pocket (Euro, Japan)	2000	UEP Systems
ngp_coolcool	Action / Adventure	1	horizontal		Cool Cool Jam (Euro, USA, Sample-Demo)	2000	SNK
ngp_coolcoolj	Action / Adventure	1	horizontal	ngp_coolcool	Cool Cool Jam (Japan)	2000	SNK
ngp_cotton	Horizontal shooter	1	horizontal		Fantastic Night Dreams Cotton (Euro)	2000	Success
ngp_cottonj	Horizontal shooter	1	horizontal	ngp_cotton	Fantastic Night Dreams Cotton (Japan)	2000	Success
ngp_crackym	Action / Platform	1	horizontal		Cracky Mini (HB)	2025	Inufuto
ngp_crushrol	Action / Maze	1	horizontal		Crush Roller (World)	1999	SNK - ADK Corp.
ngp_darkarms	RPG	1	horizontal		Dark Arms: Beast Buster 1999 (World)	1999	SNK
ngp_darkarmsp	RPG	1	horizontal	ngp_darkarms	Dark Arms: Beast Buster 1999 (Euro, USA, Prototype)	1999	SNK
ngp_ddmr	Action	1	horizontal		Don't Die, Mr. Robot! (HB, v2.0.3)	2025	Chris Ahchay - Infinite State Games
ngp_deltawrp	Puzzle	1	horizontal		Delta Warp (Japan)	2000	IOSYS Co.
ngp_dendego2	Simulation	1	horizontal		Densha de GO! 2 on Neo Geo Pocket (Japan)	1999	SNK
ngp_dendego2p	Simulation	1	horizontal	ngp_dendego2	Densha de Go! 2 on Neo Geo Pocket (Japan, Prototype)	1999	SNK
ngp_diamondrun	Action / Maze	1	horizontal		Diamond Run (HB)	200x	Ivan Mackintosh
ngp_divealrb	RPG	1	horizontal		Dive Alert: Becky's Version (Euro, USA)	1999	SNK - Sacnoth
ngp_divealrbj	RPG	1	horizontal	ngp_divealrb	Dive Alert: Rebecca Hen (Japan)	1999	SNK - Sacnoth
ngp_divealrm	RPG	1	horizontal		Dive Alert: Matt's Version (Euro, USA)	1999	SNK - Sacnoth
ngp_divealrmj	RPG	1	horizontal	ngp_divealrm	Dive Alert: Barn Hen (Japan)	1999	SNK - Sacnoth
ngp_divealrmjp	RPG	1	horizontal	ngp_divealrm	Dive Alert: Barn Hen (Japan, Prototype)	1999	SNK - Sacnoth
ngp_dodger	Action / Maze	1	horizontal		Dodger (HB)	2007	Ivan Mackintosh
ngp_dokodemo	Mahjong	2	horizontal		Dokodemo Mahjong (Japan)	1999	SNK - ADK Corp.
ngp_dynaslug	Sports	2	horizontal		Dynamite Slugger (Euro, Japan)	2000	SNK - ADK Corp.
ngp_evolutn	Strategy	1	horizontal		Evolution: Eternal Dungeons (Euro)	2000	SNK - ESP.
ngp_evolutnj	Strategy	1	horizontal	ngp_evolutn	Shinki Sekai Evolution: Hateshinai Dungeon (Japan)	2000	SNK - ESP.
ngp_faselei	RPG / Strategy	1	horizontal		Faselei! (Euro)	2000	SNK - Sacnoth
ngp_faseleij	RPG / Strategy	1	horizontal	ngp_faselei	Faselei! (Japan)	1999	SNK - Sacnoth
ngp_fatfury	Fighting	2	horizontal		Fatal Fury F-Contact - Pocket Fighting Series (World)	1999	SNK
ngp_fatfuryd	Fighting	2	horizontal	ngp_fatfury	Fatal Fury F-Contact - Pocket Fighting Series (World, Demo)	1999	SNK
ngp_fruitypalsr	Puzzle	1	horizontal		Fruity Pals' Revenge (HB, v1.2)	2025	Chris Ahchay - Infinite State Games
ngp_ganbaren	Action / Adventure	1	horizontal		Ganbare Neo Poke-kun (Japan)	2000	SNK
ngp_gardenia	Vertical shooter	1	horizontal		Gardenia (HB, v1.4)	2026	Chris Ahchay
ngp_gearsoffate	Puzzle	1	horizontal		Gears of Fate (HB)	2009	Thor
ngp_guntusm	Vertical shooter	1	horizontal		Guntus Mini (HB)	2025	Inufuto
ngp_hanadojo	Mahjong	2	horizontal		Soreike!! Hanafuda Doujou (Japan)	1999	Dyna Corp.
ngp_hopmanm	Platform	1	horizontal		Hopman Mini (HB)	2025	Inufuto
ngp_horatiogsb	Action / Sports	1	horizontal		Horatio Goes Snowboarding (HB)	2026	Chris Ahchay - Infinite State Games
ngp_impetusm	Vertical shooter	1	horizontal		Impetus Mini (HB)	2025	Inufuto
ngp_impetuspm	Vertical shooter	1	horizontal		Impetus+ Micro (HB)	2025	Inufuto
ngp_infinity	Adventure	1	horizontal		Infinity Cure (Japan)	2000	KID
ngp_judgedredd	Adventure	1	horizontal		Judge Dredd in House of Death (HB)	2026	Chris Ahchay
ngp_jurl	Action	1	horizontal		Jurl (HB)	2025	Tonsomo Entertainment
ngp_kikousei	RPG	1	horizontal		Kikou Seiki Unitron: Sono Tsuide. Hikari Umareru Chi Yori. (Japan)	2000	SNK - Yumekobo
ngp_kof_mlon	Adventure / Fighting	2	horizontal		King of Fighters R-1 & Melon-chan no Seichou Nikki (Japan, Prototype)	1998	SNK
ngp_kofpara	Board	2	horizontal		King of Fighters, The: Battle de Paradise (Japan)	2000	SNK
ngp_kofparae	Board	2	horizontal	ngp_kofpara	King of Fighters, The: Battle de Paradise (Hack, English)	2025	marc_max
ngp_kofr1	Fighting	2	horizontal		King of Fighters R-1 - Pocket Fighting Series (Euro, Japan)	1998	SNK
ngp_kofr2	Fighting	2	horizontal		King of Fighters R-2 - Pocket Fighting Series (World)	1999	SNK
ngp_kofr2d	Fighting	2	horizontal	ngp_kofr2	King of Fighters R-2 - Pocket Fighting Series (World, Demo)	1999	SNK
ngp_kofr2d2	Fighting	2	horizontal	ngp_kofr2	King of Fighters R-2 - Pocket Fighting Series (World, Demo v2)	1999	SNK
ngp_koikoi	Mahjong	2	horizontal		Koi Koi Mahjong (Japan)	2000	Visco Corp.
ngp_lastblad	Fighting	2	horizontal		Last Blade, The: Beyond the Destiny (Euro)	2000	SNK
ngp_liftm	Action / Platform	1	horizontal		Lift Mini (HB)	2025	Inufuto
ngp_magdrop	Puzzle	2	horizontal		Magical Drop Pocket (Euro, USA)	1999	SNK
ngp_magdropj	Puzzle	2	horizontal	ngp_magdrop	Magical Drop Pocket (Japan)	1999	Data East
ngp_magdropjd	Puzzle	2	horizontal	ngp_magdrop	Magical Drop Pocket (Japan, Demo)	1999	Data East
ngp_mazy2m	Action / Maze	1	horizontal		Mazy 2 Micro (HB)	2025	Inufuto
ngp_mazym	Action / Maze	1	horizontal		Mazy Mini (HB)	2025	Inufuto
ngp_melonchn	Adventure	1	horizontal		Melon-chan no Seichou Nikki (Japan)	1998	SNK - ADK Corp.
ngp_memories	RPG	1	horizontal		Memories Off: Pure (Japan)	2000	KID
ngp_mezase	Quiz	1	horizontal		Mezase! Kanji Ou (Japan)	2000	SNK
ngp_mieyenm	Action / Maze	1	horizontal		Mieyen Mini (HB)	2025	Inufuto
ngp_mine	Puzzle / Strategy	1	horizontal		Mine (HB)	2000	Ivan Mackintosh
ngp_mizuki	RPG	1	horizontal		Mizuki Shigeru no Youkai Shashinkan (Japan)	1999	SNK
ngp_mminer	Action	1	horizontal		Manic Miner (HB, v1.0)	2001	Lindon Dodd
ngp_mrdo	Action	1	horizontal		Mr. Do! (HB)	200x	Chris Ahchay
ngp_mslug1st	Platform / Run & gun	1	horizontal		Metal Slug: 1st Mission (World)	1999	SNK
ngp_mslug2nd	Platform / Run & gun	1	horizontal		Metal Slug: 2nd Mission (World)	2000	SNK
ngp_mslug2ndd	Platform / Run & gun	1	horizontal	ngp_mslug2nd	Metal Slug: 2nd Mission (World, Demo)	2000	SNK
ngp_neo21	Card / Casino	1	horizontal		Neo 21 - Real Casino Series (World)	2000	Dyna Corp.
ngp_neobacca	Card / Casino	1	horizontal		Neo Baccarat - Real Casino Series (World)	2000	SNK
ngp_neobaccap	Card / Casino	1	horizontal	ngp_neobacca	Neo Baccarat - Real Casino Series (World, Prototype)	2000	SNK
ngp_neocher	Casino	2	horizontal		Neo Cherry Master - Real Casino Series (Euro, Japan)	1998	Dyna Corp.
ngp_neocherc	Casino	1	horizontal		Neo Cherry Master Color - Real Casino Series (World)	1999	Dyna Corp.
ngp_neochercp	Casino	1	horizontal	ngp_neocherc	Neo Cherry Master Color - Real Casino Series (World, Prototype)	1999	Dyna Corp.
ngp_neocup98	Football	2	horizontal		Neo Geo Cup '98 - Pocket Sports Series (Euro, Japan)	1998	SNK
ngp_neocuppl	Football	2	horizontal		Neo Geo Cup '98 Plus - Pocket Sports Series (World)	1999	SNK
ngp_neoderby	Sports	2	horizontal		Neo Derby Champ Daiyosou (Japan)	1999	Dyna Corp.
ngp_neodrag	Card / Casino	1	horizontal		Neo Dragon's Wild - Real Casino Series (World, v1.13)	1999	Dyna Corp.
ngp_neodraga	Card / Casino	1	horizontal	ngp_neodrag	Neo Dragon's Wild - Real Casino Series (World, v1.11)	1999	Dyna Corp.
ngp_neomystr	Casino	1	horizontal		Neo Mystery Bonus - Real Casino Series (World)	1999	Dyna Corp.
ngp_neoproyk	Sports	2	horizontal		Neo Poke Pro Yakyuu - Pocket Sport Series (Japan)	1999	SNK - ADK Corp.
ngp_neoturfm	Sports	2	horizontal		Neo Turf Masters - Pocket Sport Series (World)	1999	SNK
ngp_neurasm	Action / Maze	1	horizontal		Neuras Mini (HB)	2025	Inufuto
ngp_nigeronp	RPG	1	horizontal		Nige-ron-pa (Japan)	2000	Dennou Eizo
ngp_nigeronpe	RPG	1	horizontal	ngp_nigeronp	Nige-ron-pa (Hack, English v0.9)	2018	Loic
ngp_oekakip	Puzzle	1	horizontal	ngp_picturep	Oekaki Puzzle (Japan)	2000	Success
ngp_ogrebatl	RPG / Strategy	1	horizontal		Ogre Battle Gaiden: Prince of Zenobia (Japan)	2000	SNK
ngp_osotosm	Action / Platform	1	horizontal		Osotos Mini (HB)	2025	Inufuto
ngp_pachinko	Casino	1	horizontal		Pachinko Hisshou Guide: Pocket Parlor (Japan)	1999	Japan Vistec
ngp_pacman	Action / Maze	1	horizontal		Pac-Man (World)	1999	SNK - Namco
ngp_pbobble	Puzzle	1	horizontal		Puzzle Bobble Mini (Euro, Japan, v1.10)	1999	SNK
ngp_pbobblea	Puzzle	1	horizontal	ngp_pbobble	Puzzle Bobble Mini (Euro, Japan, v1.09)	1999	SNK
ngp_pbobbleb	Puzzle	1	horizontal	ngp_pbobble	Puzzle Bobble Mini (Euro, Japan, Prototype)	1999	SNK
ngp_picturep	Puzzle	1	horizontal		Picture Puzzle (Euro, USA)	2000	Success
ngp_pockrev	Board	2	horizontal		Pocket Reversi (Euro)	2000	Success
ngp_pockrevj	Board	2	horizontal	ngp_pockrev	Pocket Reversi (Japan)	2000	Success
ngp_poktlove	Adventure	1	horizontal		Pocket Love if (Japan)	1999	KID
ngp_ppaa01	Misc	1	horizontal		Prize Game - PP-AA01 Pusher Program (Japan)	199?	Aruze Corp.
ngp_prtymail	Misc	1	horizontal		Party Mail (Japan)	1999	SNK - ADK Corp.
ngp_prtymailp	Misc	1	horizontal	ngp_prtymail	Party Mail (Japan, Proto)	1999	SNK - ADK Corp.
ngp_pslotazt	Casino	1	horizontal		Pachi-Slot Aruze Oukoku Pocket: Azteca (Japan)	2000	Aruze Corp.
ngp_pslotdk2	Casino	1	horizontal		Pachi-Slot Aruze Oukoku Pocket: Dekahel 2 (Japan)	2001	Aruze Corp.
ngp_pslotds2	Casino	1	horizontal		Pachi-Slot Aruze Oukoku Pocket: Delsol 2 (Japan)	2000	Aruze Corp.
ngp_pslotecp	Casino	1	horizontal		Pachi-Slot Aruze Oukoku Pocket: e-Cup (Japan)	2001	Aruze Corp.
ngp_pslothan	Casino	1	horizontal		Pachi-Slot Aruze Oukoku Pocket: Hanabi (Japan, v1.04)	1999	Aruze Corp.
ngp_pslothana	Casino	1	horizontal	ngp_pslothan	Pachi-Slot Aruze Oukoku Pocket: Hanabi (Japan, v1.02)	1999	Aruze Corp.
ngp_pslotooh	Casino	1	horizontal		Pachi-Slot Aruze Oukoku Pocket: Oohanabi (Japan)	2000	Aruze Corp.
ngp_pslotpc2	Casino	1	horizontal		Pachi-Slot Aruze Oukoku Pocket: Porcano 2 (Japan)	2000	Aruze Corp.
ngp_pslotwrd	Casino	1	horizontal		Pachi-Slot Aruze Oukoku Pocket: Ward of Lights (Japan)	2000	Aruze Corp.
ngp_ptennis	Sports	2	horizontal		Pocket Tennis - Pocket Sports Series (Euro, Japan)	1998	SNK - Yumekobo
ngp_ptennisc	Sports	2	horizontal		Pocket Tennis Color - Pocket Sports Series (World)	1999	SNK - Yumekobo
ngp_puyopop	Puzzle	2	horizontal		Puyo Pop ~ Puyo Pyuo Tsuu (World, v1.06)	1999	Sega
ngp_puyopopa	Puzzle	2	horizontal	ngp_puyopop	Puyo Pop ~ Puyo Pyuo Tsuu (World, v1.05)	1999	Sega
ngp_puzzlink	Puzzle	2	horizontal		Puzzle Link (Euro)	1999	SNK - Yumekobo
ngp_puzzlnk2	Puzzle	1	horizontal		Puzzle Link 2 (Euro, USA)	1999	SNK - Yumekobo
ngp_rockmanb	Fighting	1	horizontal		Rockman: Battle & Fighters (Japan)	2000	Capcom
ngp_rockmanbd	Platform	1	horizontal	ngp_rockmanb	Rockman: Battle & Fighters (Japan, Demo)	2000	Capcom
ngp_rockmanbe	Fighting	1	horizontal	ngp_rockmanb	Rockman: Battle & Fighters (Hack, English v1.0)	2018-22	marc_max & RyuHayabusa
ngp_ruptusm	Multi-directional shooter	1	horizontal		Ruptus Mini (HB)	2025	Inufuto
ngp_samsho	Fighting	2	horizontal		Samurai Spirit! - Pocket Fighting Series (Euro, Japan)	1998	SNK
ngp_samsho2	Fighting	2	horizontal		Samurai Shodown! 2 - Pocket Fighting Series (World)	1999	SNK
ngp_shanghai	Puzzle	1	horizontal		Shanghai Mini (World)	1999	SNK - Activision
ngp_shanghaipj	Puzzle	1	horizontal	ngp_shanghai	Shanghai Mini (Japan, Prototype)	1999	SNK - Activision
ngp_shanghaipu	Puzzle	1	horizontal	ngp_shanghai	Shanghai Mini (USA, Prototype)	1999	SNK - Activision
ngp_shougi	Board / Strategy	2	horizontal		Shougi no Tatsujin (Japan)	1998	SNK - ADK Corp.
ngp_shougic	Board / Strategy	2	horizontal		Shougi no Tatsujin Color (Japan)	1999	SNK - ADK Corp.
ngp_snake	Action	1	horizontal		Snake (HB, v1.2)	2000	Ivan Mackintosh
ngp_snakea	Action	1	horizontal	ngp_snake	Snake (HB, v1.2, Alt)	2000	Ivan Mackintosh
ngp_snkgals	Fighting	2	horizontal		SNK Gals' Fighters (Euro, USA)	2000	SNK
ngp_snkgalsj	Fighting	2	horizontal	ngp_snkgals	SNK Gals' Fighters (Japan)	2000	SNK
ngp_sodchess	Board / Strategy	1	horizontal		SOD Chess (HB, v1.02)	2002	Thor
ngp_solitaire	Card	1	horizontal		Solitaire (HB)	2000	Ivan Mackintosh
ngp_sonic	Platform	1	horizontal		Sonic the Hedgehog: Pocket Adventure (World)	1999	SNK
ngp_sonicp	Platform	1	horizontal	ngp_sonic	Sonic the Hedgehog: Pocket Adventure (World, Prototype)	1999	Sega
ngp_sonicp2	Platform	1	horizontal	ngp_sonic	Sonic the Hedgehog: Pocket Adventure (World, Prototype 2)	1999	Sega
ngp_spaceinv	Vertical shooter	1	horizontal		Space Invaders (HB)	200x	Jim Bagley
ngp_srmp	Mahjong	2	horizontal		Super Real Mahjong: Premium Collection (Japan)	2001	SNK - Seta Corp.
ngp_svc	Fighting	2	horizontal		SNK vs. Capcom: The Match of the Millennium (World)	1999	SNK
ngp_svccard2	Card / RPG	2	horizontal		SNK vs. Capcom: Card Fighters 2 - Expand Edition (Japan)	2001	SNK
ngp_svccard2e	Card / RPG	2	horizontal	ngp_svccard2	SNK vs. Capcom: Card Fighters 2 - Expand Edition (Hack, English)	2017	The CFC2 Translation Team
ngp_svccardc	Card / RPG	2	horizontal		SNK vs. Capcom: Card Fighters' Clash - Capcom Ver. (Euro, USA)	1999	SNK
ngp_svccardcj	Card / RPG	2	horizontal	ngp_svccardc	SNK vs. Capcom: Gekitotsu Card Fighters - Capcom Ver. (Japan)	1999	SNK
ngp_svccardp	Card / RPG	2	horizontal	ngp_svccards	SNK vs. Capcom: Gekitotsu Card Fighters (Japan, Demo)	1999	SNK
ngp_svccards	Card / RPG	2	horizontal		SNK vs. Capcom: Card Fighters' Clash - SNK Ver. (Euro, USA)	1999	SNK
ngp_svccardsj	Card / RPG	2	horizontal	ngp_svccards	SNK vs. Capcom: Gekitotsu Card Fighters - SNK Ver. (Japan, v7)	1999	SNK
ngp_svccardsja	Card / RPG	2	horizontal	ngp_svccards	SNK vs. Capcom: Gekitotsu Card Fighters - SNK Ver. (Japan, v6)	1999	SNK
ngp_svellasm	Action / Maze	1	horizontal		Svellas Micro (HB)	2025	Inufuto
ngp_swordworkm	Action / Maze	1	horizontal		SwordWork Micro (HB)	2026	Inufuto
ngp_thieves	Card	1	horizontal		Thieves (HB)	2000	Ivan Mackintosh
ngp_tripledef	Multi-directional shooter	1	horizontal		Triple Defence (HB)	2026	Zhamul
ngp_tsunapn	Puzzle	1	horizontal		Renketsu Puzzle Tsunagete Pon! (Japan)	1998	SNK - Yumekobo
ngp_tsunapn2	Puzzle	1	horizontal	ngp_puzzlnk2	Tsunagete Pon! 2 (Japan)	1999	SNK - Yumekobo
ngp_tsunapnc	Puzzle	1	horizontal	ngp_puzzlink	Renketsu Puzzle Tsunagete Pon! Color (Japan)	1999	SNK - Yumekobo
ngp_wrestmad	Fighting	2	horizontal		Wrestling Madness (Euro, USA, Prototype)	2000	SNK
ngp_yewdowm	Action / Maze	1	horizontal		Yewdow Mini (HB)	2025	Inufuto
nhidctch	Misc	2	horizontal		New Hidden Catch (World) / New Tul Lin Gu Lim Chat Ki '98 (Korea) (pcb ver 3.02)	1999	Eolith
nibbler	Maze / Action	2	vertical		Nibbler (rev 9, set 1)	1982	Rock-Ola
nibbler6	Maze / Action	2	vertical	nibbler	Nibbler (rev 6)	1982	Rock-Ola
nibbler7	Maze / Action	2	vertical	nibbler	Nibbler (rev 7)	1982	Rock-Ola
nibbler8	Maze / Action	2	vertical	nibbler	Nibbler (rev 8)	1982	Rock-Ola
nibblera	Maze / Action	2	vertical	nibbler	Nibbler (rev 9, set 2)	1982	Rock-Ola
nibblero	Maze / Action	2	vertical	nibbler	Nibbler (rev 8, Olympia)	1983	Rock-Ola (Olympia license)
nibblerp	Maze / Action	2	vertical	nibbler	Nibbler (rev 6, Pioneer Balloon conversion)	1982	Rock-Ola
nightstr	Shooter	2	horizontal		Night Striker (World)	1989	Taito Corporation Japan
nightstrj	Shooter	2	horizontal	nightstr	Night Striker (Japan)	1989	Taito Corporation
nightstru	Shooter	2	horizontal	nightstr	Night Striker (US)	1989	Taito America Corporation
ninclown	Misc	2	horizontal		Ninja Clowns (27 oct 91)	1991	Strata / Incredible Technologies
ninja	Run & gun	2	horizontal	seganinj	Ninja (315-5102)	1985	Sega
ninjak	Beat 'em up	4	horizontal		The Ninja Kids (World)	1990	Taito Corporation Japan
ninjakd2	Beat 'em up	2	horizontal		Ninja-Kid II / NinjaKun Ashura no Shou (set 1)	1987	UPL
ninjakd2a	Beat 'em up	2	horizontal	ninjakd2	Ninja-Kid II / NinjaKun Ashura no Shou (set 2, bootleg?)	1987	UPL
ninjakd2b	Beat 'em up	2	horizontal	ninjakd2	Ninja-Kid II / NinjaKun Ashura no Shou (set 3, bootleg?)	1987	UPL
ninjakd2c	Beat 'em up	2	horizontal	ninjakd2	Ninja-Kid II / NinjaKun Ashura no Shou (set 4)	1987	UPL
ninjakj	Beat 'em up	4	horizontal	ninjak	The Ninja Kids (Japan)	1990	Taito Corporation
ninjaku	Beat 'em up	4	horizontal	ninjak	The Ninja Kids (US)	1990	Taito America Corporation
ninjakun	Platform	2	horizontal		Ninjakun Majou no Bouken	1984	UPL (Taito license)
ninjamas	Fighting	2	horizontal		Ninja Master's - Haoh-ninpo-cho	1996	ADK / SNK
ninjamasha	Fighting	2	horizontal	ninjamas	Ninja Master's - Haoh-ninpo-cho (Plus)	1996	007325
ninjaw	Beat 'em up	2	horizontal		The Ninja Warriors (World, later version)	1987	Taito Corporation Japan
ninjaw1	Beat 'em up	2	horizontal	ninjaw	The Ninja Warriors (World, earlier version)	1987	Taito Corporation Japan
ninjawj	Beat 'em up	2	horizontal	ninjaw	The Ninja Warriors (Japan)	1987	Taito Corporation
ninjawu	Beat 'em up	2	horizontal	ninjaw	The Ninja Warriors (US, Romstar license)	1987	Taito Corporation America (licensed to Romstar)
ninjemak	Shooter	2	vertical		Ninja Emaki (US)	1986	Nichibutsu
nitd	Platform	2	horizontal		Nightmare in the Dark	2000	Eleven / Gavaking
nitdbl	Platform	2	horizontal	nitd	Nightmare in the Dark (bootleg)	2001	bootleg
nitedrvr	Racing	2	horizontal		Night Driver	1976	Atari
nitrobal	Run & gun	3	vertical		Nitro Ball (World, set 1)	1992	Data East Corporation
nitrobala	Run & gun	3	vertical	nitrobal	Nitro Ball (World, set 2)	1992	Data East Corporation
nitrobalb	Run & gun	3	vertical	nitrobal	Nitro Ball (World, set 3)	1992	Data East Corporation
nkdodge	Sports	2	horizontal	spdodgeb	Nekketsu Koukou Dodgeball Bu (Japan)	1987	Technos Japan
nkdodgeb	Sports	2	horizontal	spdodgeb	Nekketsu Koukou Dodgeball Bu (Japan, bootleg)	1987	bootleg
nmaster	Fighting	2	horizontal	metmqstr	Oni - The Ninja Master (Japan)	1995	Banpresto / Pandorabox
nmg5	Mini-games	2	horizontal		Multi 5 / New Multi Game 5 (set 1)	1998	Yun Sung
nmg5a	Mini-games	2	horizontal	nmg5	Multi 5 / New Multi Game 5 (set 2, censored)	1998	Yun Sung
nmg5e	Mini-games	2	horizontal	nmg5	Multi 5 / New Multi Game 5 (set 3, earlier)	1997	Yun Sung
nmouse	Platform	2	vertical		Naughty Mouse (set 1)	1981	Amenip (Palcom Queen River)
nmouseb	Platform	2	vertical	nmouse	Naughty Mouse (set 2)	1981	Amenip Nova Games Ltd.
nob	Vertical shooter	2	vertical		Noboranka (Japan)	1986	Coreland / Data East Corporation
nobb	Vertical shooter	2	vertical	nob	Noboranka (Japan, bootleg)	1986	bootleg (Game Electronics)
nost	Vertical shooter	2	vertical		Nostradamus	1993	Face
nostj	Vertical shooter	2	vertical	nost	Nostradamus (Japan)	1993	Face
nostk	Vertical shooter	2	vertical	nost	Nostradamus (Korea)	1993	Face
nostromo	Maze	2	horizontal		Nostromo	198?	bootleg
nouryoku	Quiz	2	horizontal		Nouryoku Koujou Iinkai	1995	Tecmo
nouryokup	Quiz	2	horizontal	nouryoku	Nouryoku Koujou Iinkai (prototype)	1995	Tecmo
nova2001	Shooter	2	horizontal		Nova 2001 (Japan)	1983	UPL
nova2001h	Shooter	2	horizontal	nova2001	Nova 2001 (Japan, hack?)	1983	UPL
nova2001u	Shooter	2	horizontal	nova2001	Nova 2001 (US)	1983	UPL (Universal license)
nprinces	Run & gun	2	horizontal	seganinj	Ninja Princess (315-5051, 64k Ver. bootleg?)	1985	bootleg?
nprincesb	Run & gun	2	horizontal	seganinj	Ninja Princess (315-5051?, 128k Ver. bootleg?)	1985	bootleg?
nprinceso	Run & gun	2	horizontal	seganinj	Ninja Princess (315-5098, 128k Ver.)	1985	Sega
nprincesu	Run & gun	2	horizontal	seganinj	Ninja Princess (64k Ver. not encrypted)	1985	Sega
nrallyx	Maze	2	horizontal		New Rally X	1981	Namco
nslasher	Beat 'em up	3	horizontal		Night Slashers (Korea Rev 1.3, DE-0397-0 PCB)	1994	Data East Corporation
nslasherj	Beat 'em up	3	horizontal	nslasher	Night Slashers (Japan Rev 1.2, DE-0397-0 PCB)	1994	Data East Corporation
nslashers	Beat 'em up	3	horizontal	nslasher	Night Slashers (Over Sea Rev 1.2, DE-0397-0 PCB)	1994	Data East Corporation
nslasheru	Beat 'em up	3	horizontal	nslasher	Night Slashers (US Rev 1.2, DE-0395-1 PCB)	1994	Data East Corporation
nsmb	Platform	1	horizontal		Neo Super Mario Bros (HB, Demo v0.01)	2020	OzzyOuzo
nspirit	Beat 'em up	2	horizontal		Ninja Spirit (World)	1988	Irem
nspiritj	Beat 'em up	2	horizontal	nspirit	Saigo no Nindou (Japan)	1988	Irem
nsplashkr	Misc	2	horizontal	splash	New Splash (ver. 1.4, checksum A26032A3, Korea, set 1)	1992	Gaelco / OMK Software (Windial license)
nsplashkra	Misc	2	horizontal	splash	New Splash (ver. 1.4, checksum A26032A3, Korea, set 2)	1992	Gaelco / OMK Software (Windial license)
nsub	Shooter	2	vertical		N-Sub (upright)	1980	Sega
numanath	Sports	4	horizontal		Numan Athletics (World)	1993	Namco
numanathj	Sports	4	horizontal	numanath	Numan Athletics (Japan)	1993	Namco
nunchaku	Beat 'em up	2	vertical	ladymstr	Nunchackun	1985	Kaneko / Taito
nwarr	Fighting	2	horizontal		Night Warriors: Darkstalkers' Revenge (Europe 950316)	1995	Capcom
nwarra	Fighting	2	horizontal	nwarr	Night Warriors: Darkstalkers' Revenge (Asia 950302)	1995	Capcom
nwarrb	Fighting	2	horizontal	nwarr	Night Warriors: Darkstalkers' Revenge (Brazil 950403)	1995	Capcom
nwarrh	Fighting	2	horizontal	nwarr	Night Warriors: Darkstalkers' Revenge (Hispanic 950403)	1995	Capcom
nwarru	Fighting	2	horizontal	nwarr	Night Warriors: Darkstalkers' Revenge (USA 950406)	1995	Capcom
nwarrud	Fighting	2	horizontal	nwarr	Night Warriors: Darkstalkers' Revenge (USA 950406 Phoenix Edition) (bootleg)	1995	bootleg
nyanpani	Puzzle	2	horizontal	kittenk	Nyan Nyan Panic (Japan)	1988	Konami
nycaptor	Shooter	2	horizontal		N.Y. Captor (rev 2)	1985	Taito
nzeroteam	Beat 'em up	2	horizontal	zeroteam	New Zero Team (V33 SYSTEM TYPE_B hardware)	1997	Seibu Kaihatsu
nzeroteama	Beat 'em up	2	horizontal	zeroteam	New Zero Team (V33 SYSTEM TYPE_B hardware, Zhongguo Shantou Yihuang license)	1997	Seibu Kaihatsu (Zhongguo Shantou Yihuang license)
nzeroteamb	Beat 'em up	2	horizontal	zeroteam	New Zero Team (V33 SYSTEM TYPE_B hardware, Haoyunlai Trading Company license)	1997	Seibu Kaihatsu (Haoyunlai Trading Company license)
nzteamp	Beat 'em up	2	horizontal	zeroteam	New Zero Team (Plus, Hack)	2018	hack
oedfight	Fighting	2	horizontal	bloodwar	Oedo Fight (Japan, Bloodshed version)	1994	Kaneko
oedfighta	Fighting	2	horizontal	bloodwar	Oedo Fight (Japan, Bloodless version)	1994	Kaneko
offensiv	Horizontal shooter	2	vertical	scramble	Offensive (Spanish bootleg of Scramble)	1981	bootleg (Video Dens)
ogonsiro	Beat 'em up	2	horizontal	gladiatr	Ougon no Shiro (Japan)	1986	Allumer / Taito Corporation
ohmygod	Puzzle	2	horizontal		Oh My God! (Japan)	1993	Atlus
oisipuzl	Mini-games	2	horizontal		Oishii Puzzle Ha Irimasenka	1993	Sunsoft / Atlus
olds	Beat 'em up	4	horizontal		Oriental Legend Super / Xiyou Shi E Zhuan Super (ver. 101, Korean Board)	1998	IGS
olds100	Beat 'em up	4	horizontal	olds	Oriental Legend Special / Xiyou Shi E Zhuan Super (ver. 100, set 1)	1998	IGS
olds100a	Beat 'em up	4	horizontal	olds	Oriental Legend Special / Xiyou Shi E Zhuan Super (ver. 100, set 2)	1998	IGS
olds103t	Beat 'em up	4	horizontal	olds	Xiyou Shi E Zhuan Super (ver. 103, China, Tencent) (unprotected)	1998	bootleg
oldsdsgl	Beat 'em up	4	horizontal	olds	Oriental Legend Special - Da Sheng Gui Lai (Hack)	2020	Hack
oldsmx	Beat 'em up	4	horizontal	olds	Xiyou Shi E Zhuan Super - Meng Xun Ling Shan (Hack)	2020	Hack
oldsplus	Beat 'em up	4	horizontal		Oriental Legend 2 (Korea) / Xiyou Shi E Zhuan Qunmo Luanwu (World, China, Japan, Hong Kong, Taiwan) (ver. 205) [Oriental Ex]	2004	IGS
oldsplus203	Beat 'em up	4	horizontal	oldsplus	Oriental Legend 2 (Korea) / Xiyou Shi E Zhuan Qunmo Luanwu (World, China, Japan, Hong Kong, Taiwan) (ver. 203) [Oriental Ex]	2004	IGS
oldsplusnr	Beat 'em up	4	horizontal	oldsplus	Xiyou Shi E Zhuan Xin Qunmo Luanwu (Hack)	2020-2024	hack
oldsplusok	Beat 'em up	4	horizontal	oldsplus	Oriental Legend 2 (One Key Edition, Hack)	2021	Hack
olibochu	Maze	2	vertical		Oli-Boo-Chu (USA)	1981	Irem (GDI license)
olibug	Horizontal shooter	2	vertical	jumpbug	Oli Bug (bootleg of Jump Bug)	1982	bootleg
omega	Breakout	2	vertical		Omega	1986	Nihon System
omegaa	Breakout	2	vertical	omega	Omega (earlier)	1986	Nihon System
omegab	Shooter	2	vertical	theend	Omega (bootleg?)	19??	bootleg?
omegaf	Vertical shooter	2	vertical		Omega Fighter (set 1)	1989	UPL
omegafa	Vertical shooter	2	vertical	omegaf	Omega Fighter (set 2)	1989	UPL
omegafs	Vertical shooter	2	vertical	omegaf	Omega Fighter Special	1989	UPL
omegrace	Shooter / Vector	2	horizontal		Omega Race (set 1)	1981	Midway
omegrace2	Shooter / Vector	2	horizontal	omegrace	Omega Race (set 2)	1981	Midway
omegrace3	Shooter / Vector	2	horizontal	omegrace	Omega Race (set 3, 7/27)	1981	Midway
omni	Vertical shooter	2	vertical	pisces	Omni	19??	bootleg (Videa System)
oneshot	Shooter	2	horizontal		One Shot One Kill	1996	Promat
onetwo	Puzzle	2	horizontal		One + Two	1997	Barko
onetwoe	Puzzle	2	horizontal	onetwo	One + Two (earlier)	1997	Barko
onna34ro	Beat 'em up	2	horizontal		Onna Sanshirou - Typhoon Gal (rev 1)	1985	Taito
onna34roa	Beat 'em up	2	horizontal	onna34ro	Onna Sanshirou - Typhoon Gal (bootleg)	1985	bootleg
ooparts	Breakout	2	vertical		OOPArts (prototype, joystick hack)	1992	hack
opaopa	Maze	2	horizontal		Opa Opa (MC-8123, 317-0042)	1987	Sega
opaopan	Maze	2	horizontal	opaopa	Opa Opa (Rev A, unprotected)	1987	Sega
openice	Sports	4	horizontal		NHL Open Ice: 2 on 2 Challenge (rev 1.21)	1995	Midway
openicea	Sports	2	horizontal	openice	NHL Open Ice: 2 on 2 Challenge (rev 1.2A)	1995	Midway
opwolf	Shooter	2	horizontal		Operation Wolf (World, rev 2, set 1)	1987	Taito Corporation Japan
opwolf3	Shooter	2	horizontal		Operation Wolf 3 (World)	1994	Taito Corporation Japan
opwolf3j	Shooter	2	horizontal	opwolf3	Operation Wolf 3 (Japan)	1994	Taito Corporation
opwolf3u	Shooter	2	horizontal	opwolf3	Operation Wolf 3 (US)	1994	Taito America Corporation
opwolfa	Shooter	2	horizontal	opwolf	Operation Wolf (World, rev 2, set 2)	1987	Taito Corporation Japan
opwolfb	Shooter	2	horizontal	opwolf	Operation Bear (bootleg of Operation Wolf)	1987	bootleg (Bear Corporation Korea)
opwolfj	Shooter	2	horizontal	opwolf	Operation Wolf (Japan, rev 2)	1987	Taito Corporation
opwolfjsc	Shooter	2	horizontal	opwolf	Operation Wolf (Japan, SC)	1987	Taito Corporation
opwolfu	Shooter	2	horizontal	opwolf	Operation Wolf (US, rev 2)	1987	Taito America Corporation
orbitron	Shooter	2	vertical		Orbitron	1982	Comsoft (Signatron USA license)
orbs	Puzzle	2	horizontal		Orbs (10/7/94 prototype?)	1994	American Sammy
ordyne	Horizontal shooter	2	horizontal		Ordyne (World)	1988	Namco
ordynej	Horizontal shooter	2	horizontal	ordyne	Ordyne (Japan)	1988	Namco
ordyneje	Horizontal shooter	2	horizontal	ordyne	Ordyne (Japan, English Version)	1988	Namco
orius	Horizontal shooter	2	horizontal	xexex	Orius (ver UAA)	1991	Konami
orleg2	Beat 'em up	2	horizontal		Oriental Legend 2 (V104, Overseas)	2007	IGS
orleg2_101	Beat 'em up	2	horizontal	orleg2	Oriental Legend 2 (V101, Overseas)	2007	IGS
orleg2_101cn	Beat 'em up	4	horizontal	orleg2	Xiyou Shi E Zhuan 2 (V101, China)	2007	IGS (Huatong license)
orleg2_101hk	Beat 'em up	4	horizontal	orleg2	Oriental Legend 2 (V101, Hong Kong)	2007	IGS
orleg2_101jp	Beat 'em up	4	horizontal	orleg2	Oriental Legend 2 (V101, Japan)	2007	IGS
orleg2_101tw	Beat 'em up	4	horizontal	orleg2	Oriental Legend 2 (V101, Taiwan)	2007	IGS
orleg2_103	Beat 'em up	2	horizontal	orleg2	Oriental Legend 2 (V103, Overseas)	2007	IGS
orleg2_103cn	Beat 'em up	4	horizontal	orleg2	Xiyou Shi E Zhuan 2 (V103, China)	2007	IGS (Huatong license)
orleg2_103hk	Beat 'em up	4	horizontal	orleg2	Oriental Legend 2 (V103, Hong Kong)	2007	IGS
orleg2_103jp	Beat 'em up	4	horizontal	orleg2	Oriental Legend 2 (V103, Japan)	2007	IGS
orleg2_103tw	Beat 'em up	4	horizontal	orleg2	Oriental Legend 2 (V103, Taiwan)	2007	IGS
orleg2_104cn	Beat 'em up	4	horizontal	orleg2	Xiyou Shi E Zhuan 2 (V104, China)	2007	IGS (Huatong license)
orleg2_104hk	Beat 'em up	4	horizontal	orleg2	Oriental Legend 2 (V104, Hong Kong)	2007	IGS
orleg2_104jp	Beat 'em up	4	horizontal	orleg2	Oriental Legend 2 (V104, Japan)	2007	IGS
orleg2_104tw	Beat 'em up	4	horizontal	orleg2	Oriental Legend 2 (V104, Taiwan)	2007	IGS
orleg2d	Beat 'em up	2	horizontal	orleg2	Oriental Legend 2 / Xi You Shi E Zhuan 2 (V104, Decrypted)	2007	IGS (Huatong license)
orleg2d_101	Beat 'em up	2	horizontal	orleg2	Oriental Legend 2 / Xi You Shi E Zhuan 2 (V101, Decrypted)	2007	IGS (Huatong license)
orleg2d_103	Beat 'em up	2	horizontal	orleg2	Oriental Legend 2 / Xi You Shi E Zhuan 2 (V103, Decrypted)	2007	IGS (Huatong license)
orlegend	Beat 'em up	4	horizontal		Oriental Legend / Xiyou Shi E Zhuan (ver. 126)	1997	IGS
orlegend105k	Beat 'em up	4	horizontal	orlegend	Oriental Legend / Xiyou Shi E Zhuan (ver. 105, Korean Board)	1997	IGS
orlegend105t	Beat 'em up	4	horizontal	orlegend	Oriental Legend / Xiyou Shi E Zhuan (ver. 105, Taiwanese Board)	1997	IGS
orlegend111c	Beat 'em up	4	horizontal	orlegend	Oriental Legend / Xiyou Shi E Zhuan (ver. 111, Chinese Board)	1997	IGS
orlegend111k	Beat 'em up	4	horizontal	orlegend	Oriental Legend / Xiyou Shi E Zhuan (ver. 111, Korean Board)	1997	IGS
orlegend111t	Beat 'em up	4	horizontal	orlegend	Oriental Legend / Xiyou Shi E Zhuan (ver. 111, Taiwanese Board)	1997	IGS
orlegendc	Beat 'em up	4	horizontal	orlegend	Oriental Legend / Xiyou Shi E Zhuan (ver. 112, Chinese Board)	1997	IGS
orlegendca	Beat 'em up	4	horizontal	orlegend	Oriental Legend / Xiyou Shi E Zhuan (ver. ???, Chinese Board)	1997	IGS
orlegende	Beat 'em up	4	horizontal	orlegend	Oriental Legend / Xiyou Shi E Zhuan (ver. 112, set 1)	1997	IGS
orlegendea	Beat 'em up	4	horizontal	orlegend	Oriental Legend / Xiyou Shi E Zhuan (ver. 112, set 2)	1997	IGS
orunners	Racing	2	horizontal		OutRunners (World)	1992	Sega
orunnersj	Racing	2	horizontal	orunners	OutRunners (Japan)	1992	Sega
orunnersu	Racing	2	horizontal	orunners	OutRunners (US)	1992	Sega
oscar	Run & gun	2	horizontal		Psycho-Nics Oscar (World revision 0)	1987	Data East Corporation
oscarj1	Run & gun	2	horizontal	oscar	Psycho-Nics Oscar (Japan revision 1)	1987	Data East Corporation
oscarj2	Run & gun	2	horizontal	oscar	Psycho-Nics Oscar (Japan revision 2)	1987	Data East Corporation
oscaru	Run & gun	2	horizontal	oscar	Psycho-Nics Oscar (US)	1988	Data East USA
osman	Platform / Beat 'em up	2	horizontal		Osman (World)	1996	Mitchell
othunder	Shooter	2	horizontal		Operation Thunderbolt (World, rev 1)	1988	Taito Corporation Japan
othunderj	Shooter	2	horizontal	othunder	Operation Thunderbolt (Japan)	1988	Taito Corporation
othunderjsc	Shooter	2	horizontal	othunder	Operation Thunderbolt (Japan, SC)	1988	Taito Corporation
othundero	Shooter	2	horizontal	othunder	Operation Thunderbolt (World)	1988	Taito Corporation Japan
othunderu	Shooter	2	horizontal	othunder	Operation Thunderbolt (US, rev 1)	1988	Taito America Corporation
othunderua	Shooter	2	horizontal	othunder	Operation Thunderbolt (US)	1988	Taito America Corporation
ottopz	Maze / Action	2	vertical	mspacman	Otto Project PZ (hack)	2014	Scott Lawrence
outfxies	Run & gun	2	horizontal		The Outfoxies (World, OU2)	1994	Namco
outfxiesa	Run & gun	2	horizontal	outfxies	The Outfoxies (Korea?)	1994	Namco
outfxiesj	Run & gun	2	horizontal	outfxies	The Outfoxies (Japan, OU1)	1994	Namco
outfxiesja	Run & gun	2	horizontal	outfxies	The Outfoxies (Japan, OU1, alternate GFX ROMs)	1994	Namco
outrun	Racing	2	horizontal		Out Run (sitdown/upright, Rev B)	1986	Sega
outrunb	Racing	2	horizontal	outrun	Out Run (bootleg)	1986	bootleg
outrundx	Racing	2	horizontal	outrun	Out Run (deluxe sitdown)	1986	Sega
outrundxa	Racing	2	horizontal	outrun	Out Run (deluxe sitdown earlier version)	1986	Sega
outrundxeh	Racing	2	horizontal	outrun	Out Run (deluxe sitdown) (Enhanced Edition v2.0.3)	2020	hack (Chris White)
outrundxeha	Racing	2	horizontal	outrun	Out Run (deluxe sitdown) (Enhanced Edition v1.0.3)	2013	hack (Chris White)
outrundxj	Racing	2	horizontal	outrun	Out Run (Japan, deluxe sitdown) (FD1089A 317-0019)	1986	Sega
outruneh	Racing	2	horizontal	outrun	Out Run (sitdown/upright, Rev B) (Enhanced Edition v2.0.3)	2020	hack (Chris White)
outruneha	Racing	2	horizontal	outrun	Out Run (sitdown/upright, Rev B) (Enhanced Edition v1.1.0)	2014	hack (Chris White)
outrunehb	Racing	2	horizontal	outrun	Out Run (sitdown/upright, Rev B) (Enhanced Edition v2.0.2)	2017	hack (Chris White)
outrunm	Racing	2	horizontal	outrun	Out Run (sitdown/upright, Rev B) (added music)	2016	cmonkey
outrunra	Racing	2	horizontal	outrun	Out Run (sitdown/upright, Rev A)	1986	Sega
outzone	Run & gun	2	vertical		Out Zone	1990	Toaplan
outzonea	Run & gun	2	vertical	outzone	Out Zone (old set)	1990	Toaplan
outzoneb	Run & gun	2	vertical	outzone	Out Zone (older set)	1990	Toaplan
outzonec	Run & gun	2	vertical	outzone	Out Zone (oldest set)	1990	Toaplan
outzonecv	Run & gun	2	vertical	outzone	Out Zone (Zero Wing TP-015 PCB conversion)	1990	Toaplan
outzoneh	Run & gun	2	vertical	outzone	Out Zone (harder)	1990	Toaplan
overtop	Racing	2	horizontal		Over Top	1996	ADK
ozmawars	Shooter	2	vertical		Ozma Wars (set 1)	1979	SNK
ozmawars2	Shooter	2	vertical	ozmawars	Ozma Wars (set 2)	1979	SNK
ozmawars3	Shooter	2	vertical	ozmawars	Ozma Wars (set 3)	1979	SNK
ozon1	Shooter	2	vertical		Ozon I	1983	Proma
p47	Horizontal shooter	2	horizontal		P-47: The Phantom Fighter (World)	1988	Jaleco
p47a	Horizontal shooter	2	horizontal	p47	P-47: The Freedom Fighter (World)	1988	Jaleco
p47aces	Horizontal shooter	2	horizontal		P-47 Aces (ver 1.1)	1995	Jaleco
p47acesa	Horizontal shooter	2	horizontal	p47aces	P-47 Aces (ver 1.0)	1995	Jaleco
p47j	Horizontal shooter	2	horizontal	p47	P-47: The Freedom Fighter (Japan)	1988	Jaleco
p47je	Horizontal shooter	2	horizontal	p47	P-47: The Freedom Fighter (Japan, Export)	1988	Jaleco
pacgal	Maze / Action	2	vertical	mspacman	Pac-Gal (set 1)	1981	hack
pacheart	Maze / Action	2	vertical	puckman	Pac-Man (Hearts)	1981	hack
packbang	Puzzle	2	vertical		Pack'n Bang Bang	1994	Kaneko
packbangp	Puzzle	2	vertical	packbang	Pack'n Bang Bang (prototype)	1994	Kaneko
packetman	Maze / Action	2	vertical	puckman	Packetman (bootleg)	1980	bootleg
pacland	Platform	2	horizontal		Pac-Land (World)	1984	Namco
paclandj	Platform	2	horizontal	pacland	Pac-Land (Japan new)	1984	Namco
paclandjo	Platform	2	horizontal	pacland	Pac-Land (Japan old)	1984	Namco
paclandjo2	Platform	2	horizontal	pacland	Pac-Land (Japan older)	1984	Namco
paclandm	Platform	2	horizontal	pacland	Pac-Land (Midway)	1984	Namco (Bally Midway license)
paclandm2	Platform	2	horizontal	pacland	Pac-Land (Bally-Midway)	1984	Namco (Bally Midway license)
pacman	Maze / Action	2	vertical	puckman	Pac-Man (Midway)	1980	Namco (Midway license)
pacmanbl	Maze	2	vertical	puckman	Pac-Man (bootleg on Galaxian hardware, set 1)	1981	bootleg
pacmanbla	Maze	2	vertical	puckman	Pac-Man (bootleg on Galaxian hardware, set 2)	1981	bootleg
pacmanblb	Maze	2	vertical	puckman	Pac-Man (bootleg on Moon Alien 'AL-10A1' hardware)	1981	bootleg
pacmanblc	Maze	2	vertical	puckman	Pac-Man (Calfesa, Spanish bootleg on Galaxian hardware)	1981	bootleg (Calfesa)
pacmanblv	Maze	2	vertical	puckman	Pac-Man (Video Dens, Spanish bootleg on Galaxian hardware, set 1)	1981	bootleg (Video Dens)
pacmanf	Maze / Action	2	vertical	puckman	Pac-Man (Midway, speedup hack)	1980	hack
pacmanfm	Maze / Action	2	vertical	puckman	Pac Man (FAMARE S.A. bootleg of Puck Man)	1980	bootleg (FAMARE S.A.)
pacmania	Maze / Action	2	vertical		Pac-Mania	1987	Namco
pacmaniaj	Maze / Action	2	vertical	pacmania	Pac-Mania (Japan)	1987	Namco
pacmaniao	Maze / Action	2	vertical	pacmania	Pac-Mania (111187 sound program)	1987	Namco
pacmanjpm	Maze / Action	2	vertical	puckman	Pac-Man (JPM bootleg)	1981	bootleg (JPM)
pacmanmr	Maze / Action	2	vertical	puckman	Pac-Man (Model Racing bootleg)	1981	bootleg (Model Racing)
pacmanp	Maze / Action	2	vertical	puckman	Pac-Man (Patched)	2007	Hack (Don Hodges)
pacmanpe	Maze / Action	2	vertical	puckman	Come Come (Petaco SA bootleg of Puck Man)	1980	bootleg (Petaco SA)
pacmanso	Maze / Action	2	vertical	puckman	Pac-Man (SegaSA / Sonic)	1980	Namco (Sonic license)
pacmansp	Maze / Action	2	vertical	puckman	Puck Man (Spanish, 'Made in Greece' bootleg)	198?	bootleg (Video Game SA)
pacmanug	Maze / Action	2	vertical	puckman	Pac Man (U.Games bootleg of Puck Man)	1980	bootleg (U.Games)
pacmanvg	Maze / Action	2	vertical	puckman	Pac-Man (Video Game SA bootleg)	1980	bootleg (Video Game SA)
pacminer	Maze / Action	2	vertical	puckman	Pac Manic Miner Man	2012	Jim Bagley
pacmod	Maze / Action	2	vertical	puckman	Pac-Man (Midway, harder)	1981	Namco (Midway license)
pacnchmp	Maze / Action	2	vertical	pacnpal	Pac-Man & Chomp Chomp	1983	Namco
pacnpal	Maze / Action	2	vertical		Pac & Pal	1983	Namco
pacnpal2	Maze / Action	2	vertical	pacnpal	Pac & Pal (older)	1983	Namco
pacominv	Vertical shooter	2	vertical	beaminv	Pacom Invader (set 1)	1979	Pacom Corporation
pacominva	Vertical shooter	2	vertical	beaminv	Pacom Invader (set 2)	1979	Pacom Corporation
pacplus	Maze / Action	2	vertical		Pac-Man Plus	1982	Namco (Midway license)
pacuman	Maze / Action	2	vertical	puckman	Pacu-Man (Spanish bootleg of Puck Man)	1980	bootleg (Recreativos Franco S.A.)
pacupacu	Action	1	vertical	puckman	Pacu Pacu (GlobalHack)	2025	Tardis Remakes
paddle2	Breakout	2	vertical	arkanoid	Paddle 2 (bootleg on Block hardware)	1988	bootleg
paddlema	Ball & paddle	2	vertical		Paddle Mania	1988	SNK
painter	Maze / Action	2	vertical	crush	Painter (hack of Crush Roller)	1984	hack (Monshine Ent. Co.)
paintlad	Misc	2	horizontal	splash	Painted Lady (ver. 1.3, checksum E7BEEEFA, North America)	1992	Gaelco / OMK Software
paintrlr	Maze / Action	2	vertical	crush	Paint Roller (bootleg of Crush Roller)	1981	bootleg
pairlove	Puzzle	2	vertical		Pairs Love	1991	Athena / Nihon System
pairs	Puzzle	2	horizontal		Pairs (V1.2, 09/30/94)	1994	Strata / Incredible Technologies
pairsa	Puzzle	2	horizontal	pairs	Pairs (V1, 09/07/94)	1994	Strata / Incredible Technologies
pairsred	Puzzle	1	horizontal		Pairs Redemption (V1.0, 10/25/94)	1994	Strata / Incredible Technologies
pajaroes	Vertical shooter	2	vertical	uniwars	Pajaro del Espacio (Spanish bootleg of UniWar S)	1980	bootleg (PSV S.A.)
palamed	Puzzle	2	horizontal		Palamedes (US)	1990	Hot-B Co., Ltd.
palamedj	Puzzle	2	horizontal	palamed	Palamedes (Japan)	1990	Taito Corporation
pandajump	Platform	2	vertical		Panda Jump (set 1)	2022	Ben Larson
pandajump2	Platform	2	vertical	pandajump	Panda Jump (set 2)	2022	Ben Larson
pandoras	Platform	2	vertical		Pandora's Palace	1984	Konami / Interlogic
pang	Puzzle	2	horizontal		Pang (World)	1989	Mitchell
pang3	Puzzle	2	horizontal		Pang! 3 (Europe 950601)	1995	Mitchell
pang3b	Puzzle	2	horizontal	pang3	Pang! 3 (bootleg, set 1)	1995	bootleg
pang3b2	Puzzle	2	horizontal	pang3	Pang! 3 (bootleg, set 2)	1995	bootleg
pang3b3	Puzzle	2	horizontal	pang3	Pang! 3 (bootleg, set 3)	1995	bootleg
pang3b4	Puzzle	2	horizontal	pang3	Pang! 3 (bootleg, set 4)	1995	bootleg
pang3b5	Puzzle	2	horizontal	pang3	Pang! 3 (bootleg, set 5)	1995	bootleg
pang3b6	Puzzle	2	horizontal	pang3	Pang! 3 (bootleg, set 6)	1995	Mitchell
pang3b7	Puzzle	2	horizontal	pang3	Pang! 3 (bootleg, set 7)	1995	Mitchell
pang3j	Puzzle	2	horizontal	pang3	Pang! 3: Kaitou Tachi no Karei na Gogo (Japan 950511)	1995	Mitchell
pang3r1	Puzzle	2	horizontal	pang3	Pang! 3 (Europe 950511)	1995	Mitchell
pang3r1a	Puzzle	2	horizontal	pang3	Pang! 3 (Europe 950511, alt)	1995	Mitchell
pangb	Puzzle	2	horizontal	pang	Pang (bootleg, set 1)	1989	bootleg
pangb2	Puzzle	2	horizontal	pang	Pang (bootleg, set 4)	1989	bootleg
pangbold	Puzzle	2	horizontal	pang	Pang (bootleg, set 2)	1989	bootleg
pangbold2	Puzzle	2	horizontal	pang	Pang (bootleg, set 5)	1990	bootleg
pangbold3	Puzzle	2	horizontal	pang	Pang (bootleg, set 6)	1989	bootleg
pangpang	Platform	2	horizontal		Pang Pang	1994	Dong Gue La Mi Ltd.
pangpoms	Platform	2	horizontal		Pang Pom's	1992	Metro
pangpomsm	Platform	2	horizontal	pangpoms	Pang Pom's (Mitchell)	1992	Metro (Mitchell license)
pangpomsn	Platform	2	horizontal	pangpoms	Pang Pom's (Nova)	1992	Nova
panicbom	Puzzle	2	horizontal		Panic Bomber	1994	Eighting / Hudson
panicstr	Puzzle	2	horizontal		Panic Street (Japan)	1999	Kaneko
panzer	Maze / Multi-directional shooter	2	horizontal	spectar	Panzer (bootleg of Spectar)	1980	bootleg (Proel)
paperboy	Action	2	horizontal		Paperboy (rev 3)	1984	Atari Games
paperboyr1	Action	2	horizontal	paperboy	Paperboy (rev 1)	1984	Atari Games
paperboyr2	Action	2	horizontal	paperboy	Paperboy (rev 2)	1984	Atari Games
paprazzi	Maze	2	vertical		Paparazzi	1996	Yun Sung
parodius	Horizontal shooter	2	horizontal		Parodius Da!: Shinwa kara Owarai e (World, set 1)	1990	Konami
parodiusa	Horizontal shooter	2	horizontal	parodius	Parodius Da!: Shinwa kara Owarai e (Asia)	1990	Konami
parodiuse	Horizontal shooter	2	horizontal	parodius	Parodius Da!: Shinwa kara Owarai e (World, set 2)	1990	Konami
parodiusj	Horizontal shooter	2	horizontal	parodius	Parodius Da!: Shinwa kara Owarai e (Japan)	1990	Konami
pasha2	Mini-games	2	horizontal		Pasha Pasha 2	1998	Dong Sung
pass	Maze	2	horizontal		Pass	1992	Oksan
passsht	Sports	2	vertical		Passing Shot (World, 2 Players) (FD1094 317-0080)	1988	Sega
passsht16a	Sports	4	vertical	passsht	Passing Shot (Japan, 4 Players, System 16A) (FD1094 317-0071)	1988	Sega
passshta	Sports	4	vertical	passsht	Passing Shot (World, 4 Players) (FD1094 317-0074)	1988	Sega
passshtad	Sports	4	vertical	passsht	Passing Shot (World, 4 Players) (bootleg of FD1094 317-0074 set)	1988	bootleg
passshtd	Sports	2	vertical	passsht	Passing Shot (World, 2 Players) (bootleg of FD1094 317-0080 set)	1988	bootleg
passshtj	Sports	4	vertical	passsht	Passing Shot (Japan, 4 Players) (FD1094 317-0070)	1988	Sega
passshtjd	Sports	4	vertical	passsht	Passing Shot (Japan, 4 Players) (bootleg of FD1094 317-0070 set)	1988	bootleg
pastelis	Maze	2	horizontal		Pastel Island (Japan, prototype)	1993	Visco
patapata	Mini-games	2	horizontal		Pata Pata Panic	1993	Atlus
pbaction	Pinball	2	vertical		Pinball Action (set 1)	1985	Tehkan
pbaction2	Pinball	2	vertical	pbaction	Pinball Action (set 2, encrypted)	1985	Tehkan
pbaction3	Pinball	2	vertical	pbaction	Pinball Action (set 3, encrypted)	1985	Tehkan
pbaction4	Pinball	2	vertical	pbaction	Pinball Action (set 4, encrypted)	1985	Tehkan
pbactiont	Pinball	2	vertical	pbaction	Pinball Action (Tecfri license)	1985	Tehkan (Tecfri license)
pballoon	Horizontal shooter	2	vertical		Pioneer Balloon	1982	SNK
pballoonr	Horizontal shooter	2	vertical	pballoon	Pioneer Balloon (Rock-Ola license)	1982	SNK (Rock-Ola license)
pbancho	Puzzle	2	horizontal		Gyakuten!! Puzzle Bancho (Japan, set 1)	1996	Fuuki
pbanchoa	Puzzle	2	horizontal	pbancho	Gyakuten!! Puzzle Bancho (Japan, set 2)	1996	Fuuki
pbillian	Action	2	horizontal		Prebillian	1986	Kaneko / Taito
pbillianb	Action	2	horizontal	pbillian	Prebillian (bootleg)	1987	bootleg (Game Corp.)
pbillrd	Sports	2	horizontal		Perfect Billiard	1987	Nihon System (United Artists license)
pbillrdsa	Sports	2	horizontal	pbillrd	Perfect Billiard (MC-8123, 317-5008)	1987	Nihon System (Sega license)
pbobbl2n	Puzzle	2	horizontal		Puzzle Bobble 2 / Bust-A-Move Again (Neo-Geo)	1999	Taito (SNK license)
pbobble	Puzzle	2	horizontal		Puzzle Bobble (Japan, B-System)	1994	Taito Corporation
pbobble2	Puzzle	2	horizontal		Puzzle Bobble 2 (Ver 2.3O 1995/07/31)	1995	Taito Corporation Japan
pbobble2j	Puzzle	2	horizontal	pbobble2	Puzzle Bobble 2 (Ver 2.2J 1995/07/20)	1995	Taito Corporation
pbobble2o	Puzzle	2	horizontal	pbobble2	Puzzle Bobble 2 (Ver 2.2O 1995/07/20)	1995	Taito Corporation Japan
pbobble2u	Puzzle	2	horizontal	pbobble2	Bust-A-Move Again (Ver 2.3A 1995/07/31)	1995	Taito America Corporation
pbobble2x	Puzzle	2	horizontal	pbobble2	Puzzle Bobble 2X (Ver 2.2J 1995/11/11)	1995	Taito Corporation
pbobble3	Puzzle	2	horizontal		Puzzle Bobble 3 (Ver 2.1O 1996/09/27)	1996	Taito Corporation
pbobble3j	Puzzle	2	horizontal	pbobble3	Puzzle Bobble 3 (Ver 2.1J 1996/09/27)	1996	Taito Corporation
pbobble3rc	Puzzle	2	horizontal	pbobble3	Puzzle Bobble 3 Recarbonated	2022	Bank Bank
pbobble3u	Puzzle	2	horizontal	pbobble3	Puzzle Bobble 3 (Ver 2.1A 1996/09/27)	1996	Taito Corporation
pbobble4	Puzzle	2	horizontal		Puzzle Bobble 4 (Ver 2.04O 1997/12/19)	1997	Taito Corporation
pbobble4j	Puzzle	2	horizontal	pbobble4	Puzzle Bobble 4 (Ver 2.04J 1997/12/19)	1997	Taito Corporation
pbobble4u	Puzzle	2	horizontal	pbobble4	Puzzle Bobble 4 (Ver 2.04A 1997/12/19)	1997	Taito Corporation
pbobblen	Puzzle	2	horizontal		Puzzle Bobble / Bust-A-Move (Neo-Geo, NGM-083)	1994	Taito
pbobblenb	Puzzle	2	horizontal	pbobblen	Puzzle Bobble / Bust-A-Move (Neo-Geo, bootleg)	1994	bootleg
pcktgal	Sports	2	horizontal		Pocket Gal (Japan)	1987	Data East Corporation
pcktgal2	Sports	2	horizontal	pcktgal	Pocket Gal 2 (English)	1989	Data East Corporation
pcktgal2j	Sports	2	horizontal	pcktgal	Pocket Gal 2 (Japanese)	1989	Data East Corporation
pcktgalb	Sports	2	horizontal	pcktgal	Pocket Gal (Yada East bootleg)	1987	bootleg
pcktgalba	Sports	2	horizontal	pcktgal	Pocket Gal / unknown card game	1987	bootleg
pclubys	Mini-games	2	horizontal		Puzzle Club (Yun Sung, set 1)	2000	Yun Sung
pclubysa	Mini-games	2	horizontal	pclubys	Puzzle Club (Yun Sung, set 2)	2000	Yun Sung
pdrift	Racing	2	horizontal		Power Drift (World, Rev A)	1988	Sega
pdrifta	Racing	2	horizontal	pdrift	Power Drift (World)	1988	Sega
pdrifte	Racing	2	horizontal	pdrift	Power Drift (World, earlier)	1988	Sega
pdriftj	Racing	2	horizontal	pdrift	Power Drift (Japan, Rev C)	1988	Sega
pdriftja	Racing	2	horizontal	pdrift	Power Drift (Japan, Rev A)	1988	Sega
pdriftjb	Racing	2	horizontal	pdrift	Power Drift (Japan, Rev B)	1988	Sega
peekaboo	Puzzle	2	horizontal		Peek-a-Boo! (Japan, ver. 1.1)	1993	Jaleco
peekaboou	Puzzle	2	horizontal	peekaboo	Peek-a-Boo! (North America, ver 1.0)	1993	Jaleco
peggle	Misc	2	vertical		Peggle (Joystick, v1.0)	1991	Strata / Incredible Technologies
pegglet	Misc	2	vertical	peggle	Peggle (Trackball, v1.0)	1991	Strata / Incredible Technologies
penbros	Platform	2	horizontal		Penguin Brothers (Japan)	2000	Subsino
penfan	Misc	2	horizontal		Penfan Girls - Step1. Mild Mind (set 1)	1999	Eolith
penfana	Misc	2	horizontal	penfan	Penfan Girls - Step1. Mild Mind (set 2)	1999	Eolith
pengadvb	Action	2	horizontal		Penguin Adventure (bootleg of MSX version, encrypted)	1988	bootleg (Screen)
pengo	Maze / Action	2	vertical		Pengo (World, not encrypted, rev A)	1982	Sega
pengoa	Maze / Action	2	vertical	pengo	Pengo (World, 315-5010 type, set 1)	1982	Sega
pengob	Maze / Action	2	vertical	pengo	Pengo (World, 315-5010 type, set 2)	1982	Sega
pengoc	Maze / Action	2	vertical	pengo	Pengo (World, 315-5010 type, set 3)	1982	Sega
pengoj	Maze / Action	2	vertical	pengo	Pengo (Japan, not encrypted)	1982	Sega
pengoja	Maze / Action	2	vertical	pengo	Pengo (Japan, 315-5010 type, rev C)	1982	Sega
pengojb	Maze / Action	2	vertical	pengo	Pengo (Japan, 315-5007 type, rev A)	1982	Sega
pengojbl	Maze / Action	2	vertical	pengo	Pengo (Japan, bootleg)	1982	bootleg
penta	Maze / Action	2	vertical	pengo	Penta (bootleg)	1982	bootleg (Grinbee Shouji)
pepper2	Action / Maze	2	horizontal		Pepper II (version 8)	1982	Exidy
pepper27	Action / Maze	2	horizontal	pepper2	Pepper II (version 7)	1982	Exidy
percuss	Shooter	2	vertical		The Percussor	1981	Orca
perestro	Action / Puzzle	2	vertical		Perestroika Girls	1994	Promat
perestrof	Action / Puzzle	2	vertical	perestro	Perestroika Girls (Fuuki license)	1993	Promat (Fuuki license)
perfrman	Shooter	2	vertical		Performan (Japan)	1985	Toaplan / Data East Corporation
perfrmanu	Shooter	2	vertical	perfrman	Performan (US)	1985	Toaplan / Data East USA
pestplce	Platform / Action	2	horizontal	mario	Pest Place	1983	bootleg
peterpak	Platform	2	horizontal		Peter Pack Rat	1984	Atari Games
pettanp	Action / Maze	2	horizontal	banbam	Pettan Pyuu (Japan)	1984	Sun Electronics
pfghtj	Fighting	2	horizontal	sgemf	Pocket Fighter (Japan 970904)	1997	Capcom
pfghtsc	Fighting	2	horizontal	sgemf	Pocket Fighter (Simplified Chinese plot translation, Hack)	2025	killme
pgalvip	Sports	2	horizontal		Pocket Gals V.I.P (set 1)	1996	ACE International / Afega
pgalvipa	Puzzle	2	horizontal	pgalvip	Pocket Gals V.I.P (set 2)	1997	<unknown>
pgear	Beat 'em up	3	horizontal	armwar	Powered Gear: Strategic Variant Armor Equipment (Japan 941024)	1994	Capcom
pgearr1	Beat 'em up	3	horizontal	armwar	Powered Gear: Strategic Variant Armor Equipment (Japan 940916)	1994	Capcom
pgemeni	Puzzle	4	horizontal		P-GeMeni (060123)	2006	blastar@gmx.net
pgm3in1	Puzzle	4	horizontal		Shanliang San He Yi (Flash 3-in-1) (V102 08/23/04 13:03:26)	2004	IGS
pgm3in1c100	Puzzle	4	horizontal	pgm3in1	Shanliang San He Yi (Flash 3-in-1) (V100 07/13/04 12:09:20)	2004	IGS
pgmdemo	Misc	4	horizontal		Chaos (PGM Demo)	2005	Raster
pgmfrog	Action	4	horizontal		Frog Feast (PGM)	2006	RasterSoft
pgoal	Football	2	horizontal		Pleasure Goal / Futsal - 5 on 5 Mini Soccer (NGM-219)	1996	Saurus
phantasm	Beat 'em up	2	horizontal	avspirit	Phantasm (Japan)	1990	Jaleco
phantom	Maze / Multi-directional shooter	2	horizontal	spectar	Phantom (bootleg of Spectar)	1980	bootleg (Proel)
phantoma	Maze / Multi-directional shooter	2	horizontal	spectar	Phantomas (bootleg of Spectar)	1980	bootleg (Jeutel)
phelios	Vertical shooter	2	vertical		Phelios	1988	Namco
pheliosj	Vertical shooter	2	vertical	phelios	Phelios (Japan)	1988	Namco
phoenix	Shooter	2	vertical		Phoenix (Amstar, set 1)	1980	Amstar
phoenix2	Shooter	2	vertical	phoenix	Phoenix (Amstar, set 2)	1980	Amstar
phoenix3	Shooter	2	vertical	phoenix	Phoenix (T.P.N. bootleg)	1980	bootleg (T.P.N.)
phoenixa	Shooter	2	vertical	phoenix	Phoenix (Centuri, set 1)	1980	Amstar (Centuri license)
phoenixass	Shooter	2	vertical	phoenix	Phoenix (Assa, Spanish bootleg, set 1)	1981	bootleg (Assa)
phoenixass2	Shooter	2	vertical	phoenix	Phoenix (Assa, Spanish bootleg, set 2)	1981	bootleg (Assa)
phoenixb	Shooter	2	vertical	phoenix	Phoenix (Centuri, set 2)	1980	Amstar (Centuri license)
phoenixbl	Shooter	2	vertical	phoenix	Phoenix (bootleg)	1981	bootleg
phoenixc	Shooter	2	vertical	phoenix	Phoenix (Irecsa / G.G.I. Corporation)	1981	bootleg? (Irecsa / G.G.I. Corporation)
phoenixc2	Shooter	2	vertical	phoenix	Phoenix (G.G.I. Corporation, set 1)	1981	bootleg (G.G.I. Corporation)
phoenixc3	Shooter	2	vertical	phoenix	Phoenix (G.G.I. Corporation, set 2)	1981	bootleg (G.G.I. Corporation)
phoenixc4	Shooter	2	vertical	phoenix	Phoenix (G.G.I. Corporation, set 3)	1981	bootleg (G.G.I. Corporation)
phoenixdal	Shooter	2	vertical	phoenix	Phoenix (D&L bootleg)	1980	bootleg (D&L)
phoenixgu	Shooter	2	vertical	phoenix	Phoenix (G. Universal Video bootleg)	1981	bootleg? (G. Universal Video)
phoenixha	Shooter	2	vertical	phoenix	Phoenix (Hellomat Automaten bootleg)	1981	bootleg (Hellomat Automaten)
phoenixj	Shooter	2	vertical	phoenix	Phoenix (Taito Japan)	1980	Amstar (Taito Japan license)
phoenixs	Shooter	2	vertical	phoenix	Phoenix (Sonic, Spanish bootleg)	1981	bootleg (Sonic)
phoenixt	Shooter	2	vertical	phoenix	Phoenix (Taito)	1980	Amstar (Taito license)
phoenxp2	Shooter	2	vertical	phoenix	Phoenix Part 2	1981	bootleg
photof	Racing	2	horizontal	wwjgtin	Photo Finish (bootleg?)	1991	Jaleco / Casio
photoy2k	Puzzle	4	horizontal		Photo Y2K / Chaoji Bi Yi Bi / Dajia Lai Zhao Cha / Real and Fake (ver. 105)	1999	IGS
photoy2k102j	Puzzle	4	horizontal	photoy2k	Photo Y2K / Chaoji Bi Yi Bi / Dajia Lai Zhao Cha / Real and Fake (ver. 102, Japanese Board)	1999	IGS
photoy2k103j	Puzzle	4	horizontal	photoy2k	Photo Y2K / Chaoji Bi Yi Bi / Dajia Lai Zhao Cha / Real and Fake (ver. 103, Japanese Board)	1999	IGS
photoy2k104	Puzzle	4	horizontal	photoy2k	Photo Y2K / Chaoji Bi Yi Bi / Dajia Lai Zhao Cha / Real and Fake (ver. 104)	1999	IGS
phozon	Puzzle	2	vertical		Phozon (Japan)	1983	Namco
phozons	Puzzle	2	vertical	phozon	Phozon (Sidam)	1983	Namco (Sidam license)
pickin	Maze	2	vertical		Pickin'	1983	Valadon Automation
pignewt	Platform	2	vertical		Pig Newton (version C)	1983	Sega
pignewta	Platform	2	vertical	pignewt	Pig Newton (version A)	1983	Sega
pigskin	Football	2	horizontal		Pigskin 621AD (rev 1.1K 8/01/90)	1990	Midway
pigskina	Football	2	horizontal	pigskin	Pigskin 621AD (rev 2.0 7/06/90)	1990	Midway
pigskinb	Football	2	horizontal	pigskin	Pigskin 621AD (rev 1.1 6/05/90)	1990	Midway
pinbo	Pinball	2	vertical		Pinbo (set 1)	1984	Jaleco
pinboa	Pinball	2	vertical	pinbo	Pinbo (set 2)	1984	Jaleco
pinbos	Pinball	2	vertical	pinbo	Pinbo (bootleg)	1985	bootleg (Strike)
pingpong	Ball & paddle	2	horizontal		Konami's Ping-Pong	1985	Konami
pinkswts	Vertical shooter	2	vertical		Pink Sweets: Ibara Sorekara (2006/04/06 MASTER VER....)	2006	Cave (AMI license)
pinkswtsa	Vertical shooter	2	vertical	pinkswts	Pink Sweets: Ibara Sorekara (2006/04/06 MASTER VER...)	2006	Cave (AMI license)
pinkswtsb	Vertical shooter	2	vertical	pinkswts	Pink Sweets: Ibara Sorekara (2006/04/06 MASTER VER.)	2006	Cave (AMI license)
pinkswtssc	Vertical shooter	2	vertical	pinkswts	Pink Sweets: Suicide Club (2017/10/31 SUICIDECLUB VER., bootleg)	2017	bootleg (Four Horsemen)
pinkswtsx	Vertical shooter	2	vertical	pinkswts	Pink Sweets: Ibara Sorekara (2006/xx/xx MASTER VER.)	2006	Cave (AMI license)
pipedrm	Puzzle	2	horizontal		Pipe Dream (World)	1990	Video System Co.
pipedrmj	Puzzle	2	horizontal	pipedrm	Pipe Dream (Japan)	1990	Video System Co.
pipedrmt	Puzzle	2	horizontal	pipedrm	Pipe Dream (Taiwan)	1990	Video System Co.
pipedrmu	Puzzle	2	horizontal	pipedrm	Pipe Dream (US)	1990	Video System Co.
pipibibs	Platform	2	horizontal		Pipi & Bibis / Whoopee!! (Z80 sound cpu, set 1)	1991	Toaplan
pipibibsa	Platform	2	horizontal	pipibibs	Pipi & Bibis / Whoopee!! (Z80 sound cpu, set 2)	1991	Toaplan
pipibibsp	Platform	2	horizontal	pipibibs	Pipi & Bibis / Whoopee!! (prototype)	1991	Toaplan
piranha	Maze / Action	2	vertical	puckman	Piranha	1981	GL (US Billiards license)
piranhah	Maze / Action	2	vertical	puckman	Piranha (hack)	1981	hack
piranhao	Maze / Action	2	vertical	puckman	Piranha (older)	1981	GL (US Billiards license)
pirates	Shooter	2	horizontal		Pirates (set 1)	1994	NIX
piratesb	Shooter	2	horizontal	pirates	Pirates (set 2)	1995	NIX
piratpet	Platform / Action	2	horizontal	junglek	Pirate Pete	1982	Taito America Corporation
pisces	Vertical shooter	2	vertical		Pisces	19??	Subelectro
piscesb	Vertical shooter	2	vertical	pisces	Pisces (bootleg)	19??	bootleg
pistoldm	Horizontal shooter	2	horizontal		Pistol Daimyo no Bouken (Japan)	1990	Namco
pitapat	Puzzle	2	horizontal		Pitapat Puzzle (set 1)	1997	F2 System
pitapata	Puzzle	2	horizontal	pitapat	Pitapat Puzzle (set 2)	1997	F2 System
pitfall2	Platform	2	horizontal		Pitfall II (315-5093)	1985	Sega
pitfall2a	Platform	2	horizontal	pitfall2	Pitfall II (315-5093, Flicky Conversion)	1985	Sega
pitfall2u	Platform	2	horizontal	pitfall2	Pitfall II (not encrypted)	1985	Sega
pitfight	Fighting	2	horizontal		Pit Fighter (rev 9)	1990	Atari Games
pitfight3	Fighting	2	horizontal	pitfight	Pit Fighter (rev 3)	1990	Atari Games
pitnrun	Racing	2	vertical		Pit & Run - F-1 Race (rev 1)	1984	Taito Corporation
pitnruna	Racing	2	vertical	pitnrun	Pit & Run - F-1 Race	1984	Taito Corporation
pitnrunb	Racing	2	vertical	pitnrun	Pit & Run - F-1 Race (location test?)	1984	Taito Corporation
pkladies	Mahjong	2	horizontal		Poker Ladies	1989	Mitchell
pkladiesl	Mahjong	2	horizontal	pkladies	Poker Ladies (Leprechaun ver. 510)	1989	Leprechaun
pkladiesla	Mahjong	2	horizontal	pkladies	Poker Ladies (Leprechaun ver. 401)	1989	Leprechaun
pkscram	Sports	2	horizontal		PK Scramble	1993	Cosmo Electronics Corporation
pktgaldx	Sports	2	horizontal		Pocket Gal Deluxe (Europe v3.00)	1992	Data East Corporation
pktgaldxa	Sports	2	horizontal	pktgaldx	Pocket Gal Deluxe (Asia v3.00)	1992	Data East Corporation
pktgaldxj	Sports	2	horizontal	pktgaldx	Pocket Gal Deluxe (Japan v3.00)	1993	Data East Corporation (Nihon System license)
pkunwar	Sports	2	horizontal		Penguin-Kun Wars (US)	1985	UPL
pkunwarj	Sports	2	horizontal	pkunwar	Penguin-Kun Wars (Japan, set 1)	1985	UPL
pkunwarja	Sports	2	horizontal	pkunwar	Penguin-Kun Wars (Japan, set 2)	1985	UPL
playball	Action	2	vertical		PlayBall! (prototype)	1983	Williams
plegends	Fighting	2	horizontal		Gogetsuji Legends (US, Ver. 95.06.20)	1995	Atlus
plegendsj	Fighting	2	horizontal	plegends	Gouketsuji Gaiden - Saikyou Densetsu (Japan, Ver. 95.06.20)	1995	Atlus
plegendsjq	Fighting	2	horizontal	plegends	Gouketsuji Gaiden - Saikyou Densetsu (Infinite Energy, Hack)	2023	hack
pleiadbl	Shooter	2	vertical	pleiads	Pleiads (bootleg set 1)	1981	bootleg
pleiadce	Shooter	2	vertical	pleiads	Pleiads (Centuri)	1981	Tehkan (Centuri license)
pleiads	Shooter	2	vertical		Pleiads (Tehkan)	1981	Tehkan
pleiadsb2	Shooter	2	vertical	pleiads	Pleiads (bootleg set 2)	1981	bootleg (ESG)
pleiadsgmp	Shooter	2	vertical	pleiads	Pleiads (GMP Games)	1981	bootleg (GMP Games)
pleiadsi	Shooter	2	vertical	pleiads	Pleiads (Irecsa, set 1)	1981	Tehkan (Irecsa license)
pleiadsia	Shooter	2	vertical	pleiads	Pleiads (Irecsa, set 2)	1981	Tehkan (Irecsa license)
pleiadsn	Shooter	2	vertical	pleiads	Pleiads (Niemer S.A.)	1981	bootleg (Niemer S.A.)
pleiadss	Shooter	2	vertical	pleiads	Pleiads (Famaresa, Spanish bootleg)	1981	bootleg (Famaresa)
plgirls	Breakout	2	vertical		Play Girls	1992	Hot-B Co., Ltd.
plgirls2	Shooter	2	vertical		Play Girls 2 (Europe)	1993	Hot-B Co., Ltd.
plgirls2b	Shooter	2	vertical	plgirls2	Play Girls 2 (bootleg)	1993	bootleg
plgirls2j	Shooter	2	vertical	plgirls2	Play Girls 2 (Japan)	1993	Hot-B Co., Ltd.
plotting	Puzzle	2	horizontal		Plotting (World set 1)	1989	Taito Corporation Japan
plottinga	Puzzle	2	horizontal	plotting	Plotting (World set 2, protected)	1989	Taito Corporation Japan
plottingb	Puzzle	2	horizontal	plotting	Plotting (World set 3, earliest version)	1989	Taito Corporation Japan
plottingu	Puzzle	2	horizontal	plotting	Plotting (US)	1989	Taito America Corporation
plumppop	Breakout	2	horizontal		Plump Pop (Japan)	1987	Taito Corporation
plusalph	Vertical shooter	2	vertical		Plus Alpha	1989	Jaleco
pnc	Maze	2	vertical	lnc	Pac'n'Chase (Hack)	1981	Data East Corporation
pnickj	Puzzle	2	horizontal		Pnickies (Japan 940608)	1994	Compile (Capcom license)
pnicku	Puzzle	2	horizontal	pnickj	Pnickies (USA 940608)	1994	Compile (Capcom license)
pnyaa	Puzzle	2	horizontal		Pochi and Nyaa (Ver 2.02)	2003	Aiky / Taito
pnyaaa	Puzzle	2	horizontal	pnyaa	Pochi and Nyaa (Ver 2.00)	2003	Aiky / Taito
poitto	Puzzle	2	horizontal		Poitto! (revision D)	1993	Metro / Able Corp.
poknight	Casino	1	horizontal		Poker Night (HB)	199?	Jeff Kurtz
pokonyan	Misc	2	horizontal		Pokonyan! Balloon (Japan 940322)	1994	Capcom
pokrdice	Misc	1	vertical		Poker Dice (V1.7)	1991	Strata / Incredible Technologies
pollux	Vertical shooter	2	vertical		Pollux (set 1)	1991	Dooyong
polluxa	Vertical shooter	2	vertical	pollux	Pollux (set 2)	1991	Dooyong
polluxa2	Vertical shooter	2	vertical	pollux	Pollux (set 3)	1991	Dooyong
polluxn	Vertical shooter	2	vertical	pollux	Pollux (Japan, NTC license, distributed by Atlus)	1991	Dooyong (NTC / Atlus license)
pompingw	Puzzle	2	horizontal	pang	Pomping World (Japan)	1989	Mitchell
ponpoko	Platform	2	horizontal		Ponpoko	1982	Sigma Enterprises Inc.
ponpokov	Platform	2	horizontal	ponpoko	Ponpoko (Venture Line)	1982	Sigma Enterprises Inc. (Venture Line license)
poosho	Breakout	2	horizontal		Poosho Poosho	1999	F2 System
pootan	Shooter	2	vertical	pooyan	Pootan	1982	bootleg
pooyan	Shooter	2	vertical		Pooyan	1982	Konami
pooyans	Shooter	2	vertical	pooyan	Pooyan (Stern Electronics)	1982	Konami (Stern Electronics license)
pop_hh	Platform	2	horizontal	hardhead	Popper (bootleg of Hard Head)	1989	bootleg
popbingo	Puzzle	2	horizontal		Pop Bingo	1996	Dooyong
popbounc	Puzzle	2	horizontal		Pop 'n Bounce / Gapporin	1997	Video System Co.
popeye	Action / Platform	2	horizontal		Popeye (revision D)	1982	Nintendo
popeyeb3	Action / Platform	2	horizontal	popeye	Popeye (bootleg set 3)	1982	bootleg
popeyef	Action / Platform	2	horizontal	popeye	Popeye (revision F)	1982	Nintendo
popeyej	Action / Platform	2	horizontal	popeye	Popeye (Japan)	1982	Nintendo
popeyejo	Action / Platform	2	horizontal	popeye	Popeye (Japan, Older)	1982	Nintendo
popeyeman	Maze / Action	2	vertical	puckman	Popeye-Man	1981	hack
popeyeu	Action / Platform	2	horizontal	popeye	Popeye (revision D not protected)	1982	Nintendo
popflame	Action	2	vertical		Pop Flamer (protected)	1982	Jaleco
popflamea	Action	2	vertical	popflame	Pop Flamer (not protected)	1982	Jaleco
popflameb	Action	2	vertical	popflame	Pop Flamer (hack?)	1982	Jaleco
popflamen	Action	2	vertical	popflame	Pop Flamer (bootleg on Naughty Boy PCB)	1982	Jaleco
popnpop	Puzzle	2	horizontal		Pop'n Pop (Ver 2.07O 1998/02/09)	1997	Taito Corporation
popnpopj	Puzzle	2	horizontal	popnpop	Pop'n Pop (Ver 2.07J 1998/02/09)	1997	Taito Corporation
popnpopu	Puzzle	2	horizontal	popnpop	Pop'n Pop (Ver 2.07A 1998/02/09)	1997	Taito Corporation
popper	Action	2	vertical		Popper	1983	Omori Electric Co., Ltd.
popspops	Puzzle	2	horizontal		Pop's Pop's	1999	Afega
porky	Horizontal shooter	2	vertical		Porky	1985	Shinkai Inc. (Magic Electronics Inc. license)
porter	Platform	2	vertical	dockman	Port Man (bootleg on Moon Cresta hardware)	1982	bootleg
portman	Action	2	vertical	dockman	Port Man	1982	Taito Corporation (Nova Games Ltd. license)
portmanj	Action	2	vertical	dockman	Port Man (Japan)	1982	Taito Corporation
potopoto	Puzzle	2	horizontal		Poto Poto (Japan, Rev A)	1994	Sega
poundfor	Sports	2	vertical		Pound for Pound (World)	1990	Irem
poundforj	Sports	2	vertical	poundfor	Pound for Pound (Japan)	1990	Irem
poundforu	Sports	2	vertical	poundfor	Pound for Pound (US)	1990	Irem America
pow	Beat 'em up	2	horizontal		P.O.W. - Prisoners of War (US version 1)	1988	SNK
powa	Beat 'em up	2	horizontal	pow	P.O.W. - Prisoners of War (US version 1, mask ROM sprites)	1988	SNK
powerbal	Sports / Breakout	2	horizontal		Power Balls	1994	Playmark
powerdrv	Racing	3	horizontal		Power Drive	1986	Bally Midway
powerins	Fighting	2	horizontal		Power Instinct (USA)	1993	Atlus
powerinsa	Fighting	2	horizontal	powerins	Power Instinct (USA, bootleg set 1)	1993	bootleg
powerinsb	Fighting	2	horizontal	powerins	Power Instinct (USA, bootleg set 2)	1993	bootleg
powerinsj	Fighting	2	horizontal	powerins	Gouketsuji Ichizoku (Japan)	1993	Atlus
powerinspj	Fighting	2	horizontal	powerins	Gouketsuji Ichizoku (Japan, prototype)	1993	Atlus
powerinspu	Fighting	2	horizontal	powerins	Power Instinct (USA, prototype)	1993	Atlus
powernbr	Fighting	2	horizontal	powerins	Power Instinct (Brasil, v1.0, Hack)	2006	hack (NeoGeo BR Team)
powj	Beat 'em up	2	horizontal	pow	Datsugoku - Prisoners of War (Japan)	1988	SNK
ppan	Beat 'em up	2	horizontal	hook	Peter Pan (bootleg of Hook)	1992	bootleg
ppchamp	Mini-games	3	horizontal	gotcha	Pasha Pasha Champ Mini Game Festival (Korea, set 1)	1997	Dongsung / Para
ppchampa	Mini-games	3	horizontal	gotcha	Pasha Pasha Champ Mini Game Festival (Korea, set 2)	1997	Dongsung / Para
ppmast93	Ball & paddle	2	horizontal		Ping Pong Masters '93	1993	Electronic Devices S.R.L.
pprobe	Vertical shooter	2	vertical		Planet Probe (prototype?)	1985	Crux / Kyugo?
prehisle	Horizontal shooter	2	horizontal		Prehistoric Isle in 1930 (World, set 1)	1989	SNK
prehislea	Horizontal shooter	2	horizontal	prehisle	Prehistoric Isle in 1930 (World, set 2)	1989	SNK
prehisleb	Horizontal shooter	2	horizontal	prehisle	Prehistoric Isle in 1930 (World, bootleg)	1989	bootleg
prehislek	Horizontal shooter	2	horizontal	prehisle	Wonsido 1930's (Korea)	1989	SNK (Victor license)
prehisleu	Horizontal shooter	2	horizontal	prehisle	Prehistoric Isle in 1930 (US)	1989	SNK
preisle2	Horizontal shooter	2	horizontal		Prehistoric Isle 2	1999	Yumekobo / Saurus
primella	Puzzle	2	horizontal	gundl94	Primella (Japan, NTC license)	1994	Dooyong (NTC license)
prmtmfgt	Fighting	2	horizontal	trstar	Prime Time Fighter (Ver 2.1A 1993/05/21) (New Version)	1993	Taito America Corporation
prmtmfgto	Fighting	2	horizontal	trstar	Prime Time Fighter (Ver 2.1A 1993/05/21) (Old Version)	1993	Taito America Corporation
profpac	Quiz	2	horizontal		Professor Pac-Man	1983	Dave Nutting Associates / Bally Midway
progear	Horizontal shooter	2	horizontal		Progear (Europe 010117)	2001	Cave (Capcom license)
progeara	Horizontal shooter	2	horizontal	progear	Progear (Asia 010117)	2001	Cave (Capcom license)
progearj	Horizontal shooter	2	horizontal	progear	Progear no Arashi (Japan 010117)	2001	Cave (Capcom license)
progearjbl	Horizontal shooter	2	horizontal	progear	Progear no Arashi (Japan 010117) (decrypted bootleg)	2001	bootleg
progearjd	Horizontal shooter	2	horizontal	progear	Progear no Arashi (Japan 010117 Phoenix Edition) (bootleg)	2001	bootleg
progearu	Horizontal shooter	2	horizontal	progear	Progear (USA 010117)	2001	Cave (Capcom license)
progearud	Horizontal shooter	2	horizontal	progear	Progear (USA 010117 Phoenix Edition) (bootleg)	2001	bootleg
progolf	Sports	2	vertical		18 Holes Pro Golf (set 1)	1981	Data East Corporation
progress	Vertical shooter	1	vertical		Progress	1984	Chuo Co. Ltd
promutrv	Quiz	2	vertical		Progressive Music Trivia (Question set 1)	1985	Enerdyne Technologies Inc.
promutrva	Quiz	2	vertical	promutrv	Progressive Music Trivia (Question set 2)	1985	Enerdyne Technologies Inc.
promutrvb	Quiz	2	vertical	promutrv	Progressive Music Trivia (Question set 3)	1985	Enerdyne Technologies Inc.
promutrvc	Quiz	2	vertical	promutrv	Progressive Music Trivia (Question set 4)	1985	Enerdyne Technologies Inc.
proneon	Vertical shooter	2	vertical		Project Neon - Caravan Edition (HB, pre-alpha v0.4.19)	2019	FULLSET
prtytime	Maze	2	vertical		Party Time: Gonta the Diver II / Ganbare! Gonta!! 2 (World Release)	1995	Mitchell
psoldier	Fighting	2	horizontal	ssoldier	Perfect Soldiers (Japan)	1993	Irem
pspikes	Sports	2	horizontal		Power Spikes (World)	1991	Video System Co.
pspikes2	Sports	2	horizontal		Power Spikes II (NGM-068)	1994	Video System Co.
pspikesb	Sports	2	horizontal	pspikes	Power Spikes (bootleg)	1991	bootleg
pspikesba	Sports	2	horizontal	pspikes	Power Spikes (Italian bootleg)	1991	bootleg (Playmark?)
pspikesc	Sports	2	horizontal	pspikes	Power Spikes (China, bootleg)	1991	bootleg
pspikesk	Sports	2	horizontal	pspikes	Power Spikes (Korea)	1991	Video System Co.
pspikesu	Sports	2	horizontal	pspikes	Power Spikes (US)	1991	Video System Co.
psurge	Maze	2	vertical		Power Surge	1988	Vision Electronics
psychic5	Platform	2	vertical		Psychic 5 (World)	1987	Jaleco / NMK
psychic5j	Platform	2	vertical	psychic5	Psychic 5 (Japan)	1987	Jaleco / NMK
psychos	Beat 'em up	2	horizontal		Psycho Soldier (US)	1987	SNK
psychosj	Beat 'em up	2	horizontal	psychos	Psycho Soldier (Japan)	1987	SNK
ptblank	Shooter	2	horizontal		Point Blank (World, GN2 Rev B, set 1)	1994	Namco
ptblanka	Shooter	2	horizontal	ptblank	Point Blank (World, GN2 Rev B, set 2)	1994	Namco
pturn	Sports	2	vertical		Parallel Turn	1984	Jaleco
pubball	Sports	2	horizontal		Power Up Baseball (prototype)	1996	Midway / Incredible Technologies
puchicar	Puzzle	2	horizontal		Puchi Carat (Ver 2.02O 1997/10/29)	1997	Taito Corporation
puchicarj	Puzzle	2	horizontal	puchicar	Puchi Carat (Ver 2.02J 1997/10/29)	1997	Taito Corporation
puchicaru	Puzzle	2	horizontal	puchicar	Puchi Carat (Ver 2.04A 1997/11/08)	1997	Taito America Corporation
puckman	Maze / Action	2	vertical		Puck Man (Japan, set 1)	1980	Namco
puckmana	Maze / Action	2	vertical	puckman	Puck Man (Alca bootleg)	1980	bootleg (Alca)
puckmanb	Maze / Action	2	vertical	puckman	Puck Man (bootleg, set 1)	1980	bootleg
puckmanb3	Maze / Action	2	vertical	puckman	Puck Man (bootleg, set 3)	1981	bootleg
puckmanf	Maze / Action	2	vertical	puckman	Puck Man (speedup hack)	1980	hack
puckmanh	Maze / Action	2	vertical	puckman	Puck Man (bootleg, set 2)	1980	bootleg (Falcom?)
puckmod	Maze / Action	2	vertical	puckman	Puck Man (Japan, set 2)	1981	Namco
pulirula	Beat 'em up	2	horizontal		PuLiRuLa (World, dual PCB)	1991	Taito Corporation Japan
pulirulaa	Beat 'em up	2	horizontal	pulirula	PuLiRuLa (World, single PCB)	1991	Taito Corporation
pulirulaj	Beat 'em up	2	horizontal	pulirula	PuLiRuLa (Japan)	1991	Taito Corporation
pulsar	Maze	2	vertical		Pulsar	1981	Sega
pulstar	Horizontal shooter	2	horizontal		Pulstar	1995	Aicom
pulstara	Horizontal shooter	2	horizontal	pulstar	Pulstar (alternate board)	1995	Aicom
punchita	Sports	1	horizontal	punchout	Punch-Out!! (Italian bootleg)	1984	bootleg
punchkid	Maze	2	vertical	olibochu	Punching Kid (Japan)	1981	Irem
punchout	Sports	1	horizontal		Punch-Out!! (Rev B)	1984	Nintendo
punchouta	Sports	1	horizontal	punchout	Punch-Out!! (Rev A)	1984	Nintendo
punchoutah	Sports	1	horizontal	punchout	Punch-Out!! (Rev A, harder)	1984	Nintendo
punchoutj	Sports	2	horizontal	punchout	Punch-Out!! (Japan)	1984	Nintendo
punipic	Beat 'em up	2	horizontal	punisher	The Punisher (bootleg with PIC16C57, set 1)	1993	bootleg
punipic2	Beat 'em up	2	horizontal	punisher	The Punisher (bootleg with PIC16C57, set 2)	1993	bootleg
punipic3	Beat 'em up	2	horizontal	punisher	The Punisher (bootleg with PIC16C57, set 3)	1993	bootleg
punishbs	Beat 'em up	2	horizontal	punisher	The Punisher (1vs2 Match, Hack)	2018	hack
punishdw	Beat 'em up	2	horizontal	punisher	The Punisher (Warriors, Hack)	2009	hack
punisher	Beat 'em up	2	horizontal		The Punisher (World 930422)	1993	Capcom
punisherb	Beat 'em up	2	horizontal	punisher	The Punisher (bootleg)	1993	bootleg
punisherbz	Beat 'em up	2	horizontal	punisher	Biaofeng Zhanjing (Chinese bootleg of The Punisher)	2002	bootleg
punisherh	Beat 'em up	2	horizontal	punisher	The Punisher (Hispanic 930422)	1993	Capcom
punisherj	Beat 'em up	2	horizontal	punisher	The Punisher (Japan 930422)	1993	Capcom
punisheru	Beat 'em up	2	horizontal	punisher	The Punisher (USA 930422)	1993	Capcom
punishfw	Beat 'em up	2	horizontal	punisher	The Punisher (Framework 2020, Hack)	2020	hack
punishhr	Beat 'em up	2	horizontal	punisher	The Punisher (1vs2 Invincible, Hack)	2018	hack
punishly	Beat 'em up	2	horizontal	punisher	The Punisher (1vs2 Flame, Hack)	2018	hack
punishpf	Beat 'em up	2	horizontal	punisher	The Punisher (1vs2 Perfect, Hack)	2018	hack
punkshot	Sports	4	horizontal		Punk Shot (US 4 Players)	1990	Konami
punkshot2	Sports	2	horizontal	punkshot	Punk Shot (US 2 Players)	1990	Konami
punkshot2a	Sports	2	horizontal	punkshot	Punk Shot (Asia 2 Players, hacked?)	1990	Konami
punkshot2e	Sports	2	horizontal	punkshot	Punk Shot (World 2 Players)	1990	Konami
punkshotj	Sports	2	horizontal	punkshot	Punk Shot (Japan 2 Players)	1990	Konami
punkshotjh	Sports	2	horizontal	punkshot	Punk Shot (Japan 2 Players, year hack)	1992	Konami
pururun	Puzzle	2	horizontal		Pururun (set 1)	1995	Metro / Banpresto
pururuna	Puzzle	2	horizontal	pururun	Pururun (set 2)	1995	Metro / Banpresto
pushman	Puzzle	2	horizontal		Pushman (Korea, set 1)	1990	Comad
pushmana	Puzzle	2	horizontal	pushman	Pushman (Korea, set 2)	1990	Comad
pushmans	Puzzle	2	horizontal	pushman	Pushman (American Sammy license)	1990	Comad (American Sammy license)
pushmant	Puzzle	2	horizontal	pushman	Pushman (Top Tronic license)	1990	Comad (Top Tronic license)
puyo	Puzzle	2	horizontal		Puyo Puyo (World)	1992	Compile / Sega
puyobl	Puzzle	2	horizontal	puyo	Puyo Puyo (World, bootleg)	1992	bootleg
puyoj	Puzzle	2	horizontal	puyo	Puyo Puyo (Japan, Rev B)	1992	Compile / Sega
puyoja	Puzzle	2	horizontal	puyo	Puyo Puyo (Japan, Rev A)	1992	Compile / Sega
puyopuy2	Puzzle	2	horizontal		Puyo Puyo 2 (Japan)	1994	Compile (Sega license)
puzlbang	Puzzle	2	horizontal	suplup	Puzzle Bang Bang (Korea, version 2.9 / 990108)	1999	Omega System
puzlbanga	Puzzle	2	horizontal	suplup	Puzzle Bang Bang (Korea, version 2.8 / 990106)	1999	Omega System
puzlclub	Puzzle	2	vertical		Puzzle Club (Japan prototype)	1990	Namco
puzlstar	Puzzle	4	horizontal		Puzzle Star / Mohuan Xingzuo (ver. 100MG, 09/30/99 build)	1999	IGS (Metro license)
puzlstara	Puzzle	4	horizontal	puzlstar	Puzzle Star / Mohuan Xingzuo (ver. 100MG, 09/20/99 build)	1999	IGS (Metro license)
puzzldpr	Puzzle	2	horizontal		Puzzle De Pon! R!	1997	Visco
puzzledp	Puzzle	2	horizontal		Puzzle De Pon!	1995	Visco
puzzlekg	Misc	2	horizontal		Puzzle King (Dance & Puzzle)	1998	Eolith
puzzli	Puzzle	2	horizontal		Puzzli (revision B)	1995	Metro / Banpresto
puzzli2	Puzzle	4	horizontal		Puzzli 2 / Pao Pao Yu (ver. 100)	1999	IGS (Metro license)
puzzli2s	Puzzle	4	horizontal	puzzli2	Puzzli 2 Super / Pao Pao Yu Super (ver. 200)	2001	IGS (Metro license)
puzzlia	Puzzle	2	horizontal	puzzli	Puzzli (revision A)	1995	Metro / Banpresto
puzzloop	Puzzle	2	horizontal		Puzz Loop (Europe, v0.94)	1998	Mitchell
puzzloopa	Puzzle	2	horizontal	puzzloop	Puzz Loop (Asia)	1998	Mitchell
puzzloope	Puzzle	2	horizontal	puzzloop	Puzz Loop (Europe, v0.93)	1998	Mitchell
puzzloopj	Puzzle	2	horizontal	puzzloop	Puzz Loop (Japan)	1998	Mitchell
puzzloopk	Puzzle	2	horizontal	puzzloop	Puzz Loop (Korea)	1998	Mitchell
puzzloopu	Puzzle	2	horizontal	puzzloop	Puzz Loop (USA)	1998	Mitchell
puzzlove	Puzzle	2	horizontal		PuzzLove	1994	Para
puzzlovek	Puzzle	2	horizontal	puzzlove	PuzzLove (Korea)	1994	Para
puzznic	Puzzle	2	horizontal		Puzznic (World)	1989	Taito Corporation Japan
puzznicb	Puzzle	2	horizontal	puzznic	Puzznic (bootleg, set 1)	1989	bootleg
puzznicba	Puzzle	2	horizontal	puzznic	Puzznic (bootleg, set 2)	1989	bootleg
puzznici	Puzzle	2	horizontal	puzznic	Puzznic (Italian bootleg)	1989	bootleg
puzznicj	Puzzle	2	horizontal	puzznic	Puzznic (Japan)	1989	Taito Corporation
puzznicu	Puzzle	2	horizontal	puzznic	Puzznic (US)	1989	Taito America Corporation
pwheelsj	Racing	2	horizontal	dblaxle	Power Wheels (Japan, Rev 2, Linkable)	1991	Taito Corporation
pwrgoal	Football	2	horizontal		Taito Power Goal (Ver 2.5O 1994/11/03)	1994	Taito Corporation Japan
pwrinst2	Fighting	2	horizontal		Power Instinct 2 (US, Ver. 94.04.08, set 1)	1994	Atlus
pwrinst2a	Fighting	2	horizontal	pwrinst2	Power Instinct 2 (US, Ver. 94.04.08, set 2)	1994	Atlus
pwrinst2j	Fighting	2	horizontal	pwrinst2	Gouketsuji Ichizoku 2 (Japan, Ver. 94.04.08, set 1)	1994	Atlus
pwrinst2ja	Fighting	2	horizontal	pwrinst2	Gouketsuji Ichizoku 2 (Japan, Ver. 94.04.08, set 2)	1994	Atlus
pwrinst2k	Fighting	2	horizontal	pwrinst2	Power instinct 2 (Korea, Ver. 94/04/08)	1994	Atlus
py2k2	Puzzle	4	horizontal		Photo Y2K 2 / Chaoji Bi Yi Bi 2 / Dajia Lai Zhao Cha 2 / Real and Fake 2 Photo Y2K (M101XX 05/25/01 11:02:54)	2001	IGS
py2k2100	Puzzle	4	horizontal	py2k2	Photo Y2K 2 / Chaoji Bi Yi Bi 2 / Dajia Lai Zhao Cha 2 / Real and Fake 2 Photo Y2K (ver. 100, Japanese Board)	2000	IGS
pyros	Platform	2	horizontal	wardner	Pyros (US)	1987	Toaplan / Taito America Corporation
pzlbowl	Puzzle	2	horizontal		Puzzle De Bowling (Japan)	1999	Nihon System / MOSS
pzlbreak	Breakout	2	horizontal		Puzzle Break (set 1)	1997	SemiCom / Tirano
pzlbreaka	Breakout	2	horizontal	pzlbreak	Puzzle Break (set 2)	1997	SemiCom / Tirano
pzloop2	Puzzle	2	horizontal		Puzz Loop 2 (Europe 010302)	2001	Mitchell (Capcom license)
pzloop2j	Puzzle	2	horizontal	pzloop2	Puzz Loop 2 (Japan 010226)	2001	Mitchell (Capcom license)
pzloop2jd	Puzzle	2	horizontal	pzloop2	Puzz Loop 2 (Japan 010226 Phoenix Edition) (bootleg)	2001	bootleg
pzloop2jp	Puzzle	2	horizontal	pzloop2	Puzz Loop 2 (Japan 010201 Publicity)	2001	Mitchell (Capcom license)
pzloop2jr1	Puzzle	2	horizontal	pzloop2	Puzz Loop 2 (Japan 010205)	2001	Mitchell (Capcom license)
qad	Quiz	2	horizontal		Quiz & Dragons: Capcom Quiz Game (USA 920701)	1992	Capcom
qadjr	Quiz	2	horizontal	qad	Quiz & Dragons: Capcom Quiz Game (Japan Resale Ver. 940921)	1994	Capcom
qbert	Action	2	vertical		Q*bert (US set 1)	1982	Gottlieb
qberta	Action	2	vertical	qbert	Q*bert (US set 2)	1982	Gottlieb
qbertj	Action	2	vertical	qbert	Q*bert (Japan)	1982	Gottlieb (Konami license)
qbertqub	Action	1	vertical		Q*bert's Qubes	1983	Mylstar
qberttst	Action	2	vertical	qbert	Q*bert (early test version)	1982	Gottlieb
qbtrktst	Action	2	vertical	qbert	Q*bert Board Input Test Rom	1982	Gottlieb
qcrayon	Quiz	2	horizontal		Quiz Crayon Shinchan (Japan)	1993	Taito Corporation
qcrayon2	Quiz	2	horizontal		Crayon Shinchan Orato Asobo (Japan)	1993	Taito Corporation
qgakumon	Quiz	2	horizontal		Quiz Gakumon no Susume (Japan ver. JA1 Type H)	1993	Konami
qgh	Quiz	2	horizontal		Quiz Ghost Hunter (Japan, ROM Based)	1994	Sega
qix	Action / Puzzle	2	vertical		Qix (Rev 2)	1981	Taito America Corporation
qix2	Action / Puzzle	2	vertical	qix	Qix II (Tournament)	1981	Taito America Corporation
qixa	Action / Puzzle	2	vertical	qix	Qix (set 2, smaller roms)	1981	Taito America Corporation
qixb	Action / Puzzle	2	vertical	qix	Qix (set 2, larger roms)	1981	Taito America Corporation
qixo	Action / Puzzle	2	vertical	qix	Qix (set 3, earlier)	1981	Taito America Corporation
qjinsei	Quiz	2	horizontal		Quiz Jinsei Gekijoh (Japan)	1992	Taito Corporation
qndream	Quiz	2	horizontal		Quiz Nanairo Dreams: Nijiirochou no Kiseki (Japan 960826)	1996	Capcom
qrouka	Quiz	2	horizontal		Quiz Rouka Ni Tattenasai (Japan, ROM Based)	1991	Sega
qsangoku	Quiz	2	horizontal		Quiz Sangokushi (Japan)	1991	Capcom
qsww	Quiz	2	horizontal		Quiz Syukudai wo Wasuremashita (Japan, Floppy Based, FD1094 317-0058-08b)	1991	Sega
qtheater	Quiz	2	horizontal		Quiz Theater - 3tsu no Monogatari (Ver 2.3J 1994/11/10)	1994	Taito Corporation
qtono1	Quiz	2	horizontal		Quiz Tonosama no Yabou (Japan)	1991	Capcom
qtono2j	Quiz	2	horizontal		Quiz Tonosama no Yabou 2: Zenkoku-ban (Japan 950123)	1995	Capcom
qtorimon	Quiz	2	horizontal		Quiz Torimonochou (Japan)	1990	Taito Corporation
quantum	Action / Vector	2	vertical		Quantum (rev 2)	1982	General Computer Corporation (Atari license)
quantum1	Action / Vector	2	vertical	quantum	Quantum (rev 1)	1982	General Computer Corporation (Atari license)
quantump	Action / Vector	2	vertical	quantum	Quantum (prototype)	1982	General Computer Corporation (Atari license)
quartet	Platform	4	horizontal		Quartet (Rev A, 8751 315-5194)	1986	Sega
quartet2	Platform	2	horizontal	quartet	Quartet 2 (8751 317-0010)	1986	Sega
quartet2a	Platform	2	horizontal	quartet	Quartet 2 (unprotected)	1986	Sega
quarteta	Platform	4	horizontal	quartet	Quartet (8751 315-5194)	1986	Sega
quarth	Puzzle	2	horizontal	blockhl	Quarth (Japan)	1989	Konami
quester	Breakout	2	vertical		Quester (Japan)	1987	Namco
questers	Breakout	2	vertical	quester	Quester Special Edition (Japan)	1987	Namco
quickshts	Shooter	2	horizontal	targeth	Quick Shots (ver 1.0, checksum AD0C)	1994	Zero / Gaelco
quiz18k	Quiz	2	horizontal		Miyasu Nonki no Quiz 18-Kin	1992	EIM
quizdai2	Quiz	2	horizontal		Quiz Meitantei Neo & Geo - Quiz Daisousa Sen part 2 (NGM-042 ~ NGH-042)	1992	SNK
quizdais	Quiz	2	horizontal		Quiz Daisousa Sen - The Last Count Down (NGM-023 ~ NGH-023)	1991	SNK
quizdaisk	Quiz	2	horizontal	quizdais	Quiz Salibtamjeong - The Last Count Down (Korean localized Quiz Daisousa Sen)	1995	SNK / Viccom
quizf1	Quiz	2	horizontal		Quiz F1 1-2 Finish (Japan)	1992	Irem
quizhq	Quiz	2	horizontal		Quiz H.Q. (Japan)	1990	Taito Corporation
quizhuhu	Quiz	2	horizontal		Moriguchi Hiroko no Quiz de Hyuu!Hyuu! (Ver 2.2J 1995/05/25)	1995	Taito Corporation
quizkof	Quiz	2	horizontal		Quiz King of Fighters (SAM-080 ~ SAH-080)	1995	Saurus (SNK license)
quizkofk	Quiz	2	horizontal	quizkof	Quiz King of Fighters (Korea)	1996	Saurus / Viccom (SNK license)
quizmeku	Quiz	2	horizontal		Quiz Mekurumeku Story (Japan, ROM Based)	1992	Sega
quizmoon	Quiz	2	horizontal		Quiz Bishoujo Senshi Sailor Moon - Chiryoku Tairyoku Toki no Un	1997	Banpresto
quizo	Quiz	1	horizontal		Quiz Olympic (set 1)	1985	Seoul Coin Corp.
quizoa	Quiz	2	horizontal	quizo	Quiz Olympic (set 2)	1985	Seoul Coin Corp.
quiztou	Quiz	2	horizontal		Nettou! Gekitou! Quiztou!! (Japan)	1993	Namco
qzchikyu	Quiz	2	horizontal		Quiz Chikyu Bouei Gun (Japan)	1991	Taito Corporation
qzkklgy2	Quiz	2	horizontal		Quiz Kokology 2	1993	Tecmo
qzkklogy	Quiz	2	horizontal		Quiz Kokology	1992	Tecmo
qzquest	Quiz	2	horizontal		Quiz Quest - Hime to Yuusha no Monogatari (Japan)	1991	Taito Corporation
qzshowby	Quiz	2	horizontal		Quiz Sekai wa SHOW by shobai (Japan)	1993	Taito Corporation
r2dtank	Maze / Action	2	vertical		R2D Tank	1980	Sigma Enterprises Inc.
r2dx_v33	Vertical shooter	2	vertical		Raiden II New / Raiden DX (newer V33 PCB) (Raiden DX EEPROM)	1996	Seibu Kaihatsu
r2dx_v33_r2	Vertical shooter	2	vertical	r2dx_v33	Raiden II New / Raiden DX (newer V33 PCB) (Raiden II EEPROM)	1996	Seibu Kaihatsu
rabbit	Fighting	2	horizontal		Rabbit (Asia 3/6)	1997	Aorn / Electronic Arts
rabbita	Fighting	2	horizontal	rabbit	Rabbit (Asia 1/28?)	1996	Aorn / Electronic Arts
rabbitj	Fighting	2	horizontal	rabbit	Rabbit (Japan 3/6?)	1997	Aorn / Electronic Arts
rabbitjt	Fighting	2	horizontal	rabbit	Rabbit (Japan 1/28, location test)	1996	Aorn / Electronic Arts
rabiolep	Horizontal shooter	2	horizontal		Rabio Lepus (Japan)	1987	V-System Co.
raccoon	Misc	2	horizontal		Raccoon World	1998	Eolith
rachero	Racing	2	horizontal		Racing Hero (FD1094 317-0144)	1989	Sega
racherod	Racing	2	horizontal	rachero	Racing Hero (bootleg of FD1094 317-0144 set)	1989	bootleg
racingb	Racing	2	horizontal		Racing Beat (World)	1991	Taito Corporation Japan
racingbj	Racing	2	horizontal	racingb	Racing Beat (Japan)	1991	Taito Corporation
rackemup	Sports	2	vertical		Rack 'em Up (version L)	1987	Konami
racknrol	Sports	2	horizontal		Rack + Roll	1986	Senko Industries (Status license from Shinkai Inc.)
radarscp	Platform	2	vertical		Radar Scope (TRS02, rev. D)	1980	Nintendo
radarscp1	Platform	2	vertical	radarscp	Radar Scope (TRS01)	1980	Nintendo
radarscpc	Platform	2	vertical	radarscp	Radar Scope (TRS02?, rev. C)	1980	Nintendo
radm	Racing	1	horizontal		Rad Mobile (World)	1990	Sega
radmu	Racing	1	horizontal	radm	Rad Mobile (US)	1990	Sega
radr	Racing	1	horizontal		Rad Rally (World)	1991	Sega
radrad	Vertical shooter	2	horizontal		Radical Radial (US)	1982	Logitec Corp. (Nichibutsu USA license)
radradj	Vertical shooter	2	horizontal	radrad	Radical Radial (Japan)	1983	Logitec Corp.
radrj	Racing	1	horizontal	radr	Rad Rally (Japan)	1991	Sega
radru	Racing	1	horizontal	radr	Rad Rally (US)	1991	Sega
raflesia	Vertical shooter	2	vertical		Rafflesia (315-5162)	1986	Coreland / Sega
raflesiau	Vertical shooter	2	vertical	raflesia	Rafflesia (not encrypted)	1986	Coreland / Sega
ragnagrd	Fighting	2	horizontal		Ragnagard / Shin-Oh-Ken	1996	Saurus
ragtime	Horizontal shooter	2	horizontal	boogwing	The Great Ragtime Show (Japan v1.5, 92.12.07)	1992	Data East Corporation
ragtimea	Horizontal shooter	2	horizontal	boogwing	The Great Ragtime Show (Japan v1.3, 92.11.26)	1992	Data East Corporation
raiden	Vertical shooter	2	vertical		Raiden (World set 1)	1990	Seibu Kaihatsu
raiden2	Vertical shooter	2	vertical		Raiden II (US, set 1)	1993	Seibu Kaihatsu (Fabtek license)
raiden2au	Vertical shooter	2	vertical	raiden2	Raiden II (Australia)	1993	Seibu Kaihatsu
raiden2dx	Vertical shooter	2	vertical	raiden2	Raiden II (harder, Raiden DX hardware, Korea)	1993	Seibu Kaihatsu
raiden2e	Vertical shooter	2	vertical	raiden2	Raiden II (easier, Korea)	1993	Seibu Kaihatsu
raiden2ea	Vertical shooter	2	vertical	raiden2	Raiden II (easier, Japan)	1993	Seibu Kaihatsu
raiden2eg	Vertical shooter	2	vertical	raiden2	Raiden II (easier, Germany)	1993	Seibu Kaihatsu (Tuning license)
raiden2es	Vertical shooter	2	vertical	raiden2	Raiden II (Spain)	1993	Seibu Kaihatsu
raiden2eu	Vertical shooter	2	vertical	raiden2	Raiden II (easier, US set 2)	1993	Seibu Kaihatsu (Fabtek license)
raiden2eua	Vertical shooter	2	vertical	raiden2	Raiden II (easier, US set 1)	1993	Seibu Kaihatsu (Fabtek license)
raiden2eub	Vertical shooter	2	vertical	raiden2	Raiden II (easier, US set 3)	1993	Seibu Kaihatsu (Fabtek license)
raiden2eup	Vertical shooter	2	vertical	raiden2	Raiden II (easier, US, prototype? 11-16)	1993	Seibu Kaihatsu (Fabtek license)
raiden2f	Vertical shooter	2	vertical	raiden2	Raiden II (France)	1993	Seibu Kaihatsu
raiden2g	Vertical shooter	2	vertical	raiden2	Raiden II (Germany)	1993	Seibu Kaihatsu (Tuning license)
raiden2gb	Vertical shooter	2	vertical	raiden2	Raiden II (Great Britain)	1993	Seibu Kaihatsu
raiden2hk	Vertical shooter	2	vertical	raiden2	Raiden II (Hong Kong)	1993	Seibu Kaihatsu (Metrotainment license)
raiden2i	Vertical shooter	2	vertical	raiden2	Raiden II (Italy)	1993	Seibu Kaihatsu
raiden2j	Vertical shooter	2	vertical	raiden2	Raiden II (Japan)	1993	Seibu Kaihatsu
raiden2k	Vertical shooter	2	vertical	raiden2	Raiden II (harder, Korea)	1993	Seibu Kaihatsu
raiden2nl	Vertical shooter	2	vertical	raiden2	Raiden II (Holland)	1993	Seibu Kaihatsu
raiden2sw	Vertical shooter	2	vertical	raiden2	Raiden II (Switzerland)	1993	Seibu Kaihatsu
raiden2u	Vertical shooter	2	vertical	raiden2	Raiden II (US, set 2)	1993	Seibu Kaihatsu (Fabtek license)
raidenb	Vertical shooter	2	vertical	raiden	Raiden (World set 2, newer hardware)	1990	Seibu Kaihatsu
raidendx	Vertical shooter	2	vertical		Raiden DX (UK)	1994	Seibu Kaihatsu
raidendxa1	Vertical shooter	2	vertical	raidendx	Raiden DX (Hong Kong, set 1)	1994	Seibu Kaihatsu (Metrotainment license)
raidendxa2	Vertical shooter	2	vertical	raidendx	Raiden DX (Hong Kong, set 2)	1994	Seibu Kaihatsu (Metrotainment license)
raidendxch	Vertical shooter	2	vertical	raidendx	Raiden DX (China)	1994	Seibu Kaihatsu (Ideal International Development Corp license)
raidendxg	Vertical shooter	2	vertical	raidendx	Raiden DX (Germany)	1994	Seibu Kaihatsu (Tuning license)
raidendxj	Vertical shooter	2	vertical	raidendx	Raiden DX (Japan, set 1)	1994	Seibu Kaihatsu
raidendxja	Vertical shooter	2	vertical	raidendx	Raiden DX (Japan, set 2)	1994	Seibu Kaihatsu
raidendxk	Vertical shooter	2	vertical	raidendx	Raiden DX (Korea)	1994	Seibu Kaihatsu
raidendxnl	Vertical shooter	2	vertical	raidendx	Raiden DX (Holland)	1994	Seibu Kaihatsu
raidendxpt	Vertical shooter	2	vertical	raidendx	Raiden DX (Portugal)	1994	Seibu Kaihatsu
raidendxu	Vertical shooter	2	vertical	raidendx	Raiden DX (US)	1994	Seibu Kaihatsu (Fabtek license)
raidenj	Vertical shooter	2	vertical	raiden	Raiden (Japan)	1990	Seibu Kaihatsu
raidenk	Vertical shooter	2	vertical	raiden	Raiden (Korea)	1990	Seibu Kaihatsu (IBL Corporation license)
raidenkb	Vertical shooter	2	vertical	raiden	Raiden (Korea, bootleg)	1990	bootleg
raident	Vertical shooter	2	vertical	raiden	Raiden (Taiwan)	1990	Seibu Kaihatsu (Liang HWA Electronics license)
raidenu	Vertical shooter	2	vertical	raiden	Raiden (US set 1)	1990	Seibu Kaihatsu (Fabtek license)
raidenua	Vertical shooter	2	vertical	raiden	Raiden (US set 2, SEI8904 hardware)	1990	Seibu Kaihatsu (Fabtek license)
raidenub	Vertical shooter	2	vertical	raiden	Raiden (US set 3, newer hardware)	1990	Seibu Kaihatsu (Fabtek license)
raiders5	Maze	2	horizontal		Raiders5	1985	UPL
raiders5t	Maze	2	horizontal	raiders5	Raiders5 (Japan, set 1)	1985	UPL (Taito license)
raiders5ta	Maze	2	horizontal	raiders5	Raiders5 (Japan, set 2, bootleg?)	1985	UPL (Taito license)
raiga	Horizontal shooter	2	horizontal	stratof	Raiga - Strato Fighter (Japan, set 1)	1991	Tecmo
raigaa	Horizontal shooter	2	horizontal	stratof	Raiga - Strato Fighter (Japan, set 2)	1991	Tecmo
raimais	Maze	2	horizontal		Raimais (World, rev 1)	1988	Taito Corporation Japan
raimaisj	Maze	2	horizontal	raimais	Raimais (Japan, rev 1)	1988	Taito Corporation
raimaisjo	Maze	2	horizontal	raimais	Raimais (Japan)	1988	Taito Corporation
rallybik	Racing	2	vertical		Rally Bike (Europe, US) / Dash Yarou (Japan)	1988	Toaplan / Taito Corporation
rallych	Racing	2	horizontal	trally	Rally Chase (Neo CD conversion)	1991	hack
rallys	Maze / Multi-directional shooter	2	horizontal	spectar	Rallys (bootleg of Spectar, set 1)	1980	bootleg (Novar)
rallysa	Maze / Multi-directional shooter	2	horizontal	spectar	Rallys (bootleg of Spectar, set 2)	1980	bootleg (Musik Box Brescia)
rallyx	Maze	2	horizontal		Rally X (32k Ver.?)	1980	Namco
rallyxa	Maze	2	horizontal	rallyx	Rally X	1980	Namco
rallyxeg	Maze	2	vertical	rallyx	Rally X (Video Game bootleg)	1981	bootleg (Video Game / Electrogame)
rallyxm	Maze	2	horizontal	rallyx	Rally X (Midway)	1980	Namco (Midway license)
rallyxmr	Maze	2	horizontal	rallyx	Rally X (Model Racing bootleg)	1980	bootleg (Model Racing)
rallyxtd	Maze	2	vertical	rallyx	Rally X (Tecnidiver bootleg)	1981	bootleg (Tecnidiver)
rambo3	Shooter	2	horizontal		Rambo III (Europe)	1989	Taito Europe Corporation
rambo3p	Shooter	2	horizontal	rambo3	Rambo III (Europe, Proto?)	1989	Taito Europe Corporation
rambo3u	Shooter	2	horizontal	rambo3	Rambo III (US)	1989	Taito America Corporation
rampage	Action	3	horizontal		Rampage (Rev 3, 8/27/86)	1986	Bally Midway
rampage2	Action	2	horizontal	rampage	Rampage (Rev 2, 8/4/86)	1986	Bally Midway
rampart	Action / Strategy	3	horizontal		Rampart (Trackball)	1990	Atari Games
rampart2p	Action / Strategy	3	horizontal	rampart	Rampart (Joystick, bigger ROMs)	1990	Atari Games
rampart2pa	Action / Strategy	3	horizontal	rampart	Rampart (Joystick, smaller ROMs)	1990	Atari Games
rampartj	Action / Strategy	2	horizontal	rampart	Rampart (Japan, Joystick)	1990	Atari Games
raphero	Vertical shooter	2	vertical	arcadian	Rapid Hero (NMK)	1994	NMK
rapheroa	Vertical shooter	2	vertical	arcadian	Rapid Hero (Media Trading)	1994	NMK (Media Trading license)
rascot	Misc	2	horizontal		Royal Ascot (Japan, terminal?)	1991	Sega
rastan	Beat 'em up	2	horizontal		Rastan (World Rev 1)	1987	Taito Corporation Japan
rastana	Beat 'em up	2	horizontal	rastan	Rastan (World)	1987	Taito Corporation Japan
rastanb	Beat 'em up	2	horizontal	rastan	Rastan (World, earlier code base)	1987	Taito Corporation Japan
rastanu	Beat 'em up	2	horizontal	rastan	Rastan (US Rev 1)	1987	Taito America Corporation
rastanua	Beat 'em up	2	horizontal	rastan	Rastan (US)	1987	Taito America Corporation
rastanub	Beat 'em up	2	horizontal	rastan	Rastan (US, earlier code base)	1987	Taito America Corporation
rastsag2	Beat 'em up	2	horizontal	nastar	Rastan Saga 2 (Japan)	1988	Taito Corporation
rastsaga	Beat 'em up	2	horizontal	rastan	Rastan Saga (Japan Rev 1)	1987	Taito Corporation
rastsagaa	Beat 'em up	2	horizontal	rastan	Rastan Saga (Japan Rev 1, earlier code base)	1987	Taito Corporation
rastsagaabl	Beat 'em up	2	horizontal	rastan	Rastan Saga (bootleg, Japan Rev 1, earlier code base)	1987	bootleg
rastsagab	Beat 'em up	2	horizontal	rastan	Rastan Saga (Japan, earlier code base)	1987	Taito Corporation
rastsagabr	Platform	2	horizontal	rastan	Rastan Saga (Portuguese-BR Translation v1.11, Hack)	2019	hack (Antigeno)
rayforce	Vertical shooter	2	vertical	gunlock	Ray Force (Ver 2.3A 1994/01/20)	1993	Taito America Corporation
rayforcej	Vertical shooter	2	vertical	gunlock	Ray Force (Ver 2.3J 1994/01/20)	1993	Taito Corporation
rbff1	Fighting	2	horizontal		Real Bout Fatal Fury / Real Bout Garou Densetsu (NGM-095 ~ NGH-095)	1995	SNK
rbff1a	Fighting	2	horizontal	rbff1	Real Bout Fatal Fury / Real Bout Garou Densetsu (bug fix revision)	1995	SNK
rbff1k	Fighting	2	horizontal	rbff1	Real Bout Fatal Fury / Real Bout Garou Densetsu (Korean release)	1995	SNK
rbff1ka	Fighting	2	horizontal	rbff1	Real Bout Fatal Fury / Real Bout Garou Densetsu (Korean release, bug fix revision)	1995	SNK
rbff2	Fighting	2	horizontal		Real Bout Fatal Fury 2 - The Newcomers / Real Bout Garou Densetsu 2 - The Newcomers (NGM-2400)	1998	SNK
rbff2bs	Fighting	2	horizontal	rbff2	Real Bout Fatal Fury 2 - The Newcomers / Real Bout Garou Densetsu 2 - The Newcomers (Secret Character, Hack)	1998	hack
rbff2h	Fighting	2	horizontal	rbff2	Real Bout Fatal Fury 2 - The Newcomers / Real Bout Garou Densetsu 2 - The Newcomers (NGH-2400)	1998	SNK
rbff2k	Fighting	2	horizontal	rbff2	Real Bout Fatal Fury 2 - The Newcomers (Korean release)	1998	SNK
rbffspbs	Fighting	2	horizontal	rbffspec	Real Bout Fatal Fury Special / Real Bout Garou Densetsu Special (Boss, Hack)	1996	hack
rbffspec	Fighting	2	horizontal		Real Bout Fatal Fury Special / Real Bout Garou Densetsu Special	1996	SNK
rbffspeck	Fighting	2	horizontal	rbffspec	Real Bout Fatal Fury Special / Real Bout Garou Densetsu Special (Korean release)	1996	SNK
rbisland	Platform	2	horizontal		Rainbow Islands (rev 1)	1987	Taito Corporation
rbislande	Platform	2	horizontal		Rainbow Islands - Extra Version	1988	Taito Corporation
rbislando	Platform	2	horizontal	rbisland	Rainbow Islands	1987	Taito Corporation
rbtapper	Action	2	horizontal	tapper	Tapper (Root Beer)	1984	Bally Midway
rchase	Shooter	2	horizontal		Rail Chase (World)	1991	Sega
rchasej	Shooter	2	horizontal	rchase	Rail Chase (Japan)	1991	Sega
rchasejb	Shooter	2	horizontal	rchase	Rail Chase (Japan, Rev B)	1991	Sega
rdaction	Beat 'em up	2	horizontal	ninjakd2	Rad Action / NinjaKun Ashura no Shou	1987	UPL (World Games license)
rdft	Vertical shooter	2	vertical		Raiden Fighters (Germany)	1996	Seibu Kaihatsu (Tuning license)
rdft2	Vertical shooter	2	vertical		Raiden Fighters 2 - Operation Hell Dive (Germany)	1997	Seibu Kaihatsu (Tuning license)
rdft22kc	Vertical shooter	2	vertical	rdft2	Raiden Fighters 2 - Operation Hell Dive 2000 (China, SYS386I)	2000	Seibu Kaihatsu
rdft2a	Vertical shooter	2	vertical	rdft2	Raiden Fighters 2 - Operation Hell Dive (Hong Kong)	1997	Seibu Kaihatsu (Metrotainment license)
rdft2aa	Vertical shooter	2	vertical	rdft2	Raiden Fighters 2 - Operation Hell Dive (Korea)	1997	Seibu Kaihatsu (Dream Island license)
rdft2it	Vertical shooter	2	vertical	rdft2	Raiden Fighters 2 - Operation Hell Dive (Italy)	1997	Seibu Kaihatsu
rdft2j	Vertical shooter	2	vertical	rdft2	Raiden Fighters 2 - Operation Hell Dive (Japan set 1)	1997	Seibu Kaihatsu
rdft2ja	Vertical shooter	2	vertical	rdft2	Raiden Fighters 2 - Operation Hell Dive (Japan set 2)	1997	Seibu Kaihatsu
rdft2jb	Vertical shooter	2	vertical	rdft2	Raiden Fighters 2 - Operation Hell Dive (Japan set 3)	1997	Seibu Kaihatsu
rdft2jc	Vertical shooter	2	vertical	rdft2	Raiden Fighters 2 - Operation Hell Dive (Japan set 4)	1997	Seibu Kaihatsu
rdft2s	Vertical shooter	2	vertical	rdft2	Raiden Fighters 2 - Operation Hell Dive (Switzerland)	1997	Seibu Kaihatsu
rdft2t	Vertical shooter	2	vertical	rdft2	Raiden Fighters 2 - Operation Hell Dive (Taiwan)	1997	Seibu Kaihatsu
rdft2u	Vertical shooter	2	vertical	rdft2	Raiden Fighters 2 - Operation Hell Dive (US)	1997	Seibu Kaihatsu (Fabtek license)
rdft2us	Vertical shooter	2	vertical	rdft2	Raiden Fighters 2 - Operation Hell Dive (US, single board)	1997	Seibu Kaihatsu (Fabtek license)
rdfta	Vertical shooter	2	vertical	rdft	Raiden Fighters (Austria)	1996	Seibu Kaihatsu
rdftadi	Vertical shooter	2	vertical	rdft	Raiden Fighters (Korea, SUB4 cart)	1996	Seibu Kaihatsu (Dream Island license)
rdftadia	Vertical shooter	2	vertical	rdft	Raiden Fighters (Korea, SUB2 cart)	1996	Seibu Kaihatsu (Dream Island license)
rdftam	Vertical shooter	2	vertical	rdft	Raiden Fighters (Hong Kong)	1996	Seibu Kaihatsu (Metrotainment license)
rdftau	Vertical shooter	2	vertical	rdft	Raiden Fighters (Australia)	1996	Seibu Kaihatsu
rdftauge	Vertical shooter	2	vertical	rdft	Raiden Fighters (Evaluation Software For Show, Germany)	1996	Seibu Kaihatsu (Tuning license)
rdftgb	Vertical shooter	2	vertical	rdft	Raiden Fighters (Great Britain)	1996	Seibu Kaihatsu
rdftgr	Vertical shooter	2	vertical	rdft	Raiden Fighters (Greece)	1996	Seibu Kaihatsu
rdftit	Vertical shooter	2	vertical	rdft	Raiden Fighters (Italy)	1996	Seibu Kaihatsu
rdftj	Vertical shooter	2	vertical	rdft	Raiden Fighters (Japan, earlier)	1996	Seibu Kaihatsu
rdftja	Vertical shooter	2	vertical	rdft	Raiden Fighters (Japan, earliest)	1996	Seibu Kaihatsu
rdftjb	Vertical shooter	2	vertical	rdft	Raiden Fighters (Japan, newer)	1996	Seibu Kaihatsu
rdfts	Vertical shooter	2	vertical	rdft	Raiden Fighters (Taiwan, single board)	1996	Seibu Kaihatsu (Explorer System Corp. license)
rdftu	Vertical shooter	2	vertical	rdft	Raiden Fighters (US, earlier)	1996	Seibu Kaihatsu (Fabtek license)
rdftua	Vertical shooter	2	vertical	rdft	Raiden Fighters (US, newer)	1996	Seibu Kaihatsu (Fabtek license)
reactor	Action	1	horizontal		Reactor	1982	Gottlieb
reaktor	Breakout	2	vertical		Reaktor (Track & Field conversion)	1987	Zilec
recalh	Platform	2	horizontal		Recalhorn (Ver 1.42J 1994/5/11, prototype)	1994	Taito Corporation
recordbr	Sports	2	horizontal		Recordbreaker (World)	1988	Taito Corporation Japan
redbaron	Shooter / Vector	2	horizontal		Red Baron (revised hardware)	1980	Atari
redbarona	Shooter / Vector	2	horizontal	redbaron	Red Baron	1980	Atari
redbird	Shooter	2	vertical	spacefb	Red Bird (bootleg of Space Firebird)	1980	bootleg (Codematic)
redclash	Vertical shooter	2	vertical		Red Clash	1981	Kaneko
redclashs	Vertical shooter	2	vertical	redclash	Red Clash (Suntronics)	1982	Kaneko (Suntronics license)
redclasht	Vertical shooter	2	vertical	redclash	Red Clash (Tehkan, set 1)	1981	Kaneko (Tehkan license)
redclashta	Vertical shooter	2	vertical	redclash	Red Clash (Tehkan, set 2)	1981	Kaneko (Tehkan license)
redearth	Fighting	2	horizontal		Red Earth (Europe 961121)	1996	Capcom
redearthn	Fighting	2	horizontal	redearth	Red Earth (Asia 961121, NO CD)	1996	Capcom
redearthnr1	Fighting	2	horizontal	redearth	Red Earth (Asia 961023, NO CD)	1996	Capcom
redearthr1	Fighting	2	horizontal	redearth	Red Earth (Europe 961023)	1996	Capcom
redfoxwp2	Vertical shooter	2	vertical	grdnstrm	Hong Hu Zhanji II (China, set 1)	1998	Afega
redfoxwp2a	Vertical shooter	2	vertical	grdnstrm	Hong Hu Zhanji II (China, set 2)	1998	Afega
redhawk	Vertical shooter	2	vertical	stagger1	Red Hawk (USA, Canada & South America)	1997	Afega (New Vision Ent. license)
redhawkb	Vertical shooter	2	horizontal	stagger1	Red Hawk (horizontal, bootleg)	1997	bootleg (Vince)
redhawkc	Vertical shooter	2	vertical	stagger1	Red Hawk (China & Hong Kong)	1997	Afega (Zhuojia Co. license)
redhawke	Vertical shooter	2	vertical	stagger1	Red Hawk (Excellent Co., Ltd)	1997	Afega (Excellent Co. license)
redhawkg	Vertical shooter	2	horizontal	stagger1	Red Hawk (horizontal, Greece)	1997	Afega
redhawki	Vertical shooter	2	horizontal	stagger1	Red Hawk (horizontal, Italy)	1997	Afega (Hae Dong Corp license)
redhawkk	Vertical shooter	2	vertical	stagger1	Red Hawk (Korea)	1997	Afega
redhawks	Vertical shooter	2	horizontal	stagger1	Red Hawk (horizontal, Spain, set 1)	1997	Afega (Hae Dong Corp license)
redhawksa	Vertical shooter	2	horizontal	stagger1	Red Hawk (horizontal, Spain, set 2)	1997	Afega (Hae Dong Corp license)
redrobin	Platform	2	vertical		Red Robin	1986	Elettronolo
redufo	Shooter	2	vertical		Defend the Terra Attack on the Red UFO	1981	Artic
redufob	Shooter	2	vertical	redufo	Defend the Terra Attack on the Red UFO (bootleg, set 1)	1981	bootleg
redufob2	Shooter	2	vertical	redufo	Defend the Terra Attack on the Red UFO (bootleg, set 2)	1981	bootleg
redufob3	Shooter	2	vertical	redufo	Defend the Terra Attack on the Red UFO (bootleg, set 3)	1981	bootleg
regulus	Vertical shooter	2	vertical		Regulus (315-5033, Rev A.)	1983	Sega
reguluso	Vertical shooter	2	vertical	regulus	Regulus (315-5033)	1983	Sega
regulusu	Vertical shooter	2	vertical	regulus	Regulus (not encrypted)	1983	Sega
relief	Sports	2	horizontal		Relief Pitcher (Rev D, 07 Jun 1992 / 28 May 1992)	1992	Atari Games
relief2	Sports	2	horizontal	relief	Relief Pitcher (Rev C, 26 Apr 1992 / 08 Apr 1992)	1992	Atari Games
relief3	Sports	2	horizontal	relief	Relief Pitcher (Rev B, 10 Apr 1992 / 08 Apr 1992)	1992	Atari Games
reliefs1	Sports	2	horizontal		Relief Pitcher (System 1, prototype)	1986	Atari Games
renegade	Beat 'em up	2	horizontal		Renegade (US)	1986	Technos Japan (Taito America license)
renegadeb	Beat 'em up	2	horizontal	renegade	Renegade (US bootleg)	1986	bootleg
repulse	Shooter	2	vertical		Repulse	1985	Crux / Sega
rescue	Horizontal shooter	2	vertical		Rescue	1982	Stern Electronics
retofinv	Shooter	2	vertical		Return of the Invaders	1985	Taito Corporation
retofinvb	Shooter	2	vertical	retofinv	Return of the Invaders (bootleg, with MCU)	1985	bootleg
retofinvb1	Shooter	2	vertical	retofinv	Return of the Invaders (bootleg, without MCU, set 1)	1985	bootleg
retofinvb2	Shooter	2	vertical	retofinv	Return of the Invaders (bootleg, without MCU, set 2)	1985	bootleg
retofinvb3	Shooter	2	vertical	retofinv	Return of the Invaders (bootleg, without MCU, set 3)	1985	bootleg
retofinvbv	Shooter	2	vertical	retofinv	Return of the Invaders (Video Dens bootleg, without MCU)	1985	bootleg (Video Dens)
revngr84	Shooter	1	vertical		Revenger '84 (newer)	1984	Epos Corporation
revx1	Shooter	3	horizontal		Revolution X (revision 1.0 6/16/94)	1994	Midway
revxp5	Shooter	3	horizontal	revx1	Revolution X (prototype, revision 5.0 5/23/94)	1994	Midway
rezon	Horizontal shooter	2	horizontal		Rezon	1992	Allumer
rezono	Horizontal shooter	2	horizontal	rezon	Rezon (earlier)	1991	Allumer
rf2	Racing	2	horizontal	konamigt	Konami RF2: Red Fighter	1985	Konami
rfjet	Vertical shooter	2	vertical		Raiden Fighters Jet (Germany)	1998	Seibu Kaihatsu (Tuning license)
rfjet2kc	Vertical shooter	2	vertical	rfjet	Raiden Fighters Jet 2000 (China, SYS386I)	2000	Seibu Kaihatsu
rfjeta	Vertical shooter	2	vertical	rfjet	Raiden Fighters Jet (Korea)	1998	Seibu Kaihatsu (Dream Island license)
rfjetj	Vertical shooter	2	vertical	rfjet	Raiden Fighters Jet (Japan)	1998	Seibu Kaihatsu
rfjets	Vertical shooter	2	vertical	rfjet	Raiden Fighters Jet (US, single board)	1999	Seibu Kaihatsu
rfjetsa	Vertical shooter	2	vertical	rfjet	Raiden Fighters Jet (US, single board, test version?)	1999	Seibu Kaihatsu
rfjett	Vertical shooter	2	vertical	rfjet	Raiden Fighters Jet (Taiwan)	1998	Seibu Kaihatsu
rfjetu	Vertical shooter	2	vertical	rfjet	Raiden Fighters Jet (US)	1998	Seibu Kaihatsu (Fabtek license)
ribbit	Action	2	horizontal		Ribbit!	1991	Sega
ribbitj	Action	2	horizontal	ribbit	Ribbit! (Japan)	1991	Sega
rickdangdx	Platform	1	horizontal		Rick Dangerous DX (HB)	2026	Z-Team
ridhero	Racing	2	horizontal		Riding Hero (NGM-006 ~ NGH-006)	1990	SNK
ridheroh	Racing	2	horizontal	ridhero	Riding Hero (set 2)	1990	SNK
ridingf	Racing	2	horizontal		Riding Fight (Ver 1.0O)	1992	Taito Corporation Japan
ridingfj	Racing	2	horizontal	ridingf	Riding Fight (Ver 1.0J)	1992	Taito Corporation
ridingfu	Racing	2	horizontal	ridingf	Riding Fight (Ver 1.0A)	1992	Taito America Corporation
ridleofp	Breakout	2	vertical		Riddle of Pythagoras (Japan)	1986	Sega / Nasco
rimrockn	Misc	4	horizontal		Rim Rockin' Basketball (V2.2)	1991	Strata / Incredible Technologies
rimrockn12	Misc	4	horizontal	rimrockn	Rim Rockin' Basketball (V1.2)	1991	Strata / Incredible Technologies
rimrockn12b	Misc	4	horizontal	rimrockn	Rim Rockin' Basketball (V1.2, bootleg)	1991	bootleg
rimrockn15	Misc	4	horizontal	rimrockn	Rim Rockin' Basketball (V1.5)	1991	Strata / Incredible Technologies
rimrockn16	Misc	4	horizontal	rimrockn	Rim Rockin' Basketball (V1.6)	1991	Strata / Incredible Technologies
rimrockn20	Misc	4	horizontal	rimrockn	Rim Rockin' Basketball (V2.0)	1991	Strata / Incredible Technologies
ringdest	Fighting	2	horizontal		Ring of Destruction: Slammasters II (Europe 940902)	1994	Capcom
ringdesta	Fighting	2	horizontal	ringdest	Ring of Destruction: Slammasters II (Asia 940831)	1994	Capcom
ringdestb	Fighting	2	horizontal	ringdest	Ring of Destruction: Slammasters II (Brazil 940902)	1994	Capcom
ringdesth	Fighting	2	horizontal	ringdest	Ring of Destruction: Slammasters II (Hispanic 940902)	1994	Capcom
ringdstd	Fighting	2	horizontal	ringdest	Ring of Destruction: Slammasters II (Europe 940902 Phoenix Edition) (bootleg)	1994	bootleg
ringfgt	Sports	2	vertical	vsgongf	Ring Fighter (rev 1)	1984	Kaneko (Taito license)
ringfgta	Sports	2	vertical	vsgongf	Ring Fighter	1984	Kaneko (Taito license)
ringking	Sports	2	vertical	kingofb	Ring King (US set 1)	1985	Woodplace Inc. (Data East USA license)
ringking2	Sports	2	vertical	kingofb	Ring King (US set 2)	1985	Woodplace Inc. (Data East USA license)
ringking3	Sports	2	vertical	kingofb	Ring King (US set 3)	1985	Woodplace Inc. (Data East USA license)
ringkingw	Sports	2	vertical	kingofb	Ring King (US, Woodplace Inc.)	1985	Woodplace Inc.
ringohja	Sports	2	horizontal	mainevt	Ring no Ohja (Japan 2 Players ver. N)	1988	Konami
ringrage	Fighting	2	horizontal		Ring Rage (Ver 2.3O 1992/08/09)	1992	Taito Corporation Japan
ringragej	Fighting	2	horizontal	ringrage	Ring Rage (Ver 2.3J 1992/08/09)	1992	Taito Corporation
ringrageu	Fighting	2	horizontal	ringrage	Ring Rage (Ver 2.3A 1992/08/09)	1992	Taito America Corporation
riot	Shooter	2	horizontal		Riot (NMK)	1992	Tecmo (NMK license)
riotcity	Beat 'em up	2	horizontal		Riot City (Japan)	1991	Sega / Westone
riotw	Shooter	2	horizontal	riot	Riot (Woong Bi)	1992	Tecmo (Woong Bi license)
ripcord	Action	2	horizontal		Rip Cord	1979	Exidy
riskchal	Puzzle	2	horizontal		Risky Challenge	1993	Irem
rittam	Platform	2	horizontal	rodland	R&T (Rod-Land prototype)	1990	Jaleco
rjammer	Sports	2	horizontal		Roller Jammer	1984	Nichibutsu / Alice
rmancp2j	Fighting	2	horizontal	megaman	Rockman: The Power Battle (CPS2, Japan 950922)	1995	Capcom
rmpgwt	Action	3	horizontal		Rampage: World Tour (rev 1.3)	1997	Midway
rmpgwt11	Action	3	horizontal	rmpgwt	Rampage: World Tour (rev 1.1)	1997	Midway
roadblst	Racing	1	horizontal		Road Blasters (upright, rev 4)	1987	Atari Games
roadblst1	Racing	1	horizontal	roadblst	Road Blasters (upright, rev 1)	1987	Atari Games
roadblst2	Racing	1	horizontal	roadblst	Road Blasters (upright, rev 2)	1987	Atari Games
roadblst3	Racing	1	horizontal	roadblst	Road Blasters (upright, rev 3)	1987	Atari Games
roadblstc	Racing	1	horizontal	roadblst	Road Blasters (cockpit, rev 2)	1987	Atari Games
roadblstc1	Racing	1	horizontal	roadblst	Road Blasters (cockpit, rev 1)	1987	Atari Games
roadblstcg	Racing	1	horizontal	roadblst	Road Blasters (cockpit, German, rev 1)	1987	Atari Games
roadblstg	Racing	1	horizontal	roadblst	Road Blasters (upright, German, rev 3)	1987	Atari Games
roadblstg1	Racing	1	horizontal	roadblst	Road Blasters (upright, German, rev 1)	1987	Atari Games
roadblstg2	Racing	1	horizontal	roadblst	Road Blasters (upright, German, rev 2)	1987	Atari Games
roadblstgu	Racing	1	horizontal	roadblst	Road Blasters (upright, German, rev ?)	1987	Atari Games
roadf	Racing	2	vertical		Road Fighter (set 1)	1984	Konami
roadf2	Racing	2	vertical	roadf	Road Fighter (set 2)	1984	Konami
roadf3	Racing	2	vertical	roadf	Road Fighter (set 3, conversion hack on Hyper Sports PCB)	1984	hack
roadrunn	Action / Maze	2	horizontal		Road Runner (rev 2)	1985	Atari Games
roadrunn1	Action / Maze	2	horizontal	roadrunn	Road Runner (rev 1)	1985	Atari Games
roadrunn2	Action / Maze	2	horizontal	roadrunn	Road Runner (rev 1+)	1985	Atari Games
robby	Action / Maze	2	horizontal		The Adventures of Robby Roto! - Roto to the Rescue!	1981	Dave Nutting Associates / Bally Midway
roboarmy	Beat 'em up	2	horizontal		Robo Army	1991	SNK
roboarmya	Beat 'em up	2	horizontal	roboarmy	Robo Army (NGM-032 ~ NGH-032)	1991	SNK
robocop	Run & gun	2	horizontal		Robocop (World, revision 4)	1988	Data East Corporation
robocop2	Run & gun	2	horizontal		Robocop 2 (Euro/Asia v0.10)	1991	Data East Corporation
robocop2j	Run & gun	2	horizontal	robocop2	Robocop 2 (Japan v0.11)	1991	Data East Corporation
robocop2u	Run & gun	2	horizontal	robocop2	Robocop 2 (US v0.10)	1991	Data East Corporation
robocop2ua	Run & gun	2	horizontal	robocop2	Robocop 2 (US v0.05)	1991	Data East Corporation
robocopb	Run & gun	2	horizontal	robocop	Robocop (World bootleg)	1988	bootleg
robocopb2	Run & gun	2	horizontal	robocop	Robocop (Red Corporation World bootleg)	1989	bootleg
robocopi	Misc	1	horizontal		Robocop (FMV Demo)	2009	Sergi
robocopj	Run & gun	2	horizontal	robocop	Robocop (Japan)	1988	Data East Corporation
robocopu	Run & gun	2	horizontal	robocop	Robocop (US, revision 1)	1988	Data East USA
robocopu0	Run & gun	2	horizontal	robocop	Robocop (US, revision 0)	1988	Data East USA
robocopw	Run & gun	2	horizontal	robocop	Robocop (World, revision 3)	1988	Data East Corporation
robokid	Horizontal shooter	2	horizontal		Atomic Robo-kid (World, Type-2)	1988	UPL
robokidj	Horizontal shooter	2	horizontal	robokid	Atomic Robo-kid (Japan, Type-2, set 1)	1988	UPL
robokidj2	Horizontal shooter	2	horizontal	robokid	Atomic Robo-kid (Japan, Type-2, set 2)	1988	UPL
robokidj3	Horizontal shooter	2	horizontal	robokid	Atomic Robo-kid (Japan)	1988	UPL
robotbwl	Sports	2	horizontal		Robot Bowl	1977	Exidy
robotron	Shooter	2	horizontal		Robotron: 2084 (Release 5, solid blue label)	1982	Williams / Vid Kidz
robotron12	Shooter	2	horizontal	robotron	Robotron: 2084 (2012 'wave 201 start' hack)	2012	hack
robotron87	Shooter	2	horizontal	robotron	Robotron: 2084 (1987 'shot-in-the-corner' bug fix)	1987	hack
robotronr3	Shooter	2	horizontal	robotron	Robotron: 2084 (Release 3, prototype)	1982	Williams / Vid Kidz
robotrontd	Shooter	2	horizontal	robotron	Robotron: 2084 (2015 'tie-die V2' hack)	2015	hack
robotronun	Shooter	2	horizontal	robotron	Robotron: 2084 (Unidesa license)	1982	Williams / Vid Kidz (Unidesa license)
robotronyo	Shooter	2	horizontal	robotron	Robotron: 2084 (Release 4, yellow/orange label)	1982	Williams / Vid Kidz
robowres	Fighting	2	horizontal		Robo Wres 2001	1986	Sanritsu / Sega
rockclim	Maze	2	horizontal		Rock Climber	1981	Taito
rockduck	Maze	2	vertical		Rock Duck (prototype?)	1983	Datel SAS
rockman2j	Fighting	2	horizontal	megaman2	Rockman 2: The Power Fighters (Japan 960708)	1996	Capcom
rockmanj	Fighting	2	horizontal	megaman	Rockman: The Power Battle (CPS1, Japan 950922)	1995	Capcom
rockn	Misc	2	vertical		Rock'n Tread (Japan)	1999	Jaleco
rockn2	Misc	2	vertical		Rock'n Tread 2 (Japan)	1999	Jaleco
rockn3	Misc	2	vertical		Rock'n 3 (Japan)	1999	Jaleco
rockn4	Misc	2	vertical		Rock'n 4 (Japan, prototype)	2000	Jaleco / PCCWJ
rockna	Misc	2	vertical	rockn	Rock'n Tread (Japan, alternate)	1999	Jaleco
rockrage	Beat 'em up	2	horizontal		Rock'n Rage (World)	1986	Konami
rockragea	Beat 'em up	2	horizontal	rockrage	Rock'n Rage (prototype?)	1986	Konami
rockragej	Beat 'em up	2	horizontal	rockrage	Koi no Hotrock (Japan)	1986	Konami
rocktris	Puzzle	2	horizontal		Rock Tris	1994?	Yun Sung
rocktrv2	Quiz	2	vertical		MTV Rock-N-Roll Trivia (Part 2)	1986	Triumph Software Inc.
rocnrope	Platform	2	vertical		Roc'n Rope	1983	Konami
rocnropek	Platform	2	vertical	rocnrope	Roc'n Rope (Kosuka)	1983	Konami (Kosuka license)
rodland	Platform	2	horizontal		Rod-Land (World, set 1)	1990	Jaleco
rodlanda	Platform	2	horizontal	rodland	Rod-Land (World, set 2)	1990	Jaleco
rodlandj	Platform	2	horizontal	rodland	Rod-Land (Japan)	1990	Jaleco
rodlandjb	Platform	2	horizontal	rodland	Rod-Land (Japan bootleg with unencrypted program)	1990	bootleg
rodlandjb2	Platform	2	horizontal	rodland	Rod-Land (Japan bootleg with unencrypted program and GFX)	1990	bootleg
rohga	Beat 'em up / Platform	2	horizontal		Rohga: Armor Force (Asia/Europe v5.0)	1991	Data East Corporation
rohga1	Beat 'em up / Platform	2	horizontal	rohga	Rohga: Armor Force (Asia/Europe v3.0 set 1)	1991	Data East Corporation
rohga2	Beat 'em up / Platform	2	horizontal	rohga	Rohga: Armor Force (Asia/Europe v3.0 set 2)	1991	Data East Corporation
rohgah	Beat 'em up / Platform	2	horizontal	rohga	Rohga: Armor Force (Hong Kong v3.0)	1991	Data East Corporation
rohgau	Beat 'em up / Platform	2	horizontal	rohga	Rohga: Armor Force (US v1.0)	1991	Data East Corporation
roishtar	Beat 'em up	2	horizontal		The Return of Ishtar	1986	Namco
rolcrush	Puzzle	2	horizontal		Rolling Crush (version 1.07.E - 1999/02/11, Trust license)	1999	SemiCom / Exit (Trust license)
rolcrusha	Puzzle	2	horizontal	rolcrush	Rolling Crush (version 1.03.E - 1999/01/29)	1999	SemiCom / Exit
roldfrog	Misc	2	horizontal		The Return of Lady Frog (set 1)	1993	Microhard
roldfroga	Misc	2	horizontal	roldfrog	The Return of Lady Frog (set 2)	1993	Microhard
rollace	Racing	2	vertical	fightrol	Roller Aces (set 1)	1983	Kaneko (Williams license)
rollace2	Racing	2	vertical	fightrol	Roller Aces (set 2)	1983	Kaneko (Williams license)
rollerg	Sports	2	horizontal		Rollergames (US)	1991	Konami
rollerga	Sports	2	horizontal	rollerg	Rollergames (Asia)	1991	Konami
rollergj	Sports	2	horizontal	rollerg	Rollergames (Japan)	1991	Konami
rompers	Maze	2	vertical		Rompers (Japan, new version (Rev B))	1989	Namco
romperso	Maze	2	vertical	rompers	Rompers (Japan, old version)	1989	Namco
ropeman	Platform	2	vertical	rocnrope	Ropeman (bootleg of Roc'n Rope)	1983	bootleg
rotd	Fighting	2	horizontal		Rage of the Dragons (NGM-2640?)	2002	Evoga / Playmore
rotdbr	Fighting	2	horizontal	rotd	Rage of the Dragons (Portuguese edition v2.0, Hack)	2005	hack (NeoGeo BR Team)
rotddh	Fighting	2	horizontal	rotd	Rage of the Dragons (Boss Hack)	2002	hack
rotdh	Fighting	2	horizontal	rotd	Rage of the Dragons (NGH-2640?)	2002	Evoga / Playmore
roughrac	Racing	2	horizontal		Rough Racer (Japan, Floppy Based, FD1094 317-0058-06b)	1990	Sega
roundup	Maze	2	vertical		Round-Up	1981	Taito Corporation (Amenip/Centuri license)
route16	Maze	2	vertical		Route 16 (Sun Electronics, set 1)	1981	Sun Electronics
route16a	Maze	2	vertical	route16	Route 16 (Centuri license, set 1)	1981	Sun Electronics / Tehkan (Centuri license)
route16b	Maze	2	vertical	route16	Route 16 (Centuri license, set 2)	1981	Sun Electronics / Tehkan (Centuri license)
route16bl	Maze	2	vertical	route16	Route 16 (bootleg, set 1)	1981	bootleg (Leisure and Allied)
route16bl2	Maze	2	vertical	route16	Route 16 (bootleg, set 2)	1981	bootleg
route16c	Maze	2	vertical	route16	Route 16 (Centuri license, set 3, bootleg?)	1981	Sun Electronics / Tehkan (Centuri license)
route16d	Maze	2	vertical	route16	Route 16 (Sun Electronics, set 2)	1981	Sun Electronics
routex	Maze	2	vertical	route16	Route X (bootleg, set 1)	1981	bootleg
routexa	Maze	2	vertical	route16	Route X (bootleg, set 2)	1981	bootleg
rpatrol	Action	2	horizontal		River Patrol (Japan)	1981	Orca
rpatrolb	Action	2	horizontal	rpatrol	River Patrol (bootleg)	1981	bootleg
rpatroln	Action	2	horizontal	rpatrol	River Patrol (Japan, unprotected)	1981	Orca
rpunch	Horizontal shooter	2	horizontal	rabiolep	Rabbit Punch (US)	1987	V-System Co. (Bally/Midway/Sente license)
rranger	Run & gun	2	horizontal	sranger	Rough Ranger (v2.0)	1988	SunA (Sharp Image license)
rrangerb	Run & gun	2	horizontal	sranger	Rough Ranger (v2.0, bootleg)	1988	bootleg
rshark	Vertical shooter	2	vertical		R-Shark (set 1)	1995	Dooyong
rsharka	Vertical shooter	2	vertical	rshark	R-Shark (set 2)	1995	Dooyong
rthun2	Run & gun	2	horizontal		Rolling Thunder 2	1990	Namco
rthun2j	Run & gun	2	horizontal	rthun2	Rolling Thunder 2 (Japan)	1990	Namco
rthunder	Run & gun	2	horizontal		Rolling Thunder (rev 3)	1986	Namco
rthunder0	Run & gun	2	horizontal	rthunder	Rolling Thunder (oldest)	1986	Namco
rthunder1	Run & gun	2	horizontal	rthunder	Rolling Thunder (rev 1)	1986	Namco
rthunder2	Run & gun	2	horizontal	rthunder	Rolling Thunder (rev 2)	1986	Namco
rthundera	Run & gun	2	horizontal	rthunder	Rolling Thunder (rev 3, hack)	1986	bootleg
rtype	Horizontal shooter	2	horizontal		R-Type (World)	1987	Irem
rtype2	Horizontal shooter	2	horizontal		R-Type II (World)	1989	Irem
rtype2j	Horizontal shooter	2	horizontal	rtype2	R-Type II (Japan)	1989	Irem
rtype2jc	Horizontal shooter	2	horizontal	rtype2	R-Type II (Japan, revision C)	1989	Irem
rtype2m82b	Horizontal shooter	2	horizontal	rtype2	R-Type II (Japan, bootleg M82 conversion)	1997	bootleg
rtypeb	Horizontal shooter	2	horizontal	rtype	R-Type (World bootleg)	1987	bootleg
rtypej	Horizontal shooter	2	horizontal	rtype	R-Type (Japan)	1987	Irem
rtypejp	Horizontal shooter	2	horizontal	rtype	R-Type (Japan prototype)	1987	Irem
rtypeleo	Horizontal shooter	2	horizontal		R-Type Leo (World)	1992	Irem
rtypeleoj	Horizontal shooter	2	horizontal	rtypeleo	R-Type Leo (Japan)	1992	Irem
rtypem82b	Horizontal shooter	2	horizontal	rtype	R-Type (Japan, bootleg M82 conversion)	2009	bootleg
rtypeu	Horizontal shooter	2	horizontal	rtype	R-Type (US)	1987	Irem (Nintendo of America license)
rugrats	Maze	2	vertical	wiping	Rug Rats	1983	Nichibutsu
rumba	Maze	2	vertical		Rumba Lumber (rev 1)	1984	Taito
runark	Beat 'em up	4	horizontal	growl	Runark (Japan)	1990	Taito Corporation
rundeep	Vertical shooter	2	vertical	thedeep	Run Deep	1988	Cream Co., Ltd.
runrun	Maze	2	horizontal	dorunrun	Run Run (Do! Run Run bootleg)	1984	bootleg
rushatck	Run & gun	2	horizontal	gberet	Rush'n Attack (US)	1985	Konami
rushcrsh	Run & gun	2	vertical	srumbler	Rush & Crash (Japan)	1986	Capcom
rygar	Platform / Run & gun	2	horizontal		Rygar (US set 1)	1986	Tecmo
rygar2	Platform / Run & gun	2	horizontal	rygar	Rygar (US set 2)	1986	Tecmo
rygar3	Platform / Run & gun	2	horizontal	rygar	Rygar (US set 3 Old Version)	1986	Tecmo
rygarb	Platform / Run & gun	2	horizontal	rygar	Rygar (US, bootleg)	1986	Tecmo
rygarc	Platform / Run & gun	2	horizontal	rygar	Argus no Senshi (Hack, Chinese)	1986	Tecmo
rygarj	Platform / Run & gun	2	horizontal	rygar	Argus no Senshi (Japan set 1)	1986	Tecmo
rygarj2	Platform / Run & gun	2	horizontal	rygar	Argus no Senshi (Japan set 2)	1986	Tecmo
rygark	Platform / Run & gun	2	horizontal	rygar	Argus no Senshi (Hack, Korean)	1986	Tecmo
ryorioh	Quiz	2	horizontal		Gourmet Battle Quiz Ryohrioh CooKing (Japan)	1998	Visco
ryouran	Mahjong	2	horizontal		VS Mahjong Otome Ryouran (revision 2)	1998	Electro Design
ryourano	Mahjong	2	horizontal	ryouran	VS Mahjong Otome Ryouran (revision 1)	1998	Electro Design
ryujin	Vertical shooter	2	vertical		Ryu Jin (Japan, ET910000B PCB)	1993	Taito Corporation
ryujina	Vertical shooter	2	vertical	ryujin	Ryu Jin (Japan, ET910000A PCB)	1993	Taito Corporation
ryukendn	Beat 'em up	2	horizontal	shadoww	Ninja Ryukenden (Japan, set 1)	1989	Tecmo
ryukendna	Beat 'em up	2	horizontal	shadoww	Ninja Ryukenden (Japan, set 2)	1989	Tecmo
ryukendnb	Beat 'em up	2	horizontal	shadoww	Ninja Ryukenden (Japan, set 3)	1989	Tecmo
ryukyu	Puzzle	2	horizontal		RyuKyu (Rev A, Japan) (FD1094 317-5023A)	1990	Success / Sega
ryukyua	Puzzle	2	horizontal	ryukyu	RyuKyu (Japan) (FD1094 317-5023)	1990	Success / Sega
ryukyud	Puzzle	2	horizontal	ryukyu	RyuKyu (Japan) (bootleg of FD1094 317-5023 set)	1990	bootleg
s1945	Vertical shooter	2	vertical		Strikers 1945 (World)	1995	Psikyo
s1945a	Vertical shooter	2	vertical	s1945	Strikers 1945 (Japan / World)	1995	Psikyo
s1945ii	Vertical shooter	2	vertical		Strikers 1945 II	1997	Psikyo
s1945iii	Vertical shooter	2	vertical		Strikers 1945 III (World) / Strikers 1999 (Japan)	1999	Psikyo
s1945j	Vertical shooter	2	vertical	s1945	Strikers 1945 (Japan)	1995	Psikyo
s1945k	Vertical shooter	2	vertical	s1945	Strikers 1945 (Korea)	1995	Psikyo
s1945n	Vertical shooter	2	vertical	s1945	Strikers 1945 (World, unprotected)	1995	Psikyo
s1945nj	Vertical shooter	2	vertical	s1945	Strikers 1945 (Japan, unprotected)	1995	Psikyo
s1945p	Vertical shooter	2	horizontal		Strikers 1945 Plus	1999	Psikyo
sabotenb	Platform	2	horizontal		Saboten Bombers (set 1)	1992	NMK / Tecmo
sabotenba	Platform	2	horizontal	sabotenb	Saboten Bombers (set 2)	1992	NMK / Tecmo
sadari	Puzzle	2	horizontal		Sadari (Japan, NTC license)	1993	Dooyong (NTC license)
safari	Maze	2	horizontal		Safari (set 1)	1977	Gremlin
safaria	Maze	2	horizontal	safari	Safari (set 2, bootleg?)	1977	Gremlin
safarir	Maze	2	vertical		Safari Rally (World)	1979	SNK (Taito license)
safarirj	Maze	2	vertical	safarir	Safari Rally (Japan)	1979	SNK
sagaia	Horizontal shooter	2	horizontal	darius2	Sagaia (dual screen) (World)	1989	Taito Corporation Japan
sailmndf	Beat 'em up	2	horizontal	sailormn	Pretty Soldier Sailor Moon (Apex Infinity, Hack)	2026	hack
sailmnee	Beat 'em up	2	horizontal	sailormn	Bishoujo Senshi Sailor Moon (Enhanced Edition v5 Final, Hack)	2019	hack
sailmnhx	Beat 'em up	2	horizontal	sailormn	Bishoujo Senshi Sailor Moon (Crescent Fantasy, Hack)	2026	hack
sailmnhy	Beat 'em up	2	horizontal	sailormn	Bishoujo Senshi Sailor Moon (Black Moon, Hack)	2026	hack
sailmnkf	Beat 'em up	2	horizontal	sailormn	Bishoujo Senshi Sailor Moon (Korea-France, Hack)	2023	hack
sailmnopt	Beat 'em up	2	horizontal	sailormn	Bishoujo Senshi Sailor Moon (Optimised, Hack)	2018	hack
sailmnsl	Beat 'em up	2	horizontal	sailormn	Bishoujo Senshi Sailor Moon (10-Lo, Hack)	2024	hack
sailmnwx	Beat 'em up	2	horizontal	sailormn	Pretty Soldier Sailor Moon (Infinite, Hack)	2026	hack
sailmnxy	Beat 'em up	2	horizontal	sailormn	Bishoujo Senshi Sailor Moon (New Moon, Hack)	2026	hack
sailmnxys	Beat 'em up	2	horizontal	sailormn	Bishoujo Senshi Sailor Moon (New Moon Super, Hack)	2026	hack
sailmnyg	Beat 'em up	2	horizontal	sailormn	Pretty Soldier Sailor Moon (Moonlight, Hack)	2026	hack
sailmnyh	Beat 'em up	2	horizontal	sailormn	Bishoujo Senshi Sailor Moon (Eternal Poem, Hack)	2026	hack
sailmnyy	Beat 'em up	2	horizontal	sailormn	Bishoujo Senshi Sailor Moon (Serena Tsukino, Hack)	2021	hack
sailmnzy	Beat 'em up	2	horizontal	sailormn	Bishoujo Senshi Sailor Moon (Eternal End, Hack)	2026	hack
sailormn	Beat 'em up	2	horizontal		Bishoujo Senshi Sailor Moon (Version 95/03/22B, Japan)	1995	Gazelle (Banpresto license)
sailormne	Beat 'em up	2	horizontal	sailormn	Pretty Soldier Sailor Moon (Version 95/03/22B, Europe)	1995	Gazelle (Banpresto license)
sailormnffj	Beat 'em up	2	horizontal	sailormn	Pretty Soldier Sailor Moon (Fighting For Justice, Hack)	2022	Zombie Master
sailormnh	Beat 'em up	2	horizontal	sailormn	Bishoujo Senshi Sailor Moon (Version 95/03/22B, Hong Kong)	1995	Gazelle (Banpresto license)
sailormnk	Beat 'em up	2	horizontal	sailormn	Pretty Soldier Sailor Moon (Version 95/03/22B, Korea)	1995	Gazelle (Banpresto license)
sailormnne	Beat 'em up	2	horizontal	sailormn	Pretty Soldier Sailor Moon (Version 95/03/22, Europe)	1995	Gazelle (Banpresto license)
sailormnnh	Beat 'em up	2	horizontal	sailormn	Bishoujo Senshi Sailor Moon (Version 95/03/22, Hong Kong)	1995	Gazelle (Banpresto license)
sailormnnj	Beat 'em up	2	horizontal	sailormn	Bishoujo Senshi Sailor Moon (Version 95/03/22, Japan)	1995	Gazelle (Banpresto license)
sailormnnk	Beat 'em up	2	horizontal	sailormn	Pretty Soldier Sailor Moon (Version 95/03/22, Korea)	1995	Gazelle (Banpresto license)
sailormnnt	Beat 'em up	2	horizontal	sailormn	Bishoujo Senshi Sailor Moon (Version 95/03/22, Taiwan)	1995	Gazelle (Banpresto license)
sailormnnu	Beat 'em up	2	horizontal	sailormn	Pretty Soldier Sailor Moon (Version 95/03/22, USA)	1995	Gazelle (Banpresto license)
sailormnoe	Beat 'em up	2	horizontal	sailormn	Pretty Soldier Sailor Moon (Version 95/03/21, Europe)	1995	Gazelle (Banpresto license)
sailormnoh	Beat 'em up	2	horizontal	sailormn	Bishoujo Senshi Sailor Moon (Version 95/03/21, Hong Kong)	1995	Gazelle (Banpresto license)
sailormnoj	Beat 'em up	2	horizontal	sailormn	Bishoujo Senshi Sailor Moon (Version 95/03/21, Japan)	1995	Gazelle (Banpresto license)
sailormnok	Beat 'em up	2	horizontal	sailormn	Pretty Soldier Sailor Moon (Version 95/03/21, Korea)	1995	Gazelle (Banpresto license)
sailormnot	Beat 'em up	2	horizontal	sailormn	Bishoujo Senshi Sailor Moon (Version 95/03/21, Taiwan)	1995	Gazelle (Banpresto license)
sailormnou	Beat 'em up	2	horizontal	sailormn	Pretty Soldier Sailor Moon (Version 95/03/21, USA)	1995	Gazelle (Banpresto license)
sailormnrot	Beat 'em up	2	horizontal	sailormn	Pretty Soldier Sailor Moon (Reign of Terror, Hack)	2022	Zombie Master
sailormnt	Beat 'em up	2	horizontal	sailormn	Bishoujo Senshi Sailor Moon (Version 95/03/22B, Taiwan)	1995	Gazelle (Banpresto license)
sailormnu	Beat 'em up	2	horizontal	sailormn	Pretty Soldier Sailor Moon (Version 95/03/22B, USA)	1995	Gazelle (Banpresto license)
saiyugou	Beat 'em up	2	horizontal	chinagat	Sai Yu Gou Ma Roku (Japan)	1988	Technos Japan
saiyugoub1	Beat 'em up	2	horizontal	chinagat	Sai Yu Gou Ma Roku (Japan bootleg 1)	1988	bootleg
saiyugoub2	Beat 'em up	2	horizontal	chinagat	Sai Yu Gou Ma Roku (Japan bootleg 2)	1988	bootleg
salamand	Horizontal shooter	2	horizontal		Salamander (version D)	1986	Konami
salamandj	Horizontal shooter	2	horizontal	salamand	Salamander (version J)	1986	Konami
salamandt	Horizontal shooter	2	horizontal	salamand	Salamander (Tecfri license)	1986	Konami (Tecfri license)
samesame	Vertical shooter	2	vertical	fireshrk	Same! Same! Same! (Japan, 1P set)	1989	Toaplan
samesame2	Vertical shooter	2	vertical	fireshrk	Same! Same! Same! (Japan, 2P set)	1989	Toaplan
samesamecn	Vertical shooter	2	vertical	fireshrk	Jiao! Jiao! Jiao! (China, 2P set)	1990	Toaplan (Hong Kong Honest Trading license)
samesamenh	Vertical shooter	2	vertical	fireshrk	Same! Same! Same! (Japan, 1P set, NEW VER! hack)	2015	hack (trap15)
samsh2jq	Fighting	2	horizontal	samsho2	Samurai Shodown II / Shin Samurai Spirits - Haohmaru Jigokuhen (Infinite Power, Hack)	2023	hack
samsh2sp	Fighting	2	horizontal	samsho2	Samurai Shodown II / Shin Samurai Spirits - Haohmaru Jigokuhen (Special 2017, Hack)	2023	hack
samsh3bs	Fighting	2	horizontal	samsho3	Samurai Shodown III / Samurai Spirits - Zankurou Musouken (Boss, Hack)	2003	hack
samsh4bs	Fighting	2	horizontal	samsho4	Samurai Shodown IV - Amakusa's Revenge / Samurai Spirits - Amakusa Kourin (Boss, Hack)	2004	hack
samsh4sp	Fighting	2	horizontal	samsho4	Samurai Shodown IV - Amakusa's Revenge / Samurai Spirits - Amakusa Kourin (Special 2017, Hack)	2017	hack
samsh5bs	Fighting	2	horizontal	samsho5	Samurai Shodown V / Samurai Spirits Zero (Boss, Hack)	2004	hack
samsh5fd	Fighting	2	horizontal	samsho5	Samurai Shodown V / Samurai Spirits Zero (Fully Decrypted)	2003	Yuki Enterprise / SNK Playmore
samsh5fe	Fighting	2	horizontal	samsh5sp	Samurai Shodown V Special / Samurai Spirits Zero Special (NGM-272) (NGH-272) (Final Edition, location test version)	2004	Yuki Enterprise / SNK Playmore
samsh5pf	Fighting	2	horizontal	samsh5sp	Samurai Shodown V Perfect / Samurai Spirits Zero Perfect (bootleg, hack)	2020	bootleg
samsh5sp	Fighting	2	horizontal		Samurai Shodown V Special / Samurai Spirits Zero Special (NGM-2720)	2004	Yuki Enterprise / SNK Playmore
samsh5sph	Fighting	2	horizontal	samsh5sp	Samurai Shodown V Special / Samurai Spirits Zero Special (NGH-2720, 2nd release, less censored)	2004	Yuki Enterprise / SNK Playmore
samsh5spho	Fighting	2	horizontal	samsh5sp	Samurai Shodown V Special / Samurai Spirits Zero Special (NGH-2720, 1st release, censored)	2004	Yuki Enterprise / SNK Playmore
samsho	Fighting	2	horizontal		Samurai Shodown / Samurai Spirits (NGM-045)	1993	SNK
samsho2	Fighting	2	horizontal		Samurai Shodown II / Shin Samurai Spirits - Haohmaru Jigokuhen (NGM-063 ~ NGH-063)	1994	SNK
samsho2k	Fighting	2	horizontal	samsho2	Saulabi Spirits / Jin Saulabi Tu Hon (Korean release of Samurai Shodown II, set 1)	1994	SNK
samsho2ka	Fighting	2	horizontal	samsho2	Saulabi Spirits / Jin Saulabi Tu Hon (Korean release of Samurai Shodown II, set 2)	1994	SNK
samsho2pe	Fighting	2	horizontal	samsho2	Samurai Shodown II / Shin Samurai Spirits - Haohmaru Jigokuhen (Perfect V. 2.9, Hack)	2023-26	Bear
samsho2t	Fighting	2	horizontal	samsho2	Samurai Shodown II / Shin Samurai Spirits - Haohmaru Jigokuhen (Optimized, Hack)	2020	hack
samsho3	Fighting	2	horizontal		Samurai Shodown III / Samurai Spirits - Zankurou Musouken (NGM-087)	1995	SNK
samsho3en	Fighting	2	horizontal	samsho3	Samurai Shodown III Enhanced (bootleg)	2010	bootleg
samsho3h	Fighting	2	horizontal	samsho3	Samurai Shodown III / Samurai Spirits - Zankurou Musouken (NGH-087)	1995	SNK
samsho4	Fighting	2	horizontal		Samurai Shodown IV - Amakusa's Revenge / Samurai Spirits - Amakusa Kourin (NGM-222 ~ NGH-222)	1996	SNK
samsho4k	Fighting	2	horizontal	samsho4	Paewang Jeonseol / Legend of a Warrior (Korean censored Samurai Shodown IV)	1996	SNK
samsho5	Fighting	2	horizontal		Samurai Shodown V / Samurai Spirits Zero (NGM-2700, set 1)	2003	Yuki Enterprise / SNK Playmore
samsho5a	Fighting	2	horizontal	samsho5	Samurai Shodown V / Samurai Spirits Zero (NGM-2700, set 2)	2003	Yuki Enterprise / SNK Playmore
samsho5b	Fighting	2	horizontal	samsho5	Samurai Shodown V / Samurai Spirits Zero (bootleg)	2003	bootleg
samsho5h	Fighting	2	horizontal	samsho5	Samurai Shodown V / Samurai Spirits Zero (NGH-2700)	2003	Yuki Enterprise / SNK Playmore
samsho5x	Fighting	2	horizontal	samsho5	Samurai Shodown V / Samurai Spirits Zero (hack of XBOX version)	2013	hack
samshoa	Fighting	2	horizontal	samsho	Samurai Shodown / Samurai Spirits (NGM-045, alt board)	1993	SNK
samshobs	Fighting	2	horizontal	samsho	Samurai Shodown / Samurai Spirits (Boss, Hack)	2003	hack
samshoh	Fighting	2	horizontal	samsho	Samurai Shodown / Samurai Spirits (NGH-045)	1993	SNK
samurai	Beat 'em up	2	vertical		Samurai (World)	1980	Sega
samuraia	Vertical shooter	2	vertical		Samurai Aces (World)	1993	Psikyo (Banpresto license)
samuraiak	Vertical shooter	2	vertical	samuraia	Samurai Aces (Korea?)	1993	Psikyo (Banpresto license)
samuraij	Beat 'em up	2	vertical	samurai	Samurai (Japan)	1980	Sega
sandscrp	Vertical shooter	2	vertical		Sand Scorpion	1992	Face
sandscrpa	Vertical shooter	2	vertical	sandscrp	Sand Scorpion (Earlier)	1992	Face
sandscrpb	Vertical shooter	2	vertical	sandscrp	Kuai Da Shizi Huangdi (China?, Revised Hardware)	1992	Face
santaball	Mini-games	2	horizontal		SantaBall - Christmas Tennis Game (HB)	2012	M.Priewe, NeoHomeBrew
sarge	Shooter	4	horizontal		Sarge	1985	Bally Midway
sarukani	Breakout	2	horizontal	vblokbrk	Saru-Kani-Hamu-Zou (Japan)	1997	Kaneko / Mediaworks
sasuke	Shooter	2	vertical		Sasuke vs. Commander (set 1)	1980	SNK
sasukea	Shooter	2	vertical	sasuke	Sasuke vs. Commander (set 2)	1980	SNK
satansat	Shooter	2	vertical		Satan of Saturn (set 1)	1981	SNK
satansata	Shooter	2	vertical	satansat	Satan of Saturn (set 2)	1981	SNK
satansatind	Shooter	2	vertical	satansat	Satan of Saturn (Inder S.A., bootleg)	1981	bootleg (Inder S.A.)
sathena	Platform	2	horizontal	athena	Super Athena (bootleg)	1987	bootleg
saturnzi	Shooter	2	vertical		Saturn	1983	Zilec Electronics / Jaleco
saurnfrnt	Horizontal shooter	2	horizontal	strkforc	Saurian Front (proto v5.0 8/07/90)	1991	Williams
sauro	Horizontal shooter	2	horizontal		Sauro (set 1)	1987	Tecfri
sauroa	Horizontal shooter	2	horizontal	sauro	Sauro (set 2)	1987	Tecfri
saurob	Horizontal shooter	2	horizontal	sauro	Sauro (set 3)	1987	Tecfri
saurobl	Horizontal shooter	2	horizontal	sauro	Sauro (bootleg)	1987	bootleg
sauroc	Horizontal shooter	2	horizontal	sauro	Sauro (set 4, easier)	1987	Tecfri
saurop	Horizontal shooter	2	horizontal	sauro	Sauro (Philko license)	1987	Tecfri (Philko license)
saurorr	Horizontal shooter	2	horizontal	sauro	Sauro (Recreativos Real S.A. license)	1987	Tecfri (Recreativos Real S.A. license)
savagere	Fighting	2	horizontal		Savage Reign / Fu'un Mokushiroku - Kakutou Sousei	1995	SNK
savagereb	Fighting	2	horizontal	savagere	Savage Reign / Fu'un Mokushiroku - Kakutou Sousei (Boss Hack)	1995	Yumeji, Dodowang[EGCG]
savagerp	Fighting	2	horizontal	savagere	Savage Reign / Fu'un Mokushiroku - Kakutou Sousei (Plus, Hack)	2015	hack
savgbees	Vertical shooter	2	vertical	exedexes	Savage Bees	1985	Capcom (Memetron license)
sb2003	Platform	2	horizontal		Super Bubble 2003 (World, Ver 1.0)	2003	Limenko
sb2003a	Platform	2	horizontal	sb2003	Super Bubble 2003 (Asia, Ver 1.0)	2003	Limenko
sbagman	Platform	2	vertical		Super Bagman (version 5)	1984	Valadon Automation
sbagman2	Platform	2	vertical	sbagman	Super Bagman (version 3?)	1984	Valadon Automation
sbagmani	Platform	2	vertical	sbagman	Super Bagman (Itisa, Spain)	1984	Valadon Automation (Itisa license)
sbagmans	Platform	2	vertical	sbagman	Super Bagman (Stern Electronics)	1984	Valadon Automation (Stern Electronics license)
sbasebal	Sports	2	horizontal		Super Champion Baseball (US)	1989	Alpha Denshi Co. (SNK of America license)
sbasebalj	Sports	2	horizontal	sbasebal	Super Champion Baseball (Japan)	1989	Alpha Denshi Co.
sbasketb	Sports	2	vertical		Super Basketball (version I, encrypted)	1984	Konami
sbaskete	Sports	2	vertical	sbasketb	Super Basketball (version E, encrypted)	1984	Konami
sbasketg	Sports	2	vertical	sbasketb	Super Basketball (version G, encrypted)	1984	Konami
sbasketga	Sports	2	vertical	sbasketb	Super Basketball (version G, encrypted, alt)	1984	Konami
sbasketh	Sports	2	vertical	sbasketb	Super Basketball (version H, unprotected)	1984	Konami
sbbros	Puzzle	2	horizontal	spang	Super Buster Bros. (USA 901001)	1990	Mitchell (Capcom license)
sbdk	Platform	2	vertical	superbik	Super Bike (DK conversion)	1984	Century Electronics
sbishi	Mini-games	2	horizontal		Super Bishi Bashi Champ (ver JAA, 2 Players)	1998	Konami
sbishik	Mini-games	2	horizontal	sbishi	Super Bishi Bashi Champ (ver KAB, 3 Players)	1998	Konami
sbishika	Mini-games	2	horizontal	sbishi	Super Bishi Bashi Champ (ver KAA, 3 Players)	1998	Konami
sboblbobl	Platform	2	horizontal	bublbobl	Super Bobble Bobble (bootleg, set 1)	1986	bootleg (Datsu)
sboblbobla	Platform	2	horizontal	bublbobl	Super Bobble Bobble (bootleg, set 2)	1986	bootleg
sboblboblb	Platform	2	horizontal	bublbobl	Super Bobble Bobble (bootleg, set 3)	1986	bootleg
sboblboblc	Platform	2	horizontal	bublbobl	Super Bubble Bobble (bootleg)	1986	bootleg
sboblbobld	Platform	2	horizontal	bublbobl	Super Bobble Bobble (bootleg, set 4)	1986	bootleg
sboblboble	Platform	2	horizontal	bublbobl	Super Bobble Bobble (bootleg, set 5)	1986	bootleg
sboblboblf	Platform	2	horizontal	bublbobl	Super Bobble Bobble (bootleg, set 6)	1986	bootleg
sbomber	Shooter	2	vertical		Space Bomber (ver. B)	1998	Psikyo
sbombera	Shooter	2	vertical	sbomber	Space Bomber	1998	Psikyo
sbowling	Sports	2	vertical		Strike Bowling	1982	Taito Corporation
sbp	Sports	2	horizontal		Super Bubble Pop	2004	Vektorlogic
sbsgomo	Horizontal shooter	2	horizontal	bioship	Space Battle Ship Gomorrah	1990	UPL
scessjoe	Fighting	2	horizontal		Success Joe (World)	1990	Taito Corporation / Wave
scfinals	Football	2	horizontal		Super Cup Finals (Ver 2.2O 1994/01/13, single PCB)	1993	Taito Corporation Japan
scfinalso	Football	2	horizontal	scfinals	Super Cup Finals (Ver 2.1O 1993/11/19, single PCB)	1993	Taito Corporation Japan
scfinalsoc	Football	2	horizontal	scfinals	Super Cup Finals (Ver 2.1O 1993/11/19, F3 Cartridge)	1993	Taito Corporation Japan
schmeisr	Fighting	2	horizontal		Schmeiser Robo (Japan)	1993	Hot-B
sci	Racing	2	horizontal		Special Criminal Investigation (World set 1)	1989	Taito Corporation Japan
scia	Racing	2	horizontal	sci	Special Criminal Investigation (World set 2)	1989	Taito Corporation Japan
scij	Racing	2	horizontal	sci	Special Criminal Investigation (Japan)	1989	Taito Corporation
scin	Racing	2	horizontal	sci	Super Special Criminal Investigation (Negro Torino hack)	1991	hack (Negro Torino)
scion	Vertical shooter	2	horizontal		Scion	1984	Seibu Denshi
scionc	Vertical shooter	2	horizontal	scion	Scion (Cinematronics)	1984	Seibu Denshi (Cinematronics license)
sciu	Racing	2	horizontal	sci	Special Criminal Investigation (US)	1989	Taito America Corporation
scobra	Horizontal shooter	2	vertical		Super Cobra	1981	Konami
scobrab	Horizontal shooter	2	vertical	scobra	Super Cobra (bootleg, set 1)	1981	bootleg (Karateco)
scobrae	Horizontal shooter	2	vertical	scobra	Super Cobra (Stern Electronics) (encrypted, KONATEC XC-103SS CPU)	1981	Konami (Stern Electronics license)
scobrae2	Horizontal shooter	2	vertical	scobra	Super Cobra (encrypted)	1981	Konami
scobrag	Horizontal shooter	2	vertical	scobra	Super Cobra (bootleg, set 2)	1981	bootleg (A.V.G. by Zaccaria)
scobraggi	Horizontal shooter	2	vertical	scobra	Super Cobra (bootleg, set 3)	1981	bootleg (Cocamatic)
scobras	Horizontal shooter	2	vertical	scobra	Super Cobra (Stern Electronics)	1981	Konami (Stern Electronics license)
scobrase	Horizontal shooter	2	vertical	scobra	Super Cobra (Sega)	1981	Konami (Sega license)
scontra	Run & gun	2	vertical		Super Contra (set 1)	1988	Konami
scontraa	Run & gun	2	vertical	scontra	Super Contra (set 2)	1988	Konami
scontraj	Run & gun	2	vertical	scontra	Super Contra: Alien no Gyakushuu (Japan)	1988	Konami
scorpion	Horizontal shooter	2	vertical		Scorpion (set 1)	1982	Zaccaria
scorpiona	Horizontal shooter	2	vertical	scorpion	Scorpion (set 2)	1982	Zaccaria
scorpionb	Horizontal shooter	2	vertical	scorpion	Scorpion (set 3)	1982	Zaccaria
scorpionmc	Horizontal shooter	2	vertical	scorpion	Scorpion (Moon Cresta hardware)	19??	bootleg? (Dorneer)
scotrsht	Horizontal shooter	2	vertical		Scooter Shooter	1985	Konami
scramb2	Horizontal shooter	2	vertical	scramble	Scramble (bootleg, set 1)	1981	bootleg
scramblb	Horizontal shooter	2	vertical	scramble	Scramble (bootleg on Galaxian hardware)	1981	bootleg
scramble	Horizontal shooter	2	vertical		Scramble	1981	Konami
scramblebb	Horizontal shooter	2	vertical	scramble	Scramble (bootleg?)	1981	bootleg?
scramblebf	Horizontal shooter	2	vertical	scramble	Scramble (Karateco, French bootleg)	1981	bootleg (Karateco)
scrambler	Horizontal shooter	2	vertical	scramble	Scramble (Reben S.A. Spanish bootleg)	1981	bootleg (Reben S.A.)
scrambles	Horizontal shooter	2	vertical	scramble	Scramble (Stern Electronics, set 1)	1981	Konami (Stern Electronics license)
scrambp	Horizontal shooter	2	vertical	scramble	Impacto (Billport S.A., Spanish bootleg of Scramble)	1981	bootleg (Billport S.A.)
scramce	Horizontal shooter	2	vertical	scramble	Scramble (Centromatic S.A., Spanish bootleg)	1981	bootleg (Centromatic S.A.)
scrampt	Horizontal shooter	2	vertical	scramble	Scramble (Petaco S.A., Spanish bootleg)	1981	bootleg (Petaco S.A.)
scramrf	Horizontal shooter	2	vertical	scramble	Scramble (Recreativos Franco, Spanish bootleg)	1981	bootleg (Recreativos Franco)
scregg	Maze	2	vertical		Scrambled Egg	1983	Technos Japan
screwloo	Action	2	horizontal		Screw Loose (prototype)	1983	Mylstar
scross	Racing	2	horizontal		Stadium Cross (World)	1992	Sega
scrossa	Racing	2	horizontal	scross	Stadium Cross (World, linkable)	1992	Sega
scrossu	Racing	2	horizontal	scross	Stadium Cross (US)	1992	Sega
scudhamm	Misc	2	vertical		Scud Hammer (ver 1.4)	1994	Jaleco
scudhamma	Misc	2	vertical	scudhamm	Scud Hammer (older version?)	1994	Jaleco
sderby	Casino	2	horizontal		Super Derby (Playmark, v.07.03)	1996	Playmark
sderbya	Casino	2	horizontal	sderby	Super Derby (Playmark, v.10.04)	1996	Playmark
sdfight	Fighting	2	horizontal		SD Fighters (Korea)	1996	SemiCom / Tirano
sdgndmps	Horizontal shooter	2	horizontal		SD Gundam Psycho Salamander no Kyoui	1991	Banpresto / Bandai
sdi	Shooter	2	horizontal		SDI - Strategic Defense Initiative (Japan, newer, System 16A, FD1089B 317-0027)	1987	Sega
sdia	Shooter	2	horizontal	sdi	SDI - Strategic Defense Initiative (Japan, old, System 16A, FD1089B 317-0027)	1987	Sega
sdib	Shooter	2	horizontal	sdi	SDI - Strategic Defense Initiative (System 16B, FD1089A 317-0028)	1987	Sega
sdibl	Shooter	2	horizontal	sdi	SDI - Strategic Defense Initiative (bootleg, original hardware)	1987	bootleg
sdibl2	Shooter	2	horizontal	sdi	SDI - Strategic Defense Initiative (bootleg, set 1)	1987	bootleg
sdibl3	Shooter	2	horizontal	sdi	SDI - Strategic Defense Initiative (bootleg, set 2)	1987	bootleg
sdibl4	Shooter	2	horizontal	sdi	SDI - Strategic Defense Initiative (bootleg, set 3)	1987	bootleg
sdibl5	Shooter	2	horizontal	sdi	SDI - Strategic Defense Initiative (bootleg, set 4)	1987	bootleg
sdibl6	Shooter	2	horizontal	sdi	SDI - Strategic Defense Initiative (bootleg, set 5)	1987	bootleg
sdodgeb	Sports	2	horizontal		Super Dodge Ball / Kunio no Nekketsu Toukyuu Densetsu	1996	Technos Japan
sdodgebh	Sports	2	horizontal	sdodgeb	Super Dodge Ball / Kunio no Nekketsu Toukyuu Densetsu (Secret Character Hack)	1996	hack
sdojak	Vertical shooter	2	vertical	ddpsdoj	DoDonPachi SaiDaiOuJou & Knuckles (CaveDwellers Hack)	2021	hack
sdungeon	Action / Maze	2	vertical		Space Dungeon	1981	Taito America Corporation
sdungeona	Action / Maze	2	vertical	sdungeon	Space Dungeon (larger roms)	1981	Taito America Corporation
searchar	Run & gun	2	vertical		SAR - Search And Rescue (World)	1989	SNK
searcharj	Run & gun	2	vertical	searchar	SAR - Search And Rescue (Japan version 3)	1989	SNK
searcharu	Run & gun	2	vertical	searchar	SAR - Search And Rescue (US)	1989	SNK
searchey	Puzzle	2	horizontal		Search Eye (English / Korean / Japanese / Italian)	1999	Yun Sung
searcheya	Puzzle	2	horizontal	searchey	Search Eye (English / Korean)	1999	Yun Sung
searchp2	Puzzle	2	horizontal		Search Eye Plus V2.0	1999	Yun Sung
seawolf2	Vertical shooter	2	horizontal		Sea Wolf II	1978	Dave Nutting Associates / Midway
seawolft	Horizontal shooter	2	horizontal	sauro	Sea Wolf (Tecfri)	1987	Tecfri
secretag	Run & gun	2	horizontal		Secret Agent (World, revision 3)	1989	Data East Corporation
secretagj	Run & gun	2	horizontal	secretag	Secret Agent (Japan, revision 2)	1989	Data East Corporation
sectionz	Horizontal shooter	2	horizontal		Section Z (US)	1985	Capcom
sectionza	Horizontal shooter	2	horizontal	sectionz	Section Z (Japan, rev. A)	1985	Capcom
sectrzon	Horizontal shooter	2	vertical	seicross	Sector Zone (set 1)	1984	Nichibutsu / Alice
sectrzona	Horizontal shooter	2	vertical	seicross	Sector Zone (set 2)	1984	Nichibutsu / Alice
seganinj	Run & gun	2	horizontal		Sega Ninja (315-5102)	1985	Sega
seganinju	Run & gun	2	horizontal	seganinj	Sega Ninja (not encrypted)	1985	Sega
seicross	Horizontal shooter	2	vertical		Seicross (set 1)	1984	Nichibutsu / Alice
seicrossa	Horizontal shooter	2	vertical	seicross	Seicross (set 2)	1984	Nichibutsu / Alice
selfeena	Maze	2	horizontal		Sel Feena	1991	East Technology
semibase	Sports	2	horizontal		MuHanSeungBu (SemiCom Baseball) (Korea)	1997	SemiCom / DMD
sengekis	Vertical shooter	2	vertical		Sengeki Striker (Asia)	1997	Kaneko / Warashi
sengekisj	Vertical shooter	2	vertical	sengekis	Sengeki Striker (Japan)	1997	Kaneko / Warashi
sengk3eb	Beat 'em up	2	horizontal	sengoku3	Sengoku 3 / Sengoku Densho 2001 (Green Blue, Hack)	2010-2013	hack
sengk3fd	Beat 'em up	2	horizontal	sengoku3	Sengoku 3 / Sengoku Densho 2001 (Fully Decrypted)	2001	Noise Factory / SNK
sengk3fs	Beat 'em up	2	horizontal	sengoku3	Sengoku 3 / Sengoku Densho 2001 (Demeanor, Hack)	2020	hack
sengok3i	Beat 'em up	2	horizontal	sengoku3	Sengoku 3 / Sengoku Densho 2001 (Infinite Power, Hack)	2020	hack
sengoku	Beat 'em up	2	horizontal		Sengoku / Sengoku Denshou (NGM-017 ~ NGH-017)	1991	SNK
sengoku2	Beat 'em up	2	horizontal		Sengoku 2 / Sengoku Denshou 2	1993	SNK
sengoku2rb	Beat 'em up	2	horizontal	sengoku2	Sengoku 2 / Sengoku Denshou 2 (Hack, Red Blood v1.18)	2026	Raphael-Boichot
sengoku3	Beat 'em up	2	horizontal		Sengoku 3 / Sengoku Densho 2001 (set 1)	2001	Noise Factory / SNK
sengoku3a	Beat 'em up	2	horizontal	sengoku3	Sengoku 3 / Sengoku Densho 2001 (set 2)	2001	Noise Factory / SNK
sengoku3s	Beat 'em up	2	horizontal	sengoku3	Sengoku 3 / Sengoku Densho 2001 (Evolution 1.0, FCHT hack)	2001	hack
sengokuh	Beat 'em up	2	horizontal	sengoku	Sengoku / Sengoku Denshou (NGH-017, US)	1991	SNK
senjyo	Shooter	2	vertical		Senjyo	1983	Tehkan
senknow	Puzzle	2	horizontal		Sen-Know (Japan)	1999	Kaneko / Kouyousha
senkyu	Puzzle	2	horizontal		Senkyu (Japan, newer)	1995	Seibu Kaihatsu
senkyua	Puzzle	2	horizontal	senkyu	Senkyu (Japan, earlier)	1995	Seibu Kaihatsu
sf	Fighting	2	horizontal		Street Fighter (US, set 1)	1987	Capcom
sf2	Fighting	2	horizontal		Street Fighter II: The World Warrior (World 910522)	1991	Capcom
sf2acc	Fighting	2	horizontal	sf2ce	Street Fighter II': Champion Edition (Accelerator!, bootleg, set 1)	1992	bootleg
sf2acca	Fighting	2	horizontal	sf2ce	Street Fighter II': Champion Edition (Accelerator!, bootleg, set 2)	1992	bootleg
sf2accp2	Fighting	2	horizontal	sf2ce	Street Fighter II': Champion Edition (Accelerator Pt.II, bootleg)	1992	bootleg (Testron)
sf2amf	Fighting	2	horizontal	sf2ce	Street Fighter II': Champion Edition (L735 Test Rom, bootleg, set 1)	1992	bootleg
sf2amf10	Fighting	2	horizontal	sf2ce	Street Fighter II': Champion Edition (L735 Test Rom, bootleg, set 9)	1992	bootleg
sf2amf11	Fighting	2	horizontal	sf2ce	Street Fighter II': Champion Edition (L735 Test Rom w/ Mega Co, bootleg)	1992	bootleg
sf2amf12	Fighting	2	horizontal	sf2ce	Street Fighter II': Champion Edition (L735 Test Rom, bootleg, set 10)	1992	bootleg
sf2amf13	Fighting	2	horizontal	sf2ce	Street Fighter II': Champion Edition (L735 Test Rom, bootleg, set 11)	1992	bootleg
sf2amf14	Fighting	2	horizontal	sf2ce	Street Fighter II': Champion Edition (L735 Test Rom, bootleg, set 12)	1992	bootleg
sf2amf2	Fighting	2	horizontal	sf2ce	Street Fighter II': Champion Edition (L735 Test Rom, bootleg, set 2)	1992	bootleg
sf2amf3	Fighting	2	horizontal	sf2ce	Street Fighter II': Champion Edition (L735 Test Rom, bootleg, set 3)	1992	bootleg
sf2amf4	Fighting	2	horizontal	sf2ce	Street Fighter II': Champion Edition (L735 Test Rom, bootleg, set 4)	1992	bootleg
sf2amf5	Fighting	2	horizontal	sf2ce	Street Fighter II': Champion Edition (L735 Test Rom, bootleg, set 5)	1992	bootleg
sf2amf6	Fighting	2	horizontal	sf2ce	Street Fighter II': Champion Edition (L735 Test Rom, bootleg, set 6)	1992	bootleg
sf2amf7	Fighting	2	horizontal	sf2ce	Street Fighter II': Champion Edition (L735 Test Rom, bootleg, set 7)	1992	bootleg
sf2amf8	Fighting	2	horizontal	sf2ce	Street Fighter II': Champion Edition (Anno Test Rom, bootleg)	1992	bootleg
sf2amf9	Fighting	2	horizontal	sf2ce	Street Fighter II': Champion Edition (L735 Test Rom, bootleg, set 8)	1992	bootleg
sf2b	Fighting	2	horizontal	sf2	Street Fighter II: The World Warrior (bootleg, set 1)	1992	bootleg (Playmark)
sf2b2	Fighting	2	horizontal	sf2	Street Fighter II: The World Warrior (bootleg, set 2)	1992	bootleg
sf2b3	Fighting	2	horizontal	sf2	Street Fighter II: The World Warrior (bootleg, set 3)	1991	bootleg
sf2b4	Fighting	2	horizontal	sf2	Street Fighter II: The World Warrior (bootleg, set 4)	1991	bootleg
sf2b5	Fighting	2	horizontal	sf2	Street Fighter II: The World Warrior (bootleg, earliest, set 5)	1991	bootleg (Playmark)
sf2bhh	Fighting	2	horizontal	sf2ce	Street Fighter II': Champion Edition (Hung Hsi, bootleg)	1992	bootleg
sf2ce	Fighting	2	horizontal		Street Fighter II': Champion Edition (World 920513)	1992	Capcom
sf2ceb	Fighting	2	horizontal	sf2ce	Street Fighter II': Champion Edition (Playmark bootleg, set 1)	1992	bootleg (Playmark)
sf2ceb2	Fighting	2	horizontal	sf2ce	Street Fighter II': Champion Edition (bootleg, set 1)	1992	bootleg
sf2ceb3	Fighting	2	horizontal	sf2ce	Street Fighter II': Champion Edition (bootleg, set 2)	1992	bootleg
sf2ceb4	Fighting	2	horizontal	sf2ce	Street Fighter II': Champion Edition (Playmark bootleg, set 2)	1992	bootleg (Playmark)
sf2ceb5	Fighting	2	horizontal	sf2ce	Street Fighter II': Champion Edition (Playmark bootleg, set 3)	1992	bootleg (Playmark)
sf2ceblp	Fighting	2	horizontal	sf2ce	Street Fighter II': Champion Edition (protected bootleg on non-dash board)	1992	bootleg
sf2cebltw	Fighting	2	horizontal	sf2ce	Street Fighter II': Champion Edition ('Taiwan' bootleg with PAL)	1992	bootleg
sf2cebr	Fighting	2	horizontal	sf2ce	Street Fighter II': Champion Edition (Brasil 920313, v1.0, Hack)	2005	hack (NeoGeo BR Team)
sf2ceda	Fighting	2	horizontal	sf2ce	Street Fighter II': Champion Edition (unknown hack)	2012	Drakon
sf2ceea	Fighting	2	horizontal	sf2ce	Street Fighter II': Champion Edition (World 920313)	1992	Capcom
sf2ceeab2	Fighting	2	horizontal	sf2ce	Street Fighter II': Champion Edition (bootleg, World 920313, set 2)	1992	bootleg
sf2ceeab3	Fighting	2	horizontal	sf2ce	Street Fighter II': Champion Edition (bootleg, World 920313, set 3)	1992	bootleg
sf2ceeabl	Fighting	2	horizontal	sf2ce	Street Fighter II': Champion Edition (bootleg, World 920313, set 1)	1992	bootleg
sf2ceec	Fighting	2	horizontal	sf2ce	Street Fighter II': Champion Edition (World 920803)	1992	Capcom
sf2ceh	Fighting	2	horizontal	sf2ce	Street Fighter II': Champion Edition (Hispanic 990804, hack)	1992	hack
sf2ceja	Fighting	2	horizontal	sf2ce	Street Fighter II': Champion Edition (Japan 920322)	1992	Capcom
sf2cejab2	Fighting	2	horizontal	sf2ce	Street Fighter II': Champion Edition (bootleg, Japan 920322, set 2)	1992	bootleg
sf2cejabl	Fighting	2	horizontal	sf2ce	Street Fighter II': Champion Edition (bootleg, Japan 920322, set 1)	1992	bootleg
sf2cejb	Fighting	2	horizontal	sf2ce	Street Fighter II': Champion Edition (Japan 920513)	1992	Capcom
sf2cejc	Fighting	2	horizontal	sf2ce	Street Fighter II': Champion Edition (Japan 920803)	1992	Capcom
sf2cems6a	Fighting	2	horizontal	sf2ce	Street Fighter II': Champion Edition (Mstreet-6, bootleg, set 1)	1992	bootleg
sf2cet	Fighting	2	horizontal	sf2ce	Street Fighter II': Champion Edition (Taiwan 920313)	1992	Capcom
sf2ceua	Fighting	2	horizontal	sf2ce	Street Fighter II': Champion Edition (USA 920313)	1992	Capcom
sf2ceuab2	Fighting	2	horizontal	sf2ce	Street Fighter II': Champion Edition (bootleg, USA 920313, set 2)	1992	bootleg
sf2ceuab3	Fighting	2	horizontal	sf2ce	Street Fighter II': Champion Edition (bootleg, USA 920313, set 3)	1992	bootleg
sf2ceuab4	Fighting	2	horizontal	sf2ce	Street Fighter II': Champion Edition (bootleg, USA 920313, set 4)	1992	bootleg
sf2ceuab5	Fighting	2	horizontal	sf2ce	Street Fighter II': Champion Edition (bootleg, USA 920313, set 5)	1992	bootleg
sf2ceuab6	Fighting	2	horizontal	sf2ce	Street Fighter II': Champion Edition (bootleg, USA 920313, set 6)	1992	bootleg
sf2ceuab7	Fighting	2	horizontal	sf2ce	Street Fighter II': Champion Edition (bootleg, USA 920313, set 7)	1992	bootleg
sf2ceuab8	Fighting	2	horizontal	sf2ce	Street Fighter II': Champion Edition (bootleg, USA 920313, set 8)	1992	bootleg
sf2ceuab9	Fighting	2	horizontal	sf2ce	Street Fighter II': Champion Edition (bootleg, USA 920313, set 9)	1992	bootleg
sf2ceuabl	Fighting	2	horizontal	sf2ce	Street Fighter II': Champion Edition (bootleg, USA 920313, set 1)	1992	bootleg
sf2ceub	Fighting	2	horizontal	sf2ce	Street Fighter II': Champion Edition (USA 920513)	1992	Capcom
sf2ceuc	Fighting	2	horizontal	sf2ce	Street Fighter II': Champion Edition (USA 920803)	1992	Capcom
sf2ceucbl	Fighting	2	horizontal	sf2ce	Street Fighter II': Champion Edition (bootleg, USA 920803)	1992	bootleg
sf2ceupl	Fighting	2	horizontal	sf2ce	Street Fighter II': Champion Edition (Japan 920322, UPL bootleg?)	1992	bootleg (UPL?)
sf2cre	Fighting	2	horizontal	sf2ce	Street Fighter II': Champion Re-Edit (Hack, v0.29.7)	2025	Persona
sf2dkot2	Fighting	2	horizontal	sf2ce	Street Fighter II': Champion Edition (Double K.O. Turbo II, bootleg)	1992	bootleg
sf2dongb	Fighting	2	horizontal	sf2ce	Street Fighter II': Champion Edition (Dongfang Bubai protection, bootleg)	1992	bootleg
sf2ea	Fighting	2	horizontal	sf2	Street Fighter II: The World Warrior (World 910204)	1991	Capcom
sf2eb	Fighting	2	horizontal	sf2	Street Fighter II: The World Warrior (World 910214)	1991	Capcom
sf2ebbl	Fighting	2	horizontal	sf2	Street Fighter II: The World Warrior (TAB Austria, bootleg, set 1)	1992	bootleg
sf2ebbl2	Fighting	2	horizontal	sf2	Street Fighter II: The World Warrior (TAB Austria, bootleg, set 3)	1992	bootleg
sf2ebbl3	Fighting	2	horizontal	sf2	Street Fighter II: The World Warrior (TAB Austria, bootleg, set 4)	1992	bootleg
sf2ebbl4	Fighting	2	horizontal	sf2	Street Fighter II: The World Warrior (TAB Austria, bootleg, set 5)	1992	bootleg
sf2ed	Fighting	2	horizontal	sf2	Street Fighter II: The World Warrior (World 910318)	1991	Capcom
sf2ee	Fighting	2	horizontal	sf2	Street Fighter II: The World Warrior (World 910228)	1991	Capcom
sf2ef	Fighting	2	horizontal	sf2	Street Fighter II: The World Warrior (World 910411)	1991	Capcom
sf2em	Fighting	2	horizontal	sf2	Street Fighter II: The World Warrior (World 910129)	1991	Capcom
sf2en	Fighting	2	horizontal	sf2	Street Fighter II: The World Warrior (World 910204, conversion)	1991	Capcom
sf2gm	Fighting	2	horizontal	sf2ce	Street Fighter II': Champion Edition (Golden Magic, Hack)	2020	hack
sf2hf	Fighting	2	horizontal		Street Fighter II': Hyper Fighting (World 921209)	1992	Capcom
sf2hfj	Fighting	2	horizontal	sf2hf	Street Fighter II' Turbo: Hyper Fighting (Japan 921209)	1992	Capcom
sf2hfjb	Fighting	2	horizontal	sf2hf	Street Fighter II' Turbo: Hyper Fighting (bootleg, set 1)	1992	Capcom
sf2hfjb2	Fighting	2	horizontal	sf2hf	Street Fighter II' Turbo: Hyper Fighting (bootleg, set 2)	1992	Capcom
sf2hfsce	Fighting	2	horizontal	sf2hf	Street Fighter II': Hyper Fighting (Sr. SF Champion Edition v1.4, Hack)	2023	hack
sf2hfu	Fighting	2	horizontal	sf2hf	Street Fighter II': Hyper Fighting (USA 921209)	1992	Capcom
sf2j	Fighting	2	horizontal	sf2	Street Fighter II: The World Warrior (Japan 911210, CPS-B-13)	1991	Capcom
sf2j17	Fighting	2	horizontal	sf2	Street Fighter II: The World Warrior (Japan 911210, CPS-B-17)	1991	Capcom
sf2ja	Fighting	2	horizontal	sf2	Street Fighter II: The World Warrior (Japan 910214)	1991	Capcom
sf2jc	Fighting	2	horizontal	sf2	Street Fighter II: The World Warrior (Japan 910306)	1991	Capcom
sf2jf	Fighting	2	horizontal	sf2	Street Fighter II: The World Warrior (Japan 910411)	1991	Capcom
sf2jh	Fighting	2	horizontal	sf2	Street Fighter II: The World Warrior (Japan 910522)	1991	Capcom
sf2jl	Fighting	2	horizontal	sf2	Street Fighter II: The World Warrior (Japan 920312)	1991	Capcom
sf2jla	Fighting	2	horizontal	sf2	Street Fighter II: The World Warrior (Japan 911210, Rev. L)	1991	Capcom
sf2koryu	Fighting	2	horizontal	sf2ce	Street Fighter II': Champion Edition (Xiang Long, Chinese bootleg, set 1)	1992	bootleg
sf2koryu2	Fighting	2	horizontal	sf2ce	Street Fighter II': Champion Edition (Xiang Long, Chinese bootleg, set 2)	1992	bootleg
sf2koryu3	Fighting	2	horizontal	sf2ce	Street Fighter II': Champion Edition (Xiang Long, Chinese bootleg, set 3)	1992	bootleg
sf2koryua	Fighting	2	horizontal	sf2ce	Street Fighter II': Champion Edition (Xiang Long, Chinese bootleg, set 1, alternate dump)	1992	bootleg
sf2level	Fighting	2	horizontal	sf2ce	Street Fighter II': Champion Edition (bootleg with level selection)	1992	bootleg
sf2ly	Fighting	2	horizontal	sf2	Street Fighter II: The World Warrior (with bosses like Champion Edition, Japan 910522, CPS-B-11)	1991	Capcom
sf2md	Fighting	2	horizontal	sf2ce	Street Fighter II': Champion Edition (Magic Delta, bootleg)	1992	bootleg
sf2mdt	Fighting	2	horizontal	sf2ce	Street Fighter II': Magic Delta Turbo (bootleg, set 1)	1992	bootleg
sf2mdta	Fighting	2	horizontal	sf2ce	Street Fighter II': Magic Delta Turbo (bootleg, set 2)	1993	bootleg
sf2mdtb	Fighting	2	horizontal	sf2ce	Street Fighter II': Magic Delta Turbo (bootleg, set 3)	1993	bootleg
sf2mdtc	Fighting	2	horizontal	sf2ce	Street Fighter II': Magic Delta Turbo (bootleg, set 4)	1993	bootleg
sf2mega	Fighting	2	horizontal	sf2ce	Street Fighter II': Champion Edition (Mega Co, bootleg, set 1)	1992	Mega Co
sf2mega2	Fighting	2	horizontal	sf2ce	Street Fighter II': Champion Edition (Mega Co, bootleg, set 2)	1992	Mega Co
sf2mix	Fighting	2	horizontal	sf2ce	Street Fighter II Mix (v1.6)	2025	hack
sf2mkot	Fighting	2	horizontal	sf2ce	Street Fighter II': Magic KO Turbo!! - Nightmare Crack (set 1)	1992	bootleg
sf2mkot2	Fighting	2	horizontal	sf2ce	Street Fighter II': Magic KO Turbo!! - Nightmare Crack (set 2)	1992	bootleg
sf2pp	Fighting	2	horizontal	sf2	Street Fighter II Plus Plus (Ver. 2020/07/19, Hack)	2020	Yumeji
sf2prime	Fighting	2	horizontal	hsf2	Street Fighter II': Prime (Ver 0.80, Hack)	2026	Zero800
sf2qp1	Fighting	2	horizontal	sf2	Street Fighter II: The World Warrior (Quicken Pt-I, bootleg)	1991	bootleg
sf2qp2	Fighting	2	horizontal	sf2	Street Fighter II: The World Warrior (Quicken, bootleg)	1991	bootleg
sf2rb	Fighting	2	horizontal	sf2ce	Street Fighter II': Champion Edition (Rainbow, bootleg, set 1)	1992	bootleg
sf2rb2	Fighting	2	horizontal	sf2ce	Street Fighter II': Champion Edition (Rainbow, bootleg, set 2)	1992	bootleg
sf2rb3	Fighting	2	horizontal	sf2ce	Street Fighter II': Champion Edition (Rainbow, bootleg, set 3)	1992	bootleg
sf2rb4	Fighting	2	horizontal	sf2ce	Street Fighter II': Champion Edition (Rainbow, bootleg, set 4)	1992	bootleg
sf2rb5	Fighting	2	horizontal	sf2ce	Street Fighter II': Champion Edition (Rainbow, bootleg, set 5)	1992	bootleg
sf2rb6	Fighting	2	horizontal	sf2ce	Street Fighter II': Champion Edition (Rainbow, bootleg, set 6)	1992	bootleg
sf2re	Fighting	2	horizontal	sf2ce	Street Fighter II': Champion Edition (RE, bootleg)	1992	bootleg
sf2red	Fighting	2	horizontal	sf2ce	Street Fighter II': Champion Edition (Red Wave, bootleg, set 1)	1992	bootleg
sf2red2	Fighting	2	horizontal	sf2ce	Street Fighter II': Champion Edition (Red Wave, bootleg, set 3)	1992	bootleg
sf2reda	Fighting	2	horizontal	sf2ce	Street Fighter II': Champion Edition (Red Wave, bootleg, set 2)	1992	bootleg
sf2redp2	Fighting	2	horizontal	sf2ce	Street Fighter II': Champion Edition (Red Wave PtII, bootleg)	1992?	bootleg
sf2rk	Fighting	2	horizontal	sf2	Street Fighter II: The World Warrior (RK, bootleg, set 1)	1992	bootleg
sf2rk2	Fighting	2	horizontal	sf2	Street Fighter II: The World Warrior (RK, bootleg, set 2)	1991	bootleg
sf2rules	Fighting	2	horizontal	sf2	Street Fighter II: The World Warrior (bootleg with rules screen)	1992	bootleg
sf2sl73a	Fighting	2	horizontal	sf2ce	Street Fighter II': Champion Edition (Sheng Long v 7.3a)	2013	Drakon
sf2stt	Fighting	2	horizontal	sf2	Street Fighter II: The World Warrior (TAB Austria, bootleg, set 2)	1992	bootleg
sf2thndr	Fighting	2	horizontal	sf2	Street Fighter II: The World Warrior (Thunder Edition, bootleg, set 1)	1991	bootleg
sf2thndr2	Fighting	2	horizontal	sf2	Street Fighter II: The World Warrior (Thunder Edition, bootleg, set 2)	1991	bootleg
sf2tlona	Fighting	2	horizontal	sf2ce	Street Fighter II': Champion Edition (Tu Long, Chinese bootleg, set 1)	1992	bootleg
sf2tlona2	Fighting	2	horizontal	sf2ce	Street Fighter II': Champion Edition (Tu Long, Chinese bootleg, set 1, alternate dump)	1992	bootleg
sf2tlonb	Fighting	2	horizontal	sf2ce	Street Fighter II': Champion Edition (Tu Long, Chinese bootleg, set 2)	1992	bootleg
sf2tlonb2	Fighting	2	horizontal	sf2ce	Street Fighter II': Champion Edition (Tu Long, Chinese bootleg, set 2, alternate dump)	1992	bootleg
sf2tlonc	Fighting	2	horizontal	sf2ce	Street Fighter II': Champion Edition (Tu Long, Chinese bootleg, set 3)	1992	bootleg
sf2tlonc2	Fighting	2	horizontal	sf2ce	Street Fighter II': Champion Edition (Tu Long, Chinese bootleg, set 3, alternate dump)	1992	bootleg
sf2ua	Fighting	2	horizontal	sf2	Street Fighter II: The World Warrior (USA 910206)	1991	Capcom
sf2ub	Fighting	2	horizontal	sf2	Street Fighter II: The World Warrior (USA 910214)	1991	Capcom
sf2uc	Fighting	2	horizontal	sf2	Street Fighter II: The World Warrior (USA 910306)	1991	Capcom
sf2ud	Fighting	2	horizontal	sf2	Street Fighter II: The World Warrior (USA 910318)	1991	Capcom
sf2ue	Fighting	2	horizontal	sf2	Street Fighter II: The World Warrior (USA 910228)	1991	Capcom
sf2uf	Fighting	2	horizontal	sf2	Street Fighter II: The World Warrior (USA 910411)	1991	Capcom
sf2ug	Fighting	2	horizontal	sf2	Street Fighter II: The World Warrior (USA 910522, Rev. G)	1991	Capcom
sf2uh	Fighting	2	horizontal	sf2	Street Fighter II: The World Warrior (USA 910522, Rev. H)	1991	Capcom
sf2ui	Fighting	2	horizontal	sf2	Street Fighter II: The World Warrior (USA 910522, Rev. I)	1991	Capcom
sf2uk	Fighting	2	horizontal	sf2	Street Fighter II: The World Warrior (USA 911101)	1991	Capcom
sf2um	Fighting	2	horizontal	sf2	Street Fighter II: The World Warrior (USA 920312)	1991	Capcom
sf2v004	Fighting	2	horizontal	sf2ce	Street Fighter II': Champion Edition (V004, bootleg, set 1)	1992	bootleg
sf2v0042	Fighting	2	horizontal	sf2ce	Street Fighter II': Champion Edition (V004, bootleg, set 2)	1992	bootleg
sf2v0043	Fighting	2	horizontal	sf2ce	Street Fighter II': Champion Edition (V004, bootleg, set 3)	1992	bootleg
sf2yyc	Fighting	2	horizontal	sf2ce	Street Fighter II': Champion Edition (YYC, bootleg, set 1)	1992	bootleg
sf2yyc2	Fighting	2	horizontal	sf2ce	Street Fighter II': Champion Edition (YYC, bootleg, set 2)	1992	bootleg
sfa	Fighting	2	horizontal		Street Fighter Alpha: Warriors' Dreams (Europe 950727)	1995	Capcom
sfa2	Fighting	2	horizontal		Street Fighter Alpha 2 (Europe 960229)	1996	Capcom
sfa2u	Fighting	2	horizontal	sfa2	Street Fighter Alpha 2 (USA 960430)	1996	Capcom
sfa2uhc	Fighting	2	horizontal	sfa2	Street Fighter Alpha 2 - Unlock Hidden Characters (Hack By Yumeji)	2009	Hack
sfa2ultra	Fighting	2	horizontal	sfa2	Street Fighter Alpha 2 Ultra (Beta)	2023	hack (bankbank)
sfa2ur1	Fighting	2	horizontal	sfa2	Street Fighter Alpha 2 (USA 960306)	1996	Capcom
sfa3	Fighting	2	horizontal		Street Fighter Alpha 3 (Europe 980904)	1998	Capcom
sfa3b	Fighting	2	horizontal	sfa3	Street Fighter Alpha 3 (Brazil 980629)	1998	Capcom
sfa3br	Fighting	2	horizontal	sfa3	Street Fighter Alpha 3 (Brasil 050513, v2.0, Hack)	2005	hack (Alan Web Page)
sfa3ce	Fighting	2	horizontal	sfa3	Street Fighter Alpha 3: Challenger's Edition	2022	Grego and Gnawtor
sfa3h	Fighting	2	horizontal	sfa3	Street Fighter Alpha 3 (Hispanic 980904)	1998	Capcom
sfa3hr1	Fighting	2	horizontal	sfa3	Street Fighter Alpha 3 (Hispanic 980629)	1998	Capcom
sfa3sp2	Fighting	2	horizontal	sfa3	Street Fighter Alpha 3 (Hidden Character Full Version Fix ver. 2009-09-27, Hack)	2009	Pipi899
sfa3u	Fighting	2	horizontal	sfa3	Street Fighter Alpha 3 (USA 980904)	1998	Capcom
sfa3ud	Fighting	2	horizontal	sfa3	Street Fighter Alpha 3 (USA 980904 Phoenix Edition) (bootleg)	1998	bootleg
sfa3ur1	Fighting	2	horizontal	sfa3	Street Fighter Alpha 3 (USA 980629)	1998	Capcom
sfa3us	Fighting	2	horizontal	sfa3	Street Fighter Alpha 3 (USA 980616, SAMPLE Version)	1998	Capcom
sfa3xl	Fighting	2	horizontal	sfa3	Street Fighter Alpha 3: Xiang Long Edition (Hack by pipi899, Ver.2009-05-10)	2009	Hack
sfach	Fighting	2	horizontal	sfzch	Street Fighter Alpha: Warriors' Dreams (CPS Changer, Publicity USA 950727)	1995	Capcom
sfad	Fighting	2	horizontal	sfa	Street Fighter Alpha: Warriors' Dreams (Europe 950727 Phoenix Edition) (bootleg)	1995	bootleg
sfan	Fighting	2	horizontal	sf	Street Fighter (World, pneumatic buttons)	1987	Capcom
sfar1	Fighting	2	horizontal	sfa	Street Fighter Alpha: Warriors' Dreams (Europe 950718)	1995	Capcom
sfar2	Fighting	2	horizontal	sfa	Street Fighter Alpha: Warriors' Dreams (Europe 950627)	1995	Capcom
sfar3	Fighting	2	horizontal	sfa	Street Fighter Alpha: Warriors' Dreams (Europe 950605)	1995	Capcom
sfau	Fighting	2	horizontal	sfa	Street Fighter Alpha: Warriors' Dreams (USA 950627)	1995	Capcom
sfaud	Fighting	2	horizontal	sfa	Street Fighter Alpha: Warriors' Dreams (USA 950727 Phoenix Edition) (bootleg)	1995	bootleg
sfiii	Fighting	2	horizontal		Street Fighter III: New Generation (Europe 970204)	1997	Capcom
sfiii2	Fighting	2	horizontal		Street Fighter III 2nd Impact: Giant Attack (USA 970930)	1997	Capcom
sfiii2bh	Fighting	2	horizontal	sfiii2	Street Fighter III 2nd Impact: Giant Attack (Boss Hack)	201?	Yumeji
sfiii2h	Fighting	2	horizontal	sfiii2	Street Fighter III 2nd Impact: Giant Attack (Hispanic 970930)	1997	Capcom
sfiii2j	Fighting	2	horizontal	sfiii2	Street Fighter III 2nd Impact: Giant Attack (Japan 970930)	1997	Capcom
sfiii2n	Fighting	2	horizontal	sfiii2	Street Fighter III 2nd Impact: Giant Attack (Asia 970930, NO CD)	1997	Capcom
sfiii3	Fighting	2	horizontal		Street Fighter III 3rd Strike: Fight for the Future (Europe 990608)	1999	Capcom
sfiii3bh	Fighting	2	horizontal	sfiii3	Street Fighter III 3rd Strike: Fight for the Future (Boss Hack)	201?	Yumeji
sfiii3j	Fighting	2	horizontal	sfiii3	Street Fighter III 3rd Strike: Fight for the Future (Japan 990608)	1999	Capcom
sfiii3jr1	Fighting	2	horizontal	sfiii3	Street Fighter III 3rd Strike: Fight for the Future (Japan 990512)	1999	Capcom
sfiii3n	Fighting	2	horizontal	sfiii3	Street Fighter III 3rd Strike: Fight for the Future (Japan 990608, NO CD)	1999	Capcom
sfiii3na	Fighting	2	horizontal	sfiii3	Street Fighter III 3rd Strike: Fight for the Future (Asia 990608, NO CD)	1999	Capcom
sfiii3nar1	Fighting	2	horizontal	sfiii3	Street Fighter III 3rd Strike: Fight for the Future (Asia 990512, NO CD)	1999	Capcom
sfiii3nr1	Fighting	2	horizontal	sfiii3	Street Fighter III 3rd Strike: Fight for the Future (Japan 990512, NO CD)	1999	Capcom
sfiii3r1	Fighting	2	horizontal	sfiii3	Street Fighter III 3rd Strike: Fight for the Future (Europe 990512)	1999	Capcom
sfiii3th	Fighting	2	horizontal	sfiii3	Street Fighter III 3rd Strike: Fight for the Future | re:THIRD update	2021	hack
sfiii3u	Fighting	2	horizontal	sfiii3	Street Fighter III 3rd Strike: Fight for the Future (USA 990608)	1999	Capcom
sfiii3ur1	Fighting	2	horizontal	sfiii3	Street Fighter III 3rd Strike: Fight for the Future (USA 990512)	1999	Capcom
sfiii3ws	Fighting	2	horizontal	sfiii3	Street Fighter III 3rd Strike: Fight for the Future (Widescreen 20220908)	2022	Bank Bank
sfiii4fs	Fighting	2	horizontal	sfiii3	Street Fighter III 3rd Strike: Fight for the Future (4rd Strike 2011-07-17)	2011	hack
sfiii4n	Fighting	2	horizontal	sfiii3	Street Fighter III 3rd Strike: Fight for the Future (4rd Arrange Edition 2013)	2013	hack
sfiiia	Fighting	2	horizontal	sfiii	Street Fighter III: New Generation (Asia 970204)	1997	Capcom
sfiiibh	Fighting	2	horizontal	sfiii	Street Fighter III: New Generation (Boss Hack)	201?	Yumeji
sfiiih	Fighting	2	horizontal	sfiii	Street Fighter III: New Generation (Hispanic 970204)	1997	Capcom
sfiiij	Fighting	2	horizontal	sfiii	Street Fighter III: New Generation (Japan 970204)	1997	Capcom
sfiiin	Fighting	2	horizontal	sfiii	Street Fighter III: New Generation (Asia 970204, NO CD, BIOS set 1)	1997	Capcom
sfiiina	Fighting	2	horizontal	sfiii	Street Fighter III: New Generation (Asia 970204, NO CD, BIOS set 2)	1997	Capcom
sfiiiu	Fighting	2	horizontal	sfiii	Street Fighter III: New Generation (USA 970204)	1997	Capcom
sfj	Fighting	2	horizontal	sf	Street Fighter (Japan) (protected)	1987	Capcom
sfjan	Fighting	2	horizontal	sf	Street Fighter (Japan, pneumatic buttons)	1987	Capcom
sformula	Racing	2	vertical	tail2nos	Super Formula (Japan, set 1)	1989	V-System Co.
sformulaa	Racing	2	vertical	tail2nos	Super Formula (Japan, set 2)	1989	V-System Co.
sfp	Fighting	2	horizontal	sf	Street Fighter (prototype)	1987	Capcom
sfposeid	Horizontal shooter	2	horizontal		Sea Fighter Poseidon	1984	Taito Corporation
sfpp	Fighting	2	horizontal	sf	Street Fighter (Plus Plus)	2014	Yumeji
sftm	Fighting	2	horizontal		Street Fighter: The Movie (v1.12)	1995	Capcom / Incredible Technologies
sftm110	Fighting	2	horizontal	sftm	Street Fighter: The Movie (v1.10)	1995	Capcom / Incredible Technologies
sftm111	Fighting	2	horizontal	sftm	Street Fighter: The Movie (v1.11)	1995	Capcom / Incredible Technologies
sftmj112	Fighting	2	horizontal	sftm	Street Fighter: The Movie (v1.12N, Japan)	1995	Capcom / Incredible Technologies
sftmj114	Fighting	2	horizontal	sftm	Street Fighter: The Movie (v1.14N, Japan)	1995	Capcom / Incredible Technologies
sftmk112	Fighting	2	horizontal	sftm	Street Fighter: The Movie (v1.12K, Korea)	1995	Capcom / Incredible Technologies
sfua	Fighting	2	horizontal	sf	Street Fighter (US, set 2) (protected)	1987	Capcom
sfw	Fighting	2	horizontal	sf	Street Fighter (World) (protected)	1987	Capcom
sfx	Horizontal shooter	2	horizontal		SF-X	1983	Nihon Game (Nichibutsu license)
sfz2a	Fighting	2	horizontal	sfa2	Street Fighter Zero 2 (Asia 960227)	1996	Capcom
sfz2ad	Fighting	2	horizontal	sfa2	Street Fighter Zero 2 (Asia 960227 Phoenix Edition) (bootleg)	1996	bootleg
sfz2adl	Fighting	2	horizontal	sfz2al	Street Fighter Zero 2 Alpha: Dragon Level (Hack by pipi899, Ver.2009-04-24)	2009	Hack
sfz2al	Fighting	2	horizontal		Street Fighter Zero 2 Alpha (Asia 960826)	1996	Capcom
sfz2alb	Fighting	2	horizontal	sfz2al	Street Fighter Zero 2 Alpha (Brazil 960813)	1996	Capcom
sfz2ald	Fighting	2	horizontal	sfz2al	Street Fighter Zero 2 Alpha (Asia 960826 Phoenix Edition) (bootleg)	1996	bootleg
sfz2alh	Fighting	2	horizontal	sfz2al	Street Fighter Zero 2 Alpha (Hispanic 960813)	1996	Capcom
sfz2alj	Fighting	2	horizontal	sfz2al	Street Fighter Zero 2 Alpha (Japan 960805)	1996	Capcom
sfz2alr1	Fighting	2	horizontal	sfz2al	Street Fighter Zero 2 Alpha (Asia 960805)	1996	Capcom
sfz2b	Fighting	2	horizontal	sfa2	Street Fighter Zero 2 (Brazil 960531)	1996	Capcom
sfz2br1	Fighting	2	horizontal	sfa2	Street Fighter Zero 2 (Brazil 960304)	1996	Capcom
sfz2h	Fighting	2	horizontal	sfa2	Street Fighter Zero 2 (Hispanic 960304)	1996	Capcom
sfz2j	Fighting	2	horizontal	sfa2	Street Fighter Zero 2 (Japan 960430)	1996	Capcom
sfz2jd	Fighting	2	horizontal	sfa2	Street Fighter Zero 2 (Japan 960227 Phoenix Edition) (bootleg)	1996	bootleg
sfz2jr1	Fighting	2	horizontal	sfa2	Street Fighter Zero 2 (Japan 960227)	1996	Capcom
sfz2n	Fighting	2	horizontal	sfa2	Street Fighter Zero 2 (Oceania 960229)	1996	Capcom
sfz3a	Fighting	2	horizontal	sfa3	Street Fighter Zero 3 (Asia 980904)	1998	Capcom
sfz3ar1	Fighting	2	horizontal	sfa3	Street Fighter Zero 3 (Asia 980701)	1998	Capcom
sfz3j	Fighting	2	horizontal	sfa3	Street Fighter Zero 3 (Japan 980904)	1998	Capcom
sfz3jr1	Fighting	2	horizontal	sfa3	Street Fighter Zero 3 (Japan 980727)	1998	Capcom
sfz3jr2	Fighting	2	horizontal	sfa3	Street Fighter Zero 3 (Japan 980629)	1998	Capcom
sfz3jr2d	Fighting	2	horizontal	sfa3	Street Fighter Zero 3 (Japan 980629 Phoenix Edition) (bootleg)	1998	bootleg
sfz3mix	Fighting	2	horizontal	sfa3	Street Fighter Zero 3 Mix v0.32	2026	hack (zero800)
sfz3mix13	Fighting	2	horizontal	sfa3	Street Fighter Zero 3 Mix v0.13	2022	hack
sfz3te	Fighting	2	horizontal	sfa3	Street Fighter Zero 3: Training Edition v1.2 (Japan 980629)	2022	hack
sfza	Fighting	2	horizontal	sfa	Street Fighter Zero (Asia 950627)	1995	Capcom
sfzach	Fighting	2	horizontal	sfzch	Street Fighter Zero (CPS Changer, Asia 950925)	1995	Capcom
sfzar1	Fighting	2	horizontal	sfa	Street Fighter Zero (Asia 950605)	1995	Capcom
sfzb	Fighting	2	horizontal	sfa	Street Fighter Zero (Brazil 951109)	1995	Capcom
sfzbch	Fighting	2	horizontal	sfzch	Street Fighter Zero (CPS Changer, Brazil 950727)	1995	Capcom
sfzbr1	Fighting	2	horizontal	sfa	Street Fighter Zero (Brazil 950727)	1995	Capcom
sfzch	Fighting	2	horizontal		Street Fighter Zero (CPS Changer, Japan 951020)	1995	Capcom
sfzcha	Fighting	2	horizontal	sfzch	Street Fighter Zero (CPS Changer, Japan 040820)	2005	Capcom
sfzech	Fighting	2	horizontal	sfzch	Street Fighter Zero (CPS Changer, Europe 950727)	1995	Capcom
sfzh	Fighting	2	horizontal	sfa	Street Fighter Zero (Hispanic 950718)	1995	Capcom
sfzhch	Fighting	2	horizontal	sfzch	Street Fighter Zero (CPS Changer, Hispanic 950727)	1995	Capcom
sfzhr1	Fighting	2	horizontal	sfa	Street Fighter Zero (Hispanic 950627)	1995	Capcom
sfzj	Fighting	2	horizontal	sfa	Street Fighter Zero (Japan 950727)	1995	Capcom
sfzjr1	Fighting	2	horizontal	sfa	Street Fighter Zero (Japan 950627)	1995	Capcom
sfzjr2	Fighting	2	horizontal	sfa	Street Fighter Zero (Japan 950605)	1995	Capcom
sgemf	Fighting	2	horizontal		Super Gem Fighter: Mini Mix (USA 970904)	1997	Capcom
sgemfa	Fighting	2	horizontal	sgemf	Super Gem Fighter: Mini Mix (Asia 970904)	1997	Capcom
sgemfd	Fighting	2	horizontal	sgemf	Super Gem Fighter: Mini Mix (USA 970904 Phoenix Edition) (bootleg)	1997	bootleg
sgemfh	Fighting	2	horizontal	sgemf	Super Gem Fighter: Mini Mix (Hispanic 970904)	1997	Capcom
sgladiat	Racing	2	horizontal		Gladiator 1984	1984	SNK
sgmast	Sports	2	horizontal		Super Masters Golf (World?, Floppy Based, FD1094 317-0058-05d?)	1989	Sega
sgmastc	Sports	2	horizontal	sgmast	Jumbo Ozaki Super Masters Golf (World, Floppy Based, FD1094 317-0058-05c)	1989	Sega
sgmastj	Sports	2	horizontal	sgmast	Jumbo Ozaki Super Masters Golf (Japan, Floppy Based, FD1094 317-0058-05b)	1989	Sega
sgunner	Shooter	2	horizontal		Steel Gunner (Rev B)	1990	Namco
sgunner2	Shooter	2	horizontal		Steel Gunner 2 (US)	1991	Namco
sgunner2j	Shooter	2	horizontal	sgunner2	Steel Gunner 2 (Japan, Rev A)	1991	Namco
sgunnerj	Shooter	2	horizontal	sgunner	Steel Gunner (Japan)	1990	Namco
sgyxz	Beat 'em up	3	horizontal	wof	SanGuo YingXiongZhuan (Chinese bootleg of Sangokushi II, set 1)	1999	bootleg (All-In Electronic)
sgyxza	Beat 'em up	3	horizontal	wof	SanGuo YingXiongZhuan (Chinese bootleg of Sangokushi II, set 2)	1999	bootleg (All-In Electronic)
sgyxzb	Beat 'em up	3	horizontal	wof	SanGuo YingXiongZhuan (Chinese bootleg of Sangokushi II, set 3)	1999	bootleg (All-In Electronic)
sgz	Beat 'em up	1	horizontal		Shadow Gangs Zero (Backers Demo V1.0)	2026	JKM Corp.
shackled	Maze / Run & gun	2	horizontal		Shackled (US)	1986	Data East USA
shadfrce	Beat 'em up	2	horizontal		Shadow Force (World, Version 3)	1993	Technos Japan
shadfrcej	Beat 'em up	2	horizontal	shadfrce	Shadow Force - Henshin Ninja (Japan, Version 2)	1993	Technos Japan
shadfrceu	Beat 'em up	2	horizontal	shadfrce	Shadow Force (US, Version 2)	1993	Technos Japan
shadowld	Run & gun	2	horizontal		Shadowland (YD3)	1987	Namco
shadoww	Beat 'em up	2	horizontal		Shadow Warriors (World, set 1)	1988	Tecmo
shadowwa	Beat 'em up	2	horizontal	shadoww	Shadow Warriors (World, set 2)	1988	Tecmo
shangha3	Mahjong	2	horizontal		Shanghai III (World)	1993	Sunsoft
shangha3j	Mahjong	2	horizontal	shangha3	Shanghai III (Japan)	1993	Sunsoft
shangha3u	Mahjong	2	horizontal	shangha3	Shanghai III (US)	1993	Sunsoft
shangha3up	Mahjong	2	horizontal	shangha3	Shanghai III (US, prototype)	1993	Sunsoft
shangkid	Fighting	2	horizontal		Shanghai Kid	1985	Taiyo System (Data East license)
shangon	Racing	2	horizontal		Super Hang-On (sitdown/upright) (unprotected)	1987	Sega
shangon1	Racing	2	horizontal	shangon	Super Hang-On (mini ride-on) (FD1089B 317-0034)	1987	Sega
shangon2	Racing	2	horizontal	shangon	Super Hang-On (mini ride-on, Rev A) (FD1089B 317-0034)	1987	Sega
shangon3	Racing	2	horizontal	shangon	Super Hang-On (sitdown/upright) (FD1089B 317-0034)	1987	Sega
shangon3d	Racing	2	horizontal	shangon	Super Hang-On (sitdown/upright) (bootleg of FD1089B 317-0034 set)	1987	bootleg
shangoneh	Racing	2	horizontal	shangon	Super Hang-On (sitdown/upright, unprotected) (Enhanced Edition v2.0.2)	2014	hack (Chris White)
shangonle	Racing	2	horizontal	shangon	Limited Edition Hang-On	1991	Sega
shangonleeh	Racing	2	horizontal	shangon	Limited Edition Hang-On (Enhanced Edition v2.0.2)	2014	hack (Chris White)
shaolinb	Beat 'em up	2	vertical	kicker	Shao-lin's Road (set 2)	1985	Konami
shaolins	Beat 'em up	2	vertical	kicker	Shao-lin's Road (set 1)	1985	Konami
sharkatt	Action	2	horizontal		Shark Attack	1980	Pacific Novelty
sharrier	Shooter	2	horizontal		Space Harrier (Rev A, 8751 315-5163A)	1985	Sega
sharrier1	Shooter	2	horizontal	sharrier	Space Harrier (8751 315-5163)	1985	Sega
shdancer	Platform / Beat 'em up	2	horizontal		Shadow Dancer (World)	1989	Sega
shdancer1	Platform / Beat 'em up	2	horizontal	shdancer	Shadow Dancer (US)	1989	Sega
shdancerj	Platform / Beat 'em up	2	horizontal	shdancer	Shadow Dancer (Japan)	1989	Sega
shimpact	Football	4	horizontal		Super High Impact (rev LA2 10/22/91)	1991	Midway
shimpactl1	Football	4	horizontal	shimpact	Super High Impact (rev LA1 09/30/91)	1991	Midway
shimpactp4	Football	4	horizontal	shimpact	Super High Impact (prototype, proto 4.0 09/10/91)	1991	Midway
shimpactp5	Football	4	horizontal	shimpact	Super High Impact (prototype, proto 5.0 09/15/91)	1991	Midway
shimpactp6	Football	4	horizontal	shimpact	Super High Impact (prototype, proto 6.0 09/23/91)	1991	Midway
shinfz	Beat 'em up	2	horizontal		Shinobi / FZ-2006 (Korean System 16 bootleg) (ISG Selection Master Type 2006)	2008	bootleg (ISG)
shinobi	Platform / Beat 'em up	2	horizontal		Shinobi (set 6, System 16A) (unprotected)	1987	Sega
shinobi1	Platform / Beat 'em up	2	horizontal	shinobi	Shinobi (set 1, System 16A) (FD1094 317-0050)	1987	Sega
shinobi1d	Platform / Beat 'em up	2	horizontal	shinobi	Shinobi (set 1, System 16A) (bootleg of FD1094 317-0050 set)	1987	bootleg
shinobi2	Platform / Beat 'em up	2	horizontal	shinobi	Shinobi (set 2, System 16B) (FD1094 317-0049)	1987	Sega
shinobi2d	Platform / Beat 'em up	2	horizontal	shinobi	Shinobi (set 2, System 16B) (bootleg of FD1094 317-0049 set)	1987	bootleg
shinobi3	Platform / Beat 'em up	2	horizontal	shinobi	Shinobi (set 3, System 16B) (MC-8123B 317-0054)	1987	Sega
shinobi4	Platform / Beat 'em up	2	horizontal	shinobi	Shinobi (set 4, System 16B) (MC-8123B 317-0054)	1987	Sega
shinobi5	Platform / Beat 'em up	2	horizontal	shinobi	Shinobi (set 5, System 16B) (unprotected)	1987	Sega
shinobi6	Platform / Beat 'em up	2	horizontal	shinobi	Shinobi (set 6, System 16B) (unprotected)	1987	Sega
shinobing	Platform / Beat 'em up	2	horizontal		Shinobi Neo Geo (HB, v1.1)	2024	Hoffman
shinoblb	Platform / Beat 'em up	2	horizontal	shinobi	Shinobi (Beta bootleg)	1987	bootleg (Beta)
shinobls	Platform / Beat 'em up	2	horizontal	shinobi	Shinobi (Star bootleg, set 1, System 16A)	1987	bootleg (Star)
shinobls2	Platform / Beat 'em up	2	horizontal	shinobi	Shinobi (Star bootleg, set 2, System 16A)	1987	bootleg (Star)
shinygld	Casino	2	horizontal		Shiny Golds	1996	Playmark
shippumd	Vertical shooter	2	horizontal	kingdmgp	Shippu Mahou Daisakusen (Japan)	1994	Raizing / Eighting
shisen	Puzzle	2	horizontal	matchit	Shisensho - Joshiryo-Hen (Japan, set 1)	1989	Tamtex
shisen2	Puzzle	2	horizontal	matchit2	Shisensho II	1993	Tamtex
shisena	Puzzle	2	horizontal	matchit	Shisensho - Joshiryo-Hen (Japan, set 2)	1989	Tamtex
shocking	Maze	2	horizontal		Shocking	1997	Yun Sung
shockingk	Maze	2	horizontal	shocking	Shocking (Korea, set 1)	1997	Yun Sung
shockingko	Maze	2	horizontal	shocking	Shocking (Korea, set 2)	1997	Yun Sung
shocktr2	Run & gun	2	horizontal		Shock Troopers - 2nd Squad	1998	Saurus
shocktro	Run & gun	2	horizontal		Shock Troopers (set 1)	1997	Saurus
shocktroa	Run & gun	2	horizontal	shocktro	Shock Troopers (set 2)	1997	Saurus
shogwarr	Fighting	2	horizontal		Shogun Warriors (World)	1992	Kaneko
shogwarrk	Fighting	2	horizontal	shogwarr	Shogun Warriors (Korea?)	1992	Kaneko
shogwarru	Fighting	2	horizontal	shogwarr	Shogun Warriors (US)	1992	Kaneko
shollow	Action / Shooter	2	vertical		Satan's Hollow (set 1)	1981	Bally Midway
shollow2	Action / Shooter	2	vertical	shollow	Satan's Hollow (set 2)	1981	Bally Midway
shootout	Shooter	2	horizontal		Shoot Out (US)	1985	Data East USA
shootoutb	Shooter	2	horizontal	shootout	Shoot Out (Korean Bootleg)	1985	bootleg
shootoutj	Shooter	2	horizontal	shootout	Shoot Out (Japan)	1985	Data East Corporation
shoottv	Shooter	2	horizontal		Must Shoot TV (prototype)	199?	Incredible Technologies
showdown	Casino	1	horizontal		Showdown (version 5.0)	1988	Exidy
shtngmst	Shooter	2	horizontal		Shooting Master (8751 315-5159a)	1985	Sega
shtrider	Racing	2	vertical		Shot Rider	1985	Seibu Kaihatsu
shtridera	Racing	2	vertical	shtrider	Shot Rider (Sigma license)	1984	Seibu Kaihatsu (Sigma license)
shufshot	Sports	4	horizontal		Shuffleshot (v1.40)	1997	Incredible Technologies
shufshot135	Sports	4	horizontal	shufshot	Shuffleshot (v1.35)	1997	Incredible Technologies
shufshot137	Sports	4	horizontal	shufshot	Shuffleshot (v1.37)	1997	Incredible Technologies
shufshot138	Sports	4	horizontal	shufshot	Shuffleshot (v1.38)	1997	Incredible Technologies
shufshot139	Sports	4	horizontal	shufshot	Shuffleshot (v1.39)	1997	Incredible Technologies
shuuz	Sports	2	horizontal		Shuuz (version 8.0)	1990	Atari Games
shuuz2	Sports	2	horizontal	shuuz	Shuuz (version 7.1)	1990	Atari Games
sichuan2	Puzzle	2	horizontal	matchit	Sichuan II (bootleg, set 1)	1989	bootleg
sichuan2a	Puzzle	2	horizontal	matchit	Sichuan II (bootleg, set 2)	1989	bootleg
sidearms	Horizontal shooter	2	horizontal		Side Arms - Hyper Dyne (World, 861129)	1986	Capcom
sidearmsj	Horizontal shooter	2	horizontal	sidearms	Side Arms - Hyper Dyne (Japan, 861128)	1986	Capcom
sidearmsu	Horizontal shooter	2	horizontal	sidearms	Side Arms - Hyper Dyne (US, 861202)	1986	Capcom (Romstar license)
sidearmsur1	Horizontal shooter	2	horizontal	sidearms	Side Arms - Hyper Dyne (US, 861128)	1986	Capcom (Romstar license)
sidepckt	Sports	3	horizontal		Side Pocket (World)	1986	Data East Corporation
sidepcktb	Sports	3	horizontal	sidepckt	Side Pocket (bootleg, set 1)	1986	bootleg
sidepcktb2	Sports	3	horizontal	sidepckt	Side Pocket (bootleg, set 2)	1986	bootleg
sidepcktj	Sports	3	horizontal	sidepckt	Side Pocket (Japan, Cocktail)	1986	Data East Corporation
sidetrac	Action / Maze	2	horizontal		Side Trak	1979	Exidy
silentd	Beat 'em up	2	horizontal		Silent Dragon (World)	1992	Taito Corporation Japan
silentdj	Beat 'em up	2	horizontal	silentd	Silent Dragon (Japan)	1992	Taito Corporation
silentdu	Beat 'em up	2	horizontal	silentd	Silent Dragon (US)	1992	Taito America Corporation
silkroad	Beat 'em up	2	horizontal		The Legend of Silkroad	1999	Unico
silkroada	Beat 'em up	2	horizontal	silkroad	The Legend of Silkroad (larger ROMs)	1999	Unico
silkworm	Horizontal shooter	2	horizontal		Silk Worm (World)	1988	Tecmo
silkwormb	Horizontal shooter	2	horizontal	silkworm	Silk Worm (bootleg, set 1)	1988	bootleg
silkwormb2	Horizontal shooter	2	horizontal	silkworm	Silk Worm (bootleg, set 2)	1988	bootleg
silkwormj	Horizontal shooter	2	horizontal	silkworm	Silk Worm (Japan)	1988	Tecmo
silkwormp	Horizontal shooter	2	horizontal	silkworm	Silk Worm (prototype)	1988	Tecmo
silvland	Action	2	horizontal	rpatrol	Silver Land (hack of River Patrol)	1981	Falcon
silvmil	Vertical shooter	2	vertical		Silver Millennium	1995	Para
simpsonjr	Platform	2	horizontal	jjsquawk	Simpson Junior (bootleg of J. J. Squawkers)	2003	bootleg (Daigom Games)
simpsons	Beat 'em up	4	horizontal		The Simpsons (4 Players World, set 1)	1991	Konami
simpsons2p	Beat 'em up	2	horizontal	simpsons	The Simpsons (2 Players World, set 1)	1991	Konami
simpsons2p2	Beat 'em up	2	horizontal	simpsons	The Simpsons (2 Players World, set 2)	1991	Konami
simpsons2p3	Beat 'em up	2	horizontal	simpsons	The Simpsons (2 Players World, set 3)	1991	Konami
simpsons2pa	Beat 'em up	2	horizontal	simpsons	The Simpsons (2 Players Asia)	1991	Konami
simpsons2pj	Beat 'em up	2	horizontal	simpsons	The Simpsons (2 Players Japan)	1991	Konami
simpsons4pa	Beat 'em up	4	horizontal	simpsons	The Simpsons (4 Players Asia)	1991	Konami
simpsons4pe	Beat 'em up	4	horizontal	simpsons	The Simpsons (4 Players World, set 2)	1991	Konami
simpsons4pe2	Beat 'em up	4	horizontal	simpsons	The Simpsons (4 Players World, set 3)	1991	Konami
sindbadm	Maze	2	vertical		Sindbad Mystery	1983	Sega
sinistar	Shooter	2	vertical		Sinistar (revision 3, upright)	1982	Williams
sinistar2	Shooter	2	vertical	sinistar	Sinistar (revision 2, upright)	1982	Williams
sinistarc	Shooter	2	vertical	sinistar	Sinistar (revision 3, cockpit)	1982	Williams
sinistarc2	Shooter	2	vertical	sinistar	Sinistar (revision 2, cockpit)	1982	Williams
sinistarcsm	Shooter	2	vertical	sinistar	Sinistar (Cockpit, SynaMax difficulty/titlescreen hack)	2023	Williams
sinistarp	Shooter	2	vertical	sinistar	Sinistar (AMOA-82 prototype)	1982	Williams
sinistarsm	Shooter	2	vertical	sinistar	Sinistar (SynaMax difficulty/titlescreen hack)	2023	Williams
sinistarsm25	Shooter	2	vertical	sinistar	Sinistar (SynaMax 2025 difficulty/titlescreen hack)	2025	Williams
sinvasn	Run & gun	2	vertical	commando	Space Invasion (Europe)	1985	Capcom
sinvasnb	Run & gun	2	vertical	commando	Space Invasion (bootleg)	1985	bootleg
sirio2	Vertical shooter	2	vertical	mooncrst	Sirio II (Calfesa S.L. Spanish bootleg of Moon Cresta)	1980?	bootleg (Calfesa S.L.)
sisv	Shooter	2	vertical	invaders	Space Invaders (SV Version rev 4)	1978	Taito
sisv2	Shooter	2	vertical	invaders	Space Invaders (SV Version rev 2)	1978	Taito
sisv3	Shooter	2	vertical	invaders	Space Invaders (SV Version rev 3)	1978	Taito
sitv	Shooter	2	vertical	invaders	Space Invaders (TV Version rev 2)	1978	Taito
sitv1	Shooter	2	vertical	invaders	Space Invaders (TV Version rev 1)	1978	Taito
sjryuko	Mahjong	2	horizontal		Sukeban Jansi Ryuko (set 2, System 16B, FD1089B 317-5021)	1988	White Board
sjryuko1	Mahjong	2	horizontal	sjryuko	Sukeban Jansi Ryuko (set 1, System 16A, FD1089B 317-5021)	1987	White Board
skelagon	Horizontal shooter	2	horizontal	sfx	Skelagon	1983	Nihon Game (Nichibutsu USA license)
skingame	Sports	2	horizontal	majtitl2	The Irem Skins Game (US set 1)	1992	Irem America
skingame2	Sports	2	horizontal	majtitl2	The Irem Skins Game (US set 2)	1992	Irem America
skullfng	Vertical shooter	4	vertical		Skull Fang (Europe 1.13)	1996	Data East Corporation
skullfnga	Vertical shooter	4	vertical	skullfng	Skull Fang - Kuhga Gaiden (Asia 1.13)	1996	Data East Corporation
skullfngj	Vertical shooter	4	vertical	skullfng	Skull Fang - Kuhga Gaiden (Japan 1.09)	1996	Data East Corporation
skullxbo	Beat 'em up	2	horizontal		Skull & Crossbones (rev 5)	1989	Atari Games
skyadvnt	Vertical shooter	2	vertical		Sky Adventure (World)	1989	Alpha Denshi Co.
skyadvntj	Vertical shooter	2	vertical	skyadvnt	Sky Adventure (Japan)	1989	Alpha Denshi Co.
skyadvntu	Vertical shooter	2	vertical	skyadvnt	Sky Adventure (US)	1989	Alpha Denshi Co. (SNK of America license)
skyalert	Vertical shooter	2	vertical		Sky Alert	1992	Metro
skyarmy	Shooter / Action	2	vertical		Sky Army	1982	Shoei
skybase	Shooter	2	vertical		Sky Base	1982	Omori Electric Co., Ltd.
skydest	Shooter	2	horizontal		Sky Destroyer (Japan)	1985	Taito Corporation
skyfox	Vertical shooter	1	vertical		Sky Fox	1987	Jaleco (Nichibutsu USA license)
skykid	Horizontal shooter	2	horizontal		Sky Kid (new version)	1985	Namco
skykidd	Horizontal shooter	2	horizontal	skykid	Sky Kid (CUS60 version)	1985	Namco
skykiddx	Horizontal shooter	2	horizontal		Sky Kid Deluxe (set 1)	1986	Namco
skykiddxo	Horizontal shooter	2	horizontal	skykiddx	Sky Kid Deluxe (set 2)	1986	Namco
skykido	Horizontal shooter	2	horizontal	skykid	Sky Kid (old version)	1985	Namco
skykids	Horizontal shooter	2	horizontal	skykid	Sky Kid (Sipem)	1985	Namco (Sipem license)
skylancr	Shooter	2	vertical		Sky Lancer	1983	Orca
skylancre	Shooter	2	vertical	skylancr	Sky Lancer (Esco Trading Co license)	1983	Orca (Esco Trading Co license)
skyraidr	Vertical shooter	2	vertical	uniwars	Sky Raider (bootleg of UniWar S)	1980	bootleg
skyrobo	Horizontal shooter	2	horizontal		Sky Robo	1989	Nichibutsu
skyshark	Vertical shooter	2	vertical	fshark	Sky Shark (US, set 1)	1987	Toaplan / Taito America Corporation (Romstar license)
skysharka	Vertical shooter	2	vertical	fshark	Sky Shark (US, set 2)	1987	Toaplan / Taito America Corporation (Romstar license)
skysharkb	Vertical shooter	2	vertical	fshark	Sky Shark (bootleg)	1987	bootleg
skyskipr	Action	2	horizontal		Sky Skipper	1981	Nintendo
skysmash	Vertical shooter	2	vertical		Sky Smasher	1990	Nihon System
skysoldr	Vertical shooter	2	vertical		Sky Soldiers (US)	1988	Alpha Denshi Co. (SNK of America/Romstar license)
skysoldrbl	Vertical shooter	2	vertical	skysoldr	Sky Soldiers (bootleg)	1988	bootleg
skywolf	Horizontal shooter	2	horizontal	airwolf	Sky Wolf (set 1)	1987	bootleg
skywolf2	Horizontal shooter	2	horizontal	airwolf	Sky Wolf (set 2)	1987	bootleg
skywolf3	Horizontal shooter	2	horizontal	airwolf	Sky Wolf (set 3)	1987	bootleg
slammasa	Fighting	4	horizontal	slammast	Saturday Night Slam Masters (Asia 930301)	1993	Capcom
slammash	Fighting	4	horizontal	slammast	Saturday Night Slam Masters (Hispanic 930713)	1993	Capcom
slammast	Fighting	4	horizontal		Saturday Night Slam Masters (World 930713)	1993	Capcom
slammastu	Fighting	4	horizontal	slammast	Saturday Night Slam Masters (USA 930713)	1993	Capcom
slampic	Fighting	4	horizontal	slammast	Saturday Night Slam Masters (bootleg with PIC16C57, set 1)	1993	bootleg
slapfigh	Vertical shooter	2	vertical	alcon	Slap Fight (A77 set, 8606M PCB)	1986	Toaplan / Taito
slapfigha	Vertical shooter	2	vertical	alcon	Slap Fight (A76 set, GX-006-A PCB)	1986	Toaplan / Taito
slapfighb1	Vertical shooter	2	vertical	alcon	Slap Fight (bootleg set 1)	1986	bootleg
slapfighb2	Vertical shooter	2	vertical	alcon	Slap Fight (bootleg set 2)	1986	bootleg
slapfighb3	Vertical shooter	2	vertical	alcon	Slap Fight (bootleg set 3)	1986	bootleg
slapshot	Sports	2	horizontal		Slap Shot (Ver 3.0 O)	1994	Taito Corporation Japan
slapshotj	Sports	2	horizontal	slapshot	Slap Shot (Ver 2.2 J)	1994	Taito Corporation
slapshtr	Sports	2	horizontal		Slap Shooter	1986	Sega
slipstrm	Racing	1	horizontal		Slip Stream (Brazil 950515)	1995	Capcom
slipstrmh	Racing	1	horizontal	slipstrm	Slip Stream (Hispanic 950515)	1995	Capcom
slither	Shooter	2	vertical		Slither (set 1)	1982	Century II (GDI license)
slithera	Shooter	2	vertical	slither	Slither (set 2)	1982	Century II (GDI license)
slspirit	Vertical shooter	2	vertical		Solite Spirits	1999	Promat
slyspy	Run & gun	2	horizontal	secretag	Sly Spy (US, revision 4)	1989	Data East USA
slyspy2	Run & gun	2	horizontal	secretag	Sly Spy (US, revision 2)	1989	Data East USA
slyspy3	Run & gun	2	horizontal	secretag	Sly Spy (US, revision 3)	1989	Data East USA
smash	Action	2	horizontal	crash	Smash (bootleg of Crash)	1979	bootleg
smashtv	Run & gun	4	horizontal		Smash T.V. (rev 8.00)	1990	Williams
smashtv3	Run & gun	4	horizontal	smashtv	Smash T.V. (rev 3.01)	1990	Williams
smashtv4	Run & gun	4	horizontal	smashtv	Smash T.V. (rev 4.00)	1990	Williams
smashtv5	Run & gun	4	horizontal	smashtv	Smash T.V. (rev 5.00)	1990	Williams
smashtv6	Run & gun	4	horizontal	smashtv	Smash T.V. (rev 6.00)	1990	Williams
smbomb	Fighting	2	horizontal	ringdest	Super Muscle Bomber: The International Blowout (Japan 940831)	1994	Capcom
smbombr1	Fighting	2	horizontal	ringdest	Super Muscle Bomber: The International Blowout (Japan 940808)	1994	Capcom
smgp	Racing	2	horizontal		Super Monaco GP (World, Rev B) (FD1094 317-0126a)	1989	Sega
smgp5	Racing	2	horizontal	smgp	Super Monaco GP (World) (FD1094 317-0126)	1989	Sega
smgp5d	Racing	2	horizontal	smgp	Super Monaco GP (World) (bootleg of FD1094 317-0126 set)	1989	bootleg
smgp6	Racing	2	horizontal	smgp	Super Monaco GP (World, Rev A) (FD1094 317-0126a)	1989	Sega
smgp6d	Racing	2	horizontal	smgp	Super Monaco GP (World, Rev A) (bootleg of FD1094 317-0126a set)	1989	bootleg
smgpd	Racing	2	horizontal	smgp	Super Monaco GP (World, Rev B) (bootleg of FD1094 317-0126a set)	1989	bootleg
smgpj	Racing	2	horizontal	smgp	Super Monaco GP (Japan, Rev B) (FD1094 317-0124a)	1989	Sega
smgpja	Racing	2	horizontal	smgp	Super Monaco GP (Japan, Rev A) (FD1094 317-0124a)	1989	Sega
smgpjd	Racing	2	horizontal	smgp	Super Monaco GP (Japan, Rev B) (bootleg of FD1094 317-0124a set)	1989	bootleg
smgpu	Racing	2	horizontal	smgp	Super Monaco GP (US, Rev C) (FD1094 317-0125a)	1989	Sega
smgpu1	Racing	2	horizontal	smgp	Super Monaco GP (US, Rev B) (FD1094 317-0125a)	1989	Sega
smgpu1d	Racing	2	horizontal	smgp	Super Monaco GP (US, Rev B) (bootleg of FD1094 317-0125a set)	1989	bootleg
smgpu2	Racing	2	horizontal	smgp	Super Monaco GP (US, Rev A) (FD1094 317-0125a)	1989	Sega
smgpu2d	Racing	2	horizontal	smgp	Super Monaco GP (US, Rev A) (bootleg of FD1094 317-0125a set)	1989	bootleg
smgpud	Racing	2	horizontal	smgp	Super Monaco GP (US, Rev C) (bootleg of FD1094 317-0125a set)	1989	bootleg
smiconk	Misc	2	vertical		Space Micon Kit	1978	SNK
smissw	Sports	2	horizontal		Super Miss World	1996	Comad
smooncrs	Vertical shooter	2	vertical	mooncrst	Super Moon Cresta (Gremlin, bootleg)	1980?	bootleg (Gremlin)
snapjack	Platform / Action	2	horizontal		Snap Jack	1981	Universal
snapper	Maze	2	horizontal		Snapper (Korea)	1990	Philko
sngkace	Vertical shooter	2	vertical	samuraia	Sengoku Ace (Japan, set 1)	1993	Psikyo (Banpresto license)
sngkacea	Vertical shooter	2	vertical	samuraia	Sengoku Ace (Japan, set 2)	1993	Psikyo (Banpresto license)
snowboar	Racing	2	horizontal		Snow Board Championship (version 2.1)	1997	Gaelco / OMK
snowboara	Racing	2	horizontal	snowboar	Snow Board Championship (version 2.0)	1996	Gaelco / OMK
snowbro2	Platform	4	horizontal		Snow Bros. 2 - With New Elves / Otenki Paradise (Hanafram)	1994	Hanafram
snowbro2b	Platform	4	horizontal	snowbro2	Snow Bros. 2 - With New Elves / Otenki Paradise (bootleg, set 1)	1998	bootleg
snowbro2b2	Platform	4	horizontal	snowbro2	Snow Bros. 2 - With New Elves / Otenki Paradise (bootleg, set 2)	1994	bootleg (Q Elec)
snowbro2ny	Platform	4	horizontal	snowbro2	Snow Bros. 2 - With New Elves / Otenki Paradise (Nyanko)	1994	Nyanko
snowbro3	Platform	2	horizontal		Snow Brothers 3 - Magical Adventure	2002	Syrmex
snowbros	Platform	2	horizontal		Snow Bros. - Nick & Tom (set 1)	1990	Toaplan
snowbrosa	Platform	2	horizontal	snowbros	Snow Bros. - Nick & Tom (set 2)	1990	Toaplan
snowbrosb	Platform	2	horizontal	snowbros	Snow Bros. - Nick & Tom (set 3)	1990	Toaplan
snowbrosc	Platform	2	horizontal	snowbros	Snow Bros. - Nick & Tom (set 4)	1990	Toaplan
snowbrosd	Platform	2	horizontal	snowbros	Snow Bros. - Nick & Tom (Dooyong license)	1990	Toaplan (Dooyong license)
snowbrosj	Platform	2	horizontal	snowbros	Snow Bros. - Nick & Tom (Japan)	1990	Toaplan
snowbroswb	Platform	2	horizontal	snowbros	Snow Bros. - Nick & Tom (The Winter Bobble hardware bootleg)	1990	bootleg
socbrawl	Football	2	horizontal		Soccer Brawl (NGM-031)	1991	SNK
socbrawlh	Football	2	horizontal	socbrawl	Soccer Brawl (NGH-031)	1991	SNK
sokoban	Puzzle	2	horizontal		Sokoban LE	2015	cmonkey
sokonuke	Platform	2	horizontal		Sokonuke Taisen Game (Japan)	1995	Sammy Industries
solarfox	Maze / Action	2	vertical		Solar Fox (upright)	1981	Bally Midway
soldam	Puzzle	2	horizontal		Soldam	1992	Jaleco
soldamj	Puzzle	2	horizontal	soldam	Soldam (Japan)	1992	Jaleco
soldivid	Horizontal shooter	2	horizontal		Sol Divide: Sword Of Darkness	1997	Psikyo
soldividk	Horizontal shooter	2	horizontal	soldivid	Sol Divide: Sword Of Darkness (Korea)	1997	Psikyo
solfigtr	Fighting	2	horizontal		Solitary Fighter (World)	1991	Taito Corporation Japan
solomon	Puzzle	2	horizontal		Solomon's Key (US)	1986	Tecmo
solomonc	Puzzle	2	horizontal	solomon	Solomon no Kagi (T-Chi)	1986	hack
solomonj	Puzzle	2	horizontal	solomon	Solomon no Kagi (Japan)	1986	Tecmo
solomonjx	Puzzle	2	horizontal	solomon	Solomon no Kagi X (Japan)	2005	Tecmo
solrwarr	Run & gun	2	horizontal	xsleena	Solar-Warrior (US)	1986	Technos Japan (Taito / Memetron license)
sonic	Platform	3	horizontal		SegaSonic The Hedgehog (Japan, rev. C)	1992	Sega
sonicbom	Vertical shooter	2	vertical		Sonic Boom (FD1094 317-0053)	1987	Sega
sonicbomd	Vertical shooter	2	vertical	sonicbom	Sonic Boom (bootleg of FD1094 317-0053 set)	1987	bootleg
soniccar	Action	1	horizontal		Waku Waku Sonic Patrol Car	1991	Sega
sonicfgt	Vertical shooter	1	horizontal		SegaSonic Cosmo Fighter (World)	1993	Sega
sonicfgtj	Vertical shooter	1	horizontal	sonicfgt	SegaSonic Cosmo Fighter (Japan)	1993	Sega
sonicp	Platform	3	horizontal	sonic	SegaSonic The Hedgehog (Japan, prototype)	1992	Sega
sonicpop	Misc	2	horizontal		SegaSonic Popcorn Shop (Rev B)	1993	Sega
sonicwi	Vertical shooter	2	vertical	aerofgt	Sonic Wings (Japan)	1992	Video System Co.
sonicwi2	Vertical shooter	2	horizontal		Aero Fighters 2 / Sonic Wings 2	1994	Video System Co.
sonicwi3	Vertical shooter	2	horizontal		Aero Fighters 3 / Sonic Wings 3	1995	Video System Co.
sonofphx	Shooter	2	vertical	repulse	Son of Phoenix (bootleg of Repulse)	1985	bootleg (Associated Overseas MFR, Inc.)
sonson	Platform	2	horizontal		Son Son	1984	Capcom
sonsonj	Platform	2	horizontal	sonson	Son Son (Japan)	1984	Capcom
sos	Vertical shooter	1	vertical		SOS Game	1979	K.K. Tokki (Namco license)
sosterm	Misc	2	horizontal		S.O.S.	198?	Terminal
sotsugyo	Mini-games	2	horizontal		Sotsugyo Shousho (Japan)	1995	Mitchell (Atlus license)
sotsugyok	Mini-games	2	horizontal	sotsugyo	Jor-eop Jeungmyeongseo (Korea)	1996	Mitchell
soukobdx	Puzzle	2	horizontal	boxyboy	Souko Ban Deluxe (Japan, SB1)	1990	Namco
spacbat2	Vertical shooter	2	vertical	uniwars	Space Battle (bootleg set 2)	1980	bootleg
spacbatt	Vertical shooter	2	vertical	uniwars	Space Battle (bootleg set 1)	1980	bootleg
spacduel	Shooter / Vector	2	horizontal		Space Duel (version 2)	1980	Atari
spacduel0	Shooter / Vector	2	horizontal	spacduel	Space Duel (prototype)	1980	Atari
spacduel1	Shooter / Vector	2	horizontal	spacduel	Space Duel (version 1)	1980	Atari
spacebrd	Shooter	2	vertical	spacefb	Space Bird (bootleg)	1980	bootleg (Karateco)
spacecho	Shooter	2	vertical	speakres	Space Echo (set 1)	1980	bootleg (Gayton Games)
spacecho2	Shooter	2	vertical	speakres	Space Echo (set 2)	1980	bootleg (Gayton Games)
spacecr	Shooter	2	vertical		Space Cruiser	1981	Taito Corporation
spacedem	Shooter	2	vertical	spacefb	Space Demon	1980	Nintendo (Fortrek license)
spacedx	Shooter	2	horizontal		Space Invaders DX (US, v2.1)	1994	Taito Corporation
spacedxj	Shooter	2	horizontal	spacedx	Space Invaders DX (Japan, v2.1)	1994	Taito Corporation
spacedxo	Shooter	2	horizontal	spacedx	Space Invaders DX (Japan, v2.0)	1994	Taito Corporation
spacefb	Shooter	2	vertical		Space Firebird (rev. 04-u)	1980	Nintendo
spacefba	Shooter	2	vertical	spacefb	Space Firebird (rev. 02-a)	1980	Nintendo
spacefbb	Shooter	2	vertical	spacefb	Space Firebird (bootleg)	1980	bootleg
spacefbe	Shooter	2	vertical	spacefb	Space Firebird (rev. 03-e set 1)	1980	Nintendo
spacefbe2	Shooter	2	vertical	spacefb	Space Firebird (rev. 03-e set 2)	1980	Nintendo
spacefbg	Shooter	2	vertical	spacefb	Space Firebird (Gremlin)	1980	Nintendo (Gremlin license)
spacegun	Shooter	2	horizontal		Space Gun (World)	1990	Taito Corporation Japan
spacegunj	Shooter	2	horizontal	spacegun	Space Gun (Japan)	1990	Taito Corporation
spacegunu	Shooter	2	horizontal	spacegun	Space Gun (US)	1990	Taito America Corporation
spacempr	Vertical shooter	2	vertical	uniwars	Space Empire (bootleg)	1980	bootleg
spaceod	Horizontal shooter	2	vertical		Space Odyssey (version 2)	1981	Sega
spaceod2	Horizontal shooter	2	vertical	spaceod	Space Odyssey (version 1)	1981	Sega
spaceplt	Vertical shooter	2	vertical	timeplt	Space Pilot (set 1)	1982	bootleg
spaceplta	Vertical shooter	2	vertical	timeplt	Space Pilot (set 2)	1982	bootleg
spaceskr	Shooter	2	horizontal		Space Seeker	1981	Taito Corporation
spacetrk	Vertical shooter	2	vertical		Space Trek (upright)	1980	Sega
spacetrkc	Vertical shooter	2	vertical	spacetrk	Space Trek (cocktail)	1980	Sega
spacewin	Casino	2	horizontal		Scacco Matto / Space Win	1996	Playmark
spacezap	Shooter	2	horizontal		Space Zap (Midway)	1980	Midway
spacfury	Shooter / Vector	2	horizontal		Space Fury (revision C)	1981	Sega
spacfurya	Shooter / Vector	2	horizontal	spacfury	Space Fury (revision A)	1981	Sega
spacfuryb	Shooter / Vector	2	horizontal	spacfury	Space Fury (revision B)	1981	Sega
spacian2	Vertical shooter	2	vertical	galaxian	T.T Spacian Part-2	1979	Namco / Taito
spang	Puzzle	2	horizontal		Super Pang (World 900914)	1990	Mitchell
spangj	Puzzle	2	horizontal	spang	Super Pang (Japan 901023)	1990	Mitchell
sparkman	Run & gun	2	horizontal		Spark Man (v2.0, set 1)	1989	SunA
sparkmana	Run & gun	2	horizontal	sparkman	Spark Man (v2.0, set 2)	1989	SunA
sparkz	Misc	2	horizontal		Sparkz (prototype)	1992	Atari Games
spartanx	Beat 'em up	2	horizontal	kungfum	Spartan X (Japan)	1984	Irem
spatter	Maze	2	horizontal		Spatter (315-5096)	1984	Sega
spattera	Maze	2	horizontal	spatter	Spatter (315-5099)	1984	Sega
spbactn	Pinball	4	vertical		Super Pinball Action (US)	1991	Tecmo
spbactnj	Pinball	4	vertical	spbactn	Super Pinball Action (Japan)	1991	Tecmo
spbactnp	Pinball	4	vertical	spbactn	Super Pinball Action (US, prototype, dual screen)	1989	Tecmo
spcdrag	Vertical shooter	2	vertical	mooncrst	Space Dragon (bootleg of Moon Cresta)	1980	bootleg
spcinv95	Shooter	2	vertical		Space Invaders '95: The Attack Of Lunar Loonies (Ver 2.5O 1995/06/14)	1995	Taito Corporation Japan
spcinv95u	Shooter	2	vertical	spcinv95	Space Invaders '95: The Attack Of Lunar Loonies (Ver 2.5A 1995/06/14)	1995	Taito America Corporation
spcinvdj	Shooter	2	horizontal	spacedx	Space Invaders DX (Ver 2.6J 1994/09/14) (F3 Version)	1994	Taito Corporation
spcmission	Horizontal shooter	2	vertical	scramble	Space Mission (SegaSA / Sonic, Spanish bootleg of Scramble)	198?	bootleg (SegaSA / Sonic)
spcpostn	Racing	2	vertical		Space Position (Japan)	1986	Sega / Nasco
spcrocks	Shooter / Vector	2	horizontal	asteroid	Space Rocks (Spanish clone of Asteroids)	1981	Atari (J.Estevez license)
spctbird	Vertical shooter	2	vertical	mooncrst	Space Thunderbird	1981?	bootleg (Fortrek)
spctrek	Horizontal shooter	2	vertical	scramble	Space Trek (Video Game S.A., Spanish bootleg of Scramble)	1981	bootleg (Video Game S.A.)
spdball	Sports	2	horizontal		Speed Ball - Contest at Neonworld (prototype)	1985	Williams
spdcoin	Puzzle	2	vertical		Speed Coin (prototype)	1984	Stern Electronics
spdodgeb	Sports	2	horizontal		Super Dodge Ball (US)	1987	Technos Japan
speakhlp	Shooter	2	vertical	speakres	Speak & Help	1980	bootleg
speakres	Shooter	2	vertical		Speak & Rescue	1980	Sun Electronics
speakresb	Shooter	2	vertical	speakres	Speak & Rescue (bootleg)	1980	bootleg
spec2k	Vertical shooter	2	vertical		Spectrum 2000 (vertical, Korea)	2000	Yona Tech
spec2kh	Vertical shooter	2	horizontal	spec2k	Spectrum 2000 (horizontal, buggy) (Europe)	2000	Yona Tech
speccies	Puzzle	2	horizontal		Speccies 2	2015	Sokurah
spectar	Maze / Multi-directional shooter	2	horizontal		Spectar (revision 3)	1980	Exidy
spectar1	Maze / Multi-directional shooter	2	horizontal	spectar	Spectar (revision 1?)	1980	Exidy
spectarrf	Maze / Multi-directional shooter	2	horizontal	spectar	Spectar (revision 2, bootleg)	1984	bootleg (Recreativos Franco)
speedbal	Pinball	2	vertical		Speed Ball (set 1)	1987	Tecfri / Desystem S.A.
speedbala	Pinball	2	vertical	speedbal	Speed Ball (set 2)	1987	Tecfri / Desystem S.A.
speedbalb	Pinball	2	vertical	speedbal	Speed Ball (set 3)	1987	Tecfri / Desystem S.A.
speedspn	Ball & paddle	2	horizontal		Speed Spin	1994	TCH
spelunk2	Platform	2	horizontal		Spelunker II - 23 no Kagi (Japan)	1986	Irem (licensed from Broderbund)
spelunkr	Platform	2	horizontal		Spelunker	1985	Irem (licensed from Broderbund)
spelunkrj	Platform	2	horizontal	spelunkr	Spelunker (Japan)	1985	Irem (licensed from Broderbund)
spf2t	Puzzle	2	horizontal		Super Puzzle Fighter II Turbo (Europe 960529)	1996	Capcom
spf2ta	Puzzle	2	horizontal	spf2t	Super Puzzle Fighter II Turbo (Asia 960529)	1996	Capcom
spf2tb	Puzzle	2	horizontal	spf2t	Super Puzzle Fighter II Turbo (Boss Hack)(USA 960620)	200?	Hack
spf2tcb	Puzzle	2	horizontal	spf2t	Super Puzzle Fighter II Turbo (Color Blind Hack, v1.1)	2022	hack
spf2td	Puzzle	2	horizontal	spf2t	Super Puzzle Fighter II Turbo (USA 960620 Phoenix Edition) (bootleg)	1996	bootleg
spf2th	Puzzle	2	horizontal	spf2t	Super Puzzle Fighter II Turbo (Hispanic 960531)	1996	Capcom
spf2tu	Puzzle	2	horizontal	spf2t	Super Puzzle Fighter II Turbo (USA 960620)	1996	Capcom
spf2xj	Puzzle	2	horizontal	spf2t	Super Puzzle Fighter II X (Japan 960531)	1996	Capcom
spf2xjd	Puzzle	2	horizontal	spf2t	Super Puzzle Fighter II X (Japan 960531 Phoenix Edition) (bootleg)	1996	bootleg
spf2xpri	Puzzle	2	horizontal	spf2t	Super Puzzle Fighter 2 X': Balance Patch (Hack)	2021	Hack
spidermi	Misc	1	horizontal		Spiderman (FMV Demo)	2009	Sergi
spidman	Beat 'em up / Platform	4	horizontal		Spider-Man: The Videogame (World)	1991	Sega
spidmanj	Beat 'em up / Platform	4	horizontal	spidman	Spider-Man: The Videogame (Japan)	1991	Sega
spidmanu	Beat 'em up / Platform	4	horizontal	spidman	Spider-Man: The Videogame (US, Rev A)	1991	Sega
spiero	Maze	2	horizontal	dorunrun	Super Pierrot (Japan)	1987	Universal
spikes91	Sports	2	horizontal	pspikes	1991 Spikes (Italian bootleg, set 1)	1991	bootleg
spikes91b	Sports	2	horizontal	pspikes	1991 Spikes (Italian bootleg, set 2)	1991	bootleg
spinlbrk	Shooter	2	horizontal		Spinal Breakers (World)	1990	V-System Co.
spinlbrkj	Shooter	2	horizontal	spinlbrk	Spinal Breakers (Japan)	1990	V-System Co.
spinlbrku	Shooter	2	horizontal	spinlbrk	Spinal Breakers (US)	1990	V-System Co.
spinlbrkup	Shooter	2	horizontal	spinlbrk	Spinal Breakers (US, prototype)	1990	V-System Co.
spinmast	Run & gun	2	horizontal		Spin Master / Miracle Adventure	1993	Data East Corporation
splash	Misc	2	horizontal		Splash! (ver. 1.3, checksum E7BEF3FA, World)	1992	Gaelco / OMK Software
splash10	Misc	2	horizontal	splash	Splash! (ver. 1.0, checksum 2FC9AE1D, non North America)	1992	Gaelco / OMK Software
splash11	Misc	2	horizontal	splash	Splash! (ver. 1.1, checksum 4697D2BF, non North America)	1992	Gaelco / OMK Software
splash12	Misc	2	horizontal	splash	Splash! (ver. 1.2, checksum 5071804D, non North America)	1992	Gaelco / OMK Software
splashkr	Misc	2	horizontal	splash	Splash! (ver. 1.3, checksum E7BEEBFA, Korea)	1992	Gaelco / OMK Software (Windial license)
splashna	Misc	2	horizontal	splash	Splash! (ver. 1.3, checksum E7BEEEFA, North America)	1992	Gaelco / OMK Software
splat	Action	2	horizontal		Splat!	1982	Williams
splatter	Beat 'em up	2	horizontal		Splatterhouse (World, new version (SH3))	1988	Namco
splatter2	Beat 'em up	2	horizontal	splatter	Splatterhouse (World, old version (SH2))	1988	Namco
splatterj	Beat 'em up	2	horizontal	splatter	Splatterhouse (Japan, SH1)	1988	Namco
splndrbt	Racing / Shooter	2	horizontal		Splendor Blast (World, set 1)	1985	Alpha Denshi Co.
splndrbt2	Racing / Shooter	2	horizontal		Splendor Blast II (World)	1985	Alpha Denshi Co.
splndrbta	Racing / Shooter	2	horizontal	splndrbt	Splendor Blast (World, set 2)	1985	Alpha Denshi Co.
splndrbtb	Racing / Shooter	2	horizontal	splndrbt	Splendor Blast (World, set 3)	1985	Alpha Denshi Co.
spnchout	Sports	2	horizontal		Super Punch-Out!! (Rev B)	1984	Nintendo
spnchouta	Sports	2	horizontal	spnchout	Super Punch-Out!! (Rev A)	1984	Nintendo
spnchoutj	Sports	2	horizontal	spnchout	Super Punch-Out!! (Japan)	1984	Nintendo
spool3	Sports	2	horizontal	pcktgal	Super Pool III (English)	1989	Data East Corporation
spool3i	Sports	2	horizontal	pcktgal	Super Pool III (I-Vics)	1990	Data East Corporation (I-Vics license)
spotty	Casino	2	horizontal		Spotty (Ver. 2.0.2)	2001	Prince Co.
sprcros2	Racing	2	horizontal		Super Cross II (Japan, set 1)	1986	GM Shoji
sprcros2a	Racing	2	horizontal	sprcros2	Super Cross II (Japan, set 2)	1986	GM Shoji
sprglbpg	Platform	2	vertical	suprglob	Super Glob (Pac-Man hardware, German bootleg)	1984	bootleg (Software Labor)
sprglobp	Platform	2	vertical	suprglob	Super Glob (Pac-Man hardware)	1983	Epos Corporation
springbd	Action	2	horizontal	circus	Springboard (bootleg of Circus)	1977	bootleg (Sub-Electro)
springer	Platform	2	vertical		Springer	1982	Orca
spy	Shooter	2	horizontal		S.P.Y. - Special Project Y (World ver. N)	1989	Konami
spyhunt	Action / Shooter	2	vertical		Spy Hunter	1983	Bally Midway
spyhunt2	Action	2	horizontal		Spy Hunter II (rev 2)	1987	Bally Midway
spyhunt2a	Action	2	horizontal	spyhunt2	Spy Hunter II (rev 1)	1987	Bally Midway
spyhuntp	Action / Shooter	2	vertical	spyhunt	Spy Hunter (Playtronic license)	1983	Bally Midway (Playtronic license)
spyu	Shooter	2	horizontal	spy	S.P.Y. - Special Project Y (US ver. M)	1989	Konami
sqbert	Action	2	vertical		Faster, Harder, More Challenging Q*bert (prototype)	1983	Mylstar
sqij	Puzzle	2	horizontal		SQIJ!	2018	Sokurah
sqix	Action / Puzzle	2	vertical		Super Qix (World/Japan, V1.2)	1987	Kaneko / Taito
sqixb2	Action / Puzzle	2	vertical	sqix	Super Qix (bootleg, No MCU)	1987	bootleg
sqixr0	Action / Puzzle	2	vertical	sqix	Super Qix (World/Japan, V1.0)	1987	Kaneko / Taito
sqixr1	Action / Puzzle	2	vertical	sqix	Super Qix (World/Japan, V1.1)	1987	Kaneko / Taito
sqixu	Action / Puzzle	2	vertical	sqix	Super Qix (US)	1987	Kaneko / Taito (Romstar License)
squaitsa	Sports	2	horizontal		Squash (Itisa)	1984	Itisa
squash	Sports	2	horizontal		Squash (World, ver. 1.0, checksum 015aef61)	1992	Gaelco
squasha	Sports	2	horizontal	squash	Squash (USA, ver. 1.1, checksum 015b6f8a)	1992	Gaelco
sraider	Shooter	2	vertical		Space Raider	1982	Universal
sranger	Run & gun	2	horizontal		Super Ranger (v2.0)	1988	SunA
srangerb	Run & gun	2	horizontal	sranger	Super Ranger (older, bootleg)	1988	bootleg (NYWA)
srangern	Run & gun	2	horizontal	sranger	Super Ranger (older, NOVA license)	1988	SunA (NOVA license)
srangero	Run & gun	2	horizontal	sranger	Super Ranger (older)	1988	SunA
srangerw	Run & gun	2	horizontal	sranger	Super Ranger (older, WDK license)	1988	SunA (WDK license)
srdarwin	Vertical shooter	2	vertical		SRD: Super Real Darwin (World)	1987	Data East Corporation
srdarwinj	Vertical shooter	2	vertical	srdarwin	SRD: Super Real Darwin (Japan)	1987	Data East Corporation
srdmissn	Vertical shooter	2	vertical		S.R.D. Mission	1986	Kyugo / Taito Corporation
srmp4	Mahjong	2	horizontal		Super Real Mahjong PIV (Japan)	1993	Seta
srmp4o	Mahjong	2	horizontal	srmp4	Super Real Mahjong PIV (Japan, older set)	1993	Seta
srmp7	Mahjong	2	horizontal		Super Real Mahjong P7 (Japan)	1997	Seta
srumbler	Run & gun	2	vertical		The Speed Rumbler (set 1)	1986	Capcom
srumbler2	Run & gun	2	vertical	srumbler	The Speed Rumbler (set 2)	1986	Capcom
srumbler3	Run & gun	2	vertical	srumbler	The Speed Rumbler (set 3)	1986	Capcom (Tecfri license)
ss5spfd	Fighting	2	horizontal	samsh5sp	Samurai Shodown V Special / Samurai Spirits Zero Special (Fully Decrypted)	2004	Yuki Enterprise / SNK Playmore
ssanchan	Maze	2	horizontal	spatter	Sanrin San Chan (Japan, 315-5096)	1984	Sega
sscandal	Platform	2	horizontal	myhero	Seishun Scandal (315-5132, Japan)	1985	Coreland / Sega
ssf2	Fighting	2	horizontal		Super Street Fighter II: The New Challengers (World 931005)	1993	Capcom
ssf2a	Fighting	2	horizontal	ssf2	Super Street Fighter II: The New Challengers (Asia 931005)	1993	Capcom
ssf2ar1	Fighting	2	horizontal	ssf2	Super Street Fighter II: The New Challengers (Asia 930914)	1993	Capcom
ssf2d	Fighting	2	horizontal	ssf2	Super Street Fighter II: The New Challengers (World 930911 Phoenix Edition) (bootleg)	1993	bootleg
ssf2h	Fighting	2	horizontal	ssf2	Super Street Fighter II: The New Challengers (Hispanic 930911)	1993	Capcom
ssf2j	Fighting	2	horizontal	ssf2	Super Street Fighter II: The New Challengers (Japan 931005)	1993	Capcom
ssf2jr1	Fighting	2	horizontal	ssf2	Super Street Fighter II: The New Challengers (Japan 930911)	1993	Capcom
ssf2jr2	Fighting	2	horizontal	ssf2	Super Street Fighter II: The New Challengers (Japan 930910)	1993	Capcom
ssf2r1	Fighting	2	horizontal	ssf2	Super Street Fighter II: The New Challengers (World 930911)	1993	Capcom
ssf2t	Fighting	2	horizontal		Super Street Fighter II Turbo (World 940223)	1994	Capcom
ssf2ta	Fighting	2	horizontal	ssf2t	Super Street Fighter II Turbo (Asia 940223)	1994	Capcom
ssf2tad	Fighting	2	horizontal	ssf2t	Super Street Fighter II Turbo (Asia 940223 Phoenix Edition) (bootleg)	1994	bootleg
ssf2tb	Fighting	2	horizontal	ssf2	Super Street Fighter II: The Tournament Battle (World 931119)	1993	Capcom
ssf2tba	Fighting	2	horizontal	ssf2	Super Street Fighter II: The Tournament Battle (Asia 931005)	1993	Capcom
ssf2tbd	Fighting	2	horizontal	ssf2	Super Street Fighter II: The Tournament Battle (World 931119 Phoenix Edition) (bootleg)	1993	bootleg
ssf2tbh	Fighting	2	horizontal	ssf2	Super Street Fighter II: The Tournament Battle (Hispanic 931005)	1993	Capcom
ssf2tbj	Fighting	2	horizontal	ssf2	Super Street Fighter II: The Tournament Battle (Japan 931005)	1993	Capcom
ssf2tbj1	Fighting	2	horizontal	ssf2	Super Street Fighter II: The Tournament Battle (Japan 930911)	1993	Capcom
ssf2tbr1	Fighting	2	horizontal	ssf2	Super Street Fighter II: The Tournament Battle (World 930911)	1993	Capcom
ssf2tbu	Fighting	2	horizontal	ssf2	Super Street Fighter II: The Tournament Battle (USA 930911)	1993	Capcom
ssf2td	Fighting	2	horizontal	ssf2t	Super Street Fighter II Turbo (World 940223 Phoenix Edition) (bootleg)	1994	bootleg
ssf2tdf	Fighting	2	horizontal	ssf2t	Super Street Fighter II Turbo (Difficulty Fix, Hack)	2024	hack
ssf2th	Fighting	2	horizontal	ssf2t	Super Street Fighter II Turbo (Hispanic 940223)	1994	Capcom
ssf2tnl	Fighting	2	horizontal	ssf2t	Super Street Fighter II Turbo New Legacy v0.9 (Beta) (Hack by Born2SPD)	2024	hack
ssf2tu	Fighting	2	horizontal	ssf2t	Super Street Fighter II Turbo (USA 940323)	1994	Capcom
ssf2tur1	Fighting	2	horizontal	ssf2t	Super Street Fighter II Turbo (USA 940223)	1994	Capcom
ssf2u	Fighting	2	horizontal	ssf2	Super Street Fighter II: The New Challengers (USA 930911)	1993	Capcom
ssf2ud	Fighting	2	horizontal	ssf2	Super Street Fighter II: The New Challengers (USA 930911 Phoenix Edition) (bootleg)	1993	bootleg
ssf2us2	Fighting	2	horizontal	ssf2	Super Street Fighter II: The New Challengers Super 2 (USA 930911)	1993	bootleg
ssf2xj	Fighting	2	horizontal	ssf2t	Super Street Fighter II X: Grand Master Challenge (Japan 940311)	1994	Capcom
ssf2xjjs	Fighting	2	horizontal	ssf2t	Super Street Fighter II X: Grand Master Challenge (Original Color HB / FGCH hack)	1994	Capcom
ssf2xjr1	Fighting	2	horizontal	ssf2t	Super Street Fighter II X: Grand Master Challenge (Japan 940223)	1994	Capcom
ssf2xjr1d	Fighting	2	horizontal	ssf2t	Super Street Fighter II X: Grand Master Challenge (Japan 940223 Phoenix Edition) (bootleg)	1994	bootleg
ssf2xjr1r	Fighting	2	horizontal	ssf2t	Super Street Fighter II X: Grand Master Challenge (Japan 940223 rent version)	1994	Capcom
ssf2xjr1trn	Fighting	2	horizontal	ssf2t	Super Street Fighter II X: GMC Trainer (Japan 940223)	1994	Hack
sshangha	Puzzle	2	horizontal		Super Shanghai Dragon's Eye (World)	1992	Hot-B Co., Ltd.
sshanghab	Puzzle	2	horizontal	sshangha	Super Shanghai Dragon's Eye (World, bootleg)	1992	bootleg
sshanghaj	Puzzle	2	horizontal	sshangha	Super Shanghai Dragon's Eye (Japan)	1992	Hot-B Co., Ltd.
sshanghak	Puzzle	2	horizontal	sshangha	Super Shanghai Dragon's Eye (Korea)	1992	Hot-B Co., Ltd. (Taito license)
ssho2emb	Fighting	2	horizontal	samsho2	Samurai Shodown II / Shin Samurai Spirits - Haohmaru Jigokuhen (Move Modeasy Special Attacks V4, Hack)	2009	hack
ssi	Shooter	2	vertical		Super Space Invaders '91 (World, revised code, Rev 1)	1990	Taito Corporation Japan
ssia	Shooter	2	vertical	ssi	Super Space Invaders '91 (World, revised code)	1990	Taito Corporation Japan
ssib	Shooter	2	vertical	ssi	Super Space Invaders '91 (World, earlier code base)	1990	Taito Corporation Japan
ssideki	Football	2	horizontal		Super Sidekicks / Tokuten Ou	1992	SNK
ssideki2	Football	2	horizontal		Super Sidekicks 2 - The World Championship / Tokuten Ou 2 - Real Fight Football (NGM-061 ~ NGH-061)	1994	SNK
ssideki3	Football	2	horizontal		Super Sidekicks 3 - The Next Glory / Tokuten Ou 3 - Eikou e no Chousen	1995	SNK
ssideki4	Football	2	horizontal		The Ultimate 11 - The SNK Football Championship / Tokuten Ou - Honoo no Libero	1996	SNK
ssmissin	Vertical shooter	2	vertical		S.S. Mission	1992	Comad
ssoldier	Fighting	2	horizontal		Superior Soldiers (US)	1993	Irem America
ssonicbr	Puzzle	2	horizontal		SegaSonic Bros. (prototype, hack)	1992	hack
ssozumo	Sports	2	vertical		Syusse Oozumou (Japan)	1984	Technos Japan
sspacaho	Vertical shooter	2	vertical		Space Attack / Head On	1979	Sega
sspaceat	Vertical shooter	2	vertical		Space Attack (upright set 1)	1979	Sega
sspaceat2	Vertical shooter	2	vertical	sspaceat	Space Attack (upright set 2)	1979	Sega
sspaceat3	Vertical shooter	2	vertical	sspaceat	Space Attack (upright set 3)	1979	Sega
sspaceatc	Vertical shooter	2	vertical	sspaceat	Space Attack (cocktail)	1979	Sega
sspiritj	Vertical shooter	2	vertical	sspirits	Scramble Spirits (Japan, Floppy DS3-5000-02-REV-A Based)	1988	Sega
sspirits	Vertical shooter	2	vertical		Scramble Spirits (World, Floppy Based)	1988	Sega
ssplash	Shooter	2	horizontal	glass	Super Splash (ver 1.1, Break Edition, checksum 59D5E66B, Version 1994)	1994	OMK / Gaelco
ssprint	Racing	3	horizontal		Super Sprint (rev 4)	1986	Atari Games
ssprint1	Racing	3	horizontal	ssprint	Super Sprint (rev 1)	1986	Atari Games
ssprint3	Racing	3	horizontal	ssprint	Super Sprint (rev 3)	1986	Atari Games
ssprintf	Racing	3	horizontal	ssprint	Super Sprint (French)	1986	Atari Games
ssprintg	Racing	3	horizontal	ssprint	Super Sprint (German, rev 2)	1986	Atari Games
ssprintg1	Racing	3	horizontal	ssprint	Super Sprint (German, rev 1)	1986	Atari Games
ssprints	Racing	3	horizontal	ssprint	Super Sprint (Spanish)	1986	Atari Games
ssriders	Run & gun	4	horizontal		Sunset Riders (4 Players ver EAC)	1991	Konami
ssridersabd	Run & gun	2	horizontal	ssriders	Sunset Riders (2 Players ver ABD)	1991	Konami
ssridersadd	Run & gun	4	horizontal	ssriders	Sunset Riders (4 Players ver ADD)	1991	Konami
ssriderseaa	Run & gun	4	horizontal	ssriders	Sunset Riders (4 Players ver EAA)	1991	Konami
ssridersebc	Run & gun	2	horizontal	ssriders	Sunset Riders (2 Players ver EBC)	1991	Konami
ssridersebd	Run & gun	2	horizontal	ssriders	Sunset Riders (2 Players ver EBD)	1991	Konami
ssridershs	Run & gun	4	horizontal	ssriders	Sunset Riders (Hack Series)	2019-2020	hack
ssridersjac	Run & gun	4	horizontal	ssriders	Sunset Riders (4 Players ver JAC)	1991	Konami
ssridersjad	Run & gun	4	horizontal	ssriders	Sunset Riders (4 Players ver JAD)	1991	Konami
ssridersjbd	Run & gun	2	horizontal	ssriders	Sunset Riders (2 Players ver JBD)	1991	Konami
ssridersuab	Run & gun	4	horizontal	ssriders	Sunset Riders (4 Players ver UAB)	1991	Konami
ssridersuac	Run & gun	4	horizontal	ssriders	Sunset Riders (4 Players ver UAC)	1991	Konami
ssridersubc	Run & gun	2	horizontal	ssriders	Sunset Riders (2 Players ver UBC)	1991	Konami
ssridersuda	Run & gun	4	horizontal	ssriders	Sunset Riders (4 Players ver UDA)	1991	Konami
ssrj	Racing	2	vertical		Super Speed Race Junior (Japan)	1985	Taito Corporation
sstarcrs	Vertical shooter	2	vertical	mooncrst	Super Star Crest	1980?	bootleg (Taito do Brasil)
sstingry	Vertical shooter	2	vertical		Super Stingray (Japan)	1986	Alpha Denshi Co.
sstrangr	Shooter	2	vertical		Space Stranger	1978	Yachiyo Electric
sstrangr2	Shooter	2	vertical	sstrangr	Space Stranger 2	1979	Yachiyo Electric
sstriker	Vertical shooter	2	horizontal		Sorcer Striker	1993	Raizing
sstrikerk	Vertical shooter	2	horizontal	sstriker	Sorcer Striker (Korea)	1993	Raizing (Unite Trading license)
stadhero	Sports	2	horizontal		Stadium Hero (Japan)	1988	Data East Corporation
stadhr96	Sports	2	horizontal		Stadium Hero '96 (Europe, EAJ, Tuning license)	1996	Data East Corporation
stadhr96j	Sports	2	horizontal	stadhr96	Stadium Hero '96 (Japan, EAD)	1996	Data East Corporation
stadhr96k	Sports	2	horizontal	stadhr96	Stadium Hero '96 (Korea, Dream Island license)	1996	Data East Corporation
stadhr96u	Sports	2	horizontal	stadhr96	Stadium Hero '96 (USA, EAH)	1996	Data East Corporation
stagger1	Vertical shooter	2	vertical		Stagger I (Japan)	1998	Afega
stakwin	Racing	2	horizontal		Stakes Winner / Stakes Winner - GI Kinzen Seiha e no Michi	1995	Saurus
stakwin2	Racing	2	horizontal		Stakes Winner 2	1996	Saurus
stapper	Action	2	horizontal	tapper	Tapper (Simpsons Hack)	2002	hack (DC)
stapper1	Action	2	horizontal	tapper	Tapper (Simpsons Hack ver.81)	2002	hack (DC)
starfght	Vertical shooter	2	vertical	galaxian	Star Fighter	1979	bootleg (Jeutel)
starfgmc	Vertical shooter	2	vertical	mooncrst	Starfighter (bootleg of Moon Cresta)	198?	bootleg (Samyra Engineering)
starfigh	Vertical shooter	2	vertical		Star Fighter (v1)	1990	SunA
starforc	Vertical shooter	2	vertical		Star Force	1984	Tehkan
starforca	Vertical shooter	2	vertical	starforc	Star Force (encrypted, set 2)	1984	Tehkan
starforce	Vertical shooter	2	vertical	starforc	Star Force (encrypted, set 1)	1984	Tehkan
stargate	Horizontal shooter	2	horizontal		Stargate	1981	Williams / Vid Kidz
stargrds	Shooter	4	horizontal		Star Guards	1987	Bally Midway
starjack	Vertical shooter	2	vertical		Star Jacker (Sega)	1983	Sega
starjacks	Vertical shooter	2	vertical	starjack	Star Jacker (Stern Electronics)	1983	Sega (Stern Electronics license)
starrkr	Vertical shooter	2	vertical	brdrline	Star Raker	1981	Sega
startrek	Shooter / Vector	2	horizontal		Star Trek	1982	Sega
startrkd	Horizontal shooter	2	horizontal	defender	Star Trek (bootleg of Defender)	1981	bootleg
startrks	Maze	2	horizontal	nostromo	Star Trek (Head On hardware)	198?	bootleg (Sidam)
starwarr	Shooter	2	vertical	spacefb	Star Warrior	1980	bootleg (Potomac Mortgage)
starwars	Shooter / Vector	2	horizontal		Star Wars (set 1)	1983	Atari
starwars1	Shooter / Vector	2	horizontal	starwars	Star Wars (set 2)	1983	Atari
starwarso	Shooter / Vector	2	horizontal	starwars	Star Wars (set 3)	1983	Atari
stdragon	Horizontal shooter	2	horizontal		Saint Dragon (set 1)	1989	Jaleco / NMK
stdragona	Horizontal shooter	2	horizontal	stdragon	Saint Dragon (set 2)	1989	Jaleco / NMK
stdragonb	Horizontal shooter	2	horizontal	stdragon	Saint Dragon (bootleg)	1989	bootleg
stealsee	Misc	2	horizontal		Steal See	2000	Moov Generation / Eolith
stera	Vertical shooter	2	vertical	mooncrst	Steraranger (bootleg of Moon Cresta)	1980	bootleg
stfight	Shooter	2	horizontal	empcity	Street Fight (Germany)	1986	Seibu Kaihatsu (Tuning license)
stfighta	Shooter	2	horizontal	empcity	Street Fight (bootleg?)	1986	Seibu Kaihatsu
stfightgb	Shooter	2	horizontal	empcity	Street Fight (Germany - Benelux)	1986	Seibu Kaihatsu (Tuning license)
stg	Vertical shooter	2	vertical		Strike Gunner S.T.G	1991	Athena / Tecmo
stinger	Horizontal shooter	2	vertical		Stinger	1983	Seibu Denshi
stinger2	Horizontal shooter	2	vertical	stinger	Stinger (prototype?)	1983	Seibu Denshi
stkclmns	Puzzle	2	horizontal		Stack Columns (World)	1994	Sega
stkclmnsj	Puzzle	2	horizontal	stkclmns	Stack Columns (Japan)	1994	Sega
stlforce	Run & gun	2	horizontal		Steel Force	1994	Electronic Devices Italy / Ecogames S.L. Spain
stmblade	Vertical shooter	2	vertical		Storm Blade (US)	1996	Visco
stmbladej	Vertical shooter	2	vertical	stmblade	Storm Blade (Japan)	1996	Visco
stoffy	Maze / Puzzle	2	horizontal		Super Toffy	1994	Midas
stoffyu	Maze / Puzzle	2	horizontal	stoffy	Super Toffy (Unico license)	1994	Midas (Unico license)
stoneage	Platform / Run & gun	2	horizontal	cninja	Stoneage (bootleg of Caveman Ninja)	1991	bootleg
stonebal	Sports	4	horizontal		Stone Ball (4 Players, v1-20 13/12/1994)	1994	Art & Magic
stonebal2	Sports	4	horizontal	stonebal	Stone Ball (2 Players, v1-20 7/11/1994)	1994	Art & Magic
stonebal2o	Sports	4	horizontal	stonebal	Stone Ball (2 Players, v1-20 21/10/1994)	1994	Art & Magic
storming	Run & gun	2	vertical	lsasquad	Storming Party / Riku Kai Kuu Saizensen (set 1)	1986	bootleg
storminga	Run & gun	2	vertical	lsasquad	Storming Party / Riku Kai Kuu Saizensen (set 2)	1986	bootleg
strahl	Horizontal shooter	2	horizontal		Koutetsu Yousai Strahl (World)	1992	UPL
strahlj	Horizontal shooter	2	horizontal	strahl	Koutetsu Yousai Strahl (Japan set 1)	1992	UPL
strahlja	Horizontal shooter	2	horizontal	strahl	Koutetsu Yousai Strahl (Japan set 2)	1992	UPL
stratab	Misc	2	vertical		Strata Bowling (V3)	1990	Strata / Incredible Technologies
stratab1	Misc	2	vertical	stratab	Strata Bowling (V1)	1990	Strata / Incredible Technologies
stratgys	Vertical shooter	2	horizontal	stratgyx	Strategy X (Stern Electronics)	1981	Konami (Stern Electronics license)
stratgyx	Vertical shooter	2	horizontal		Strategy X	1981	Konami
stratof	Horizontal shooter	2	horizontal		Raiga - Strato Fighter (US)	1991	Tecmo
stratvox	Shooter	2	vertical	speakres	Stratovox (set 1)	1980	Sun Electronics (Taito license)
stratvoxa	Shooter	2	vertical	speakres	Stratovox (set 2)	1980	Sun Electronics (Taito license)
stratvoxb	Shooter	2	vertical	speakres	Stratovox (bootleg)	1980	bootleg
streakng	Maze	2	vertical		Streaking (set 1)	1980	Shoei
streaknga	Maze	2	vertical	streakng	Streaking (set 2)	1980	Shoei
streetsm	Fighting	2	horizontal		Street Smart (US version 2)	1989	SNK
streetsm1	Fighting	2	horizontal	streetsm	Street Smart (US version 1)	1989	SNK
streetsmj	Fighting	2	horizontal	streetsm	Street Smart (Japan version 1)	1989	SNK
streetsmw	Fighting	2	horizontal	streetsm	Street Smart (World version 1)	1989	SNK
streetsmwbl	Fighting	2	horizontal	streetsm	Street Smart (bootleg of World version 1)	1989	bootleg
strfbomb	Horizontal shooter	2	vertical	scramble	Strafe Bomb (bootleg of Scramble)	1981	bootleg (Omni)
strhoop	Sports	2	horizontal		Street Hoop / Street Slam / Dunk Dream (DEM-004 ~ DEH-004)	1994	Data East Corporation
strider	Platform / Beat 'em up	2	horizontal		Strider (USA, B-Board 89624B-2)	1989	Capcom
striderfix	Platform / Beat 'em up	2	horizontal	strider	Strider (USA, B-Board 89624B-2)(Graphic and music fixes, Hack)	2022	hack (NeoInvader)
striderj	Platform / Beat 'em up	2	horizontal	strider	Strider Hiryu (Japan)	1989	Capcom
striderjr	Platform / Beat 'em up	2	horizontal	strider	Strider Hiryu (Japan Resale Ver.)	1989	Capcom
striderua	Platform / Beat 'em up	2	horizontal	strider	Strider (USA, B-Board 89624B-3)	1989	Capcom
strideruc	Platform / Beat 'em up	2	horizontal	strider	Strider (USA, B-Board 90629B-3, buggy Street Fighter II conversion)	1989	bootleg (Capcom)
striv	Quiz	2	vertical		Super Triv (English questions)	1985	Nova du Canada
strivf	Quiz	2	vertical	striv	Super Triv (French questions)	1985	Nova du Canada
strkfgtr	Shooter	2	horizontal		Strike Fighter (World)	1991	Sega
strkfgtrj	Shooter	2	horizontal	strkfgtr	Strike Fighter (Japan)	1991	Sega
strkforc	Horizontal shooter	2	horizontal		Strike Force (rev 1 02/25/91)	1991	Midway
strnskil	Sports	2	horizontal		Strength & Skill	1984	Sun Electronics
strongx	Vertical shooter	2	horizontal	stratgyx	Strong X	1982	bootleg
strvmstr	Quiz	2	vertical		Super Trivia Master	1986	Enerdyne Technologies Inc.
stuntair	Vertical shooter	2	vertical		Stunt Air	1983	Nuova Videotron
sub	Horizontal shooter	2	vertical		Submarine (Sigma)	1985	Sigma Enterprises Inc.
subhunt	Vertical shooter	2	horizontal	depthch	Sub Hunter (Gremlin / Taito)	1977	Gremlin (Taito license)
subroc3d	Shooter	2	horizontal		Subroc-3D	1982	Sega
sucasino	Casino	2	vertical		Super Casino	1984	Data Amusement
suchie2	Mahjong	2	horizontal		Idol Janshi Suchie-Pai II (ver 1.1)	1994	Jaleco
suchie2o	Mahjong	2	horizontal	suchie2	Idol Janshi Suchie-Pai II (ver 1.0)	1994	Jaleco
sunaq	Quiz	2	horizontal		SunA Quiz 6000 Academy (940620-6)	1994	SunA
supbtime	Platform	2	horizontal		Super Burger Time (World, set 1)	1990	Data East Corporation
supbtimea	Platform	2	horizontal	supbtime	Super Burger Time (World, set 2)	1990	Data East Corporation
supbtimej	Platform	2	horizontal	supbtime	Super Burger Time (Japan)	1990	Data East Corporation
supcrash	Racing	2	horizontal	headon	Super Crash (bootleg of Head On)	1979	bootleg (VGG)
supduck	Maze	2	horizontal		Super Duck	1992	Comad
superbar	Breakout	2	vertical	wiggie	Super Bar	1994	Promat
superbon	Maze	2	vertical		Agent Super Bond (Super Cobra conversion, encrypted)	1985	Signatron USA
superchs	Racing	2	horizontal		Super Chase - Criminal Termination (World)	1992	Taito Corporation Japan
superchsj	Racing	2	horizontal	superchs	Super Chase - Criminal Termination (Japan)	1992	Taito Corporation
superchsu	Racing	2	horizontal	superchs	Super Chase - Criminal Termination (US)	1992	Taito America Corporation
superg	Vertical shooter	2	vertical	galaxian	Super Galaxians (hack of 'Galaxian (Namco set 2)')	1979	hack
superman	Beat 'em up	2	horizontal		Superman (World)	1988	Taito Corporation
supermanj	Beat 'em up	2	horizontal	superman	Superman (Japan)	1988	Taito Corporation
supermanu	Beat 'em up	2	horizontal	superman	Superman (US)	1988	Taito Corporation
superpac	Maze / Action	2	vertical		Super Pac-Man	1982	Namco
superpacm	Maze / Action	2	vertical	superpac	Super Pac-Man (Midway)	1982	Namco (Bally Midway license)
superpc1	Maze / Action	2	vertical	superpac	Super Pac-Man (Super Locksmith sound and gfx hack)	2011	hack (Paul Smith)
superpcp	Maze / Action	2	vertical	superpac	Super Pac-Man Plus	2000	hack (Blue Justice)
superpcs	Maze / Action	2	vertical	superpac	Super Pac-Man (always small)	2011	hack (Paul Smith)
supershp	Vertical shooter	2	vertical	pisces	Super Ship	19??	bootleg
superspy	Beat 'em up	2	horizontal		The Super Spy (NGM-011 ~ NGH-011)	1990	SNK
superten	Quiz	2	horizontal		Super Ten V8.3	1988	U.S. Games, Inc.
superx	Vertical shooter	2	vertical		Super-X (NTC)	1994	Dooyong (NTC license)
superxm	Vertical shooter	2	vertical	superx	Super-X (Mitchell)	1994	Dooyong (Mitchell license)
suplup	Puzzle	2	horizontal		Super Lup Lup Puzzle / Zhuan Zhuan Puzzle (version 4.0 / 990518)	1999	Omega System
supmodel	Puzzle	2	vertical		Super Model	1994	Comad & New Japan System
supmodl2	Puzzle	2	horizontal		Super Model II	1997	Comad
suprglob	Platform	1	vertical		Super Glob	1983	Epos Corporation
suprheli	Horizontal shooter	2	vertical	scobra	Super Heli (bootleg of Super Cobra)	1981	bootleg
suprleag	Sports	2	horizontal		Super League (FD1094 317-0045)	1987	Sega
suprloco	Maze	2	horizontal		Super Locomotive (Rev.A)	1982	Sega
suprlocoo	Maze	2	horizontal	suprloco	Super Locomotive	1982	Sega
suprmatk	Shooter	2	horizontal	missile	Super Missile Attack (for rev 1)	1981	Atari / General Computer Corporation
suprmatkd	Shooter	2	horizontal	missile	Super Missile Attack (not encrypted)	1981	Atari / General Computer Corporation
suprmous	Platform	2	vertical		Super Mouse	1982	Taito Corporation
suprridr	Racing	2	vertical		Super Rider	1983	Taito Corporation (Venture Line license)
suprtrio	Platform	2	horizontal		Super Trio	1994	Gameace
suratk	Run & gun	2	horizontal		Surprise Attack (World ver. K)	1990	Konami
suratka	Run & gun	2	horizontal	suratk	Surprise Attack (Asia ver. L)	1990	Konami
suratkj	Run & gun	2	horizontal	suratk	Surprise Attack (Japan ver. M)	1990	Konami
survarts	Fighting	2	horizontal		Survival Arts (World)	1993	Sammy
survartsj	Fighting	2	horizontal	survarts	Survival Arts (Japan)	1993	Sammy
survartsu	Fighting	2	horizontal	survarts	Survival Arts (USA)	1993	American Sammy
sutapper	Action	2	horizontal	tapper	Tapper (Suntory)	1983	Bally Midway
suzuk8h2	Racing	2	horizontal		Suzuka 8 Hours 2 (World, Rev B)	1993	Namco
suzuk8h2j	Racing	2	horizontal	suzuk8h2	Suzuka 8 Hours 2 (Japan, Rev B)	1993	Namco
suzuka8h	Racing	2	horizontal		Suzuka 8 Hours (World, Rev C)	1992	Namco
suzuka8hj	Racing	2	horizontal	suzuka8h	Suzuka 8 Hours (Japan, Rev B)	1992	Namco
svc	Fighting	2	horizontal		SNK vs. Capcom - SVC Chaos (NGM-2690 ~ NGH-2690)	2003	Playmore / Capcom
svcboot	Fighting	2	horizontal	svc	SNK vs. Capcom - SVC Chaos (bootleg)	2003	bootleg
svcfd	Fighting	2	horizontal	svc	SNK vs. Capcom - SVC Chaos (Fully Decrypted)	2003	Playmore / Capcom
svcpcb	Fighting	2	horizontal		SNK vs. Capcom - SVC Chaos (JAMMA PCB, NEO-MVH MVO PCB)	2003	Playmore / Capcom
svcpcba	Fighting	2	horizontal	svcpcb	SNK vs. Capcom - SVC Chaos (JAMMA PCB, NEO-MVH MVOB PCB)	2003	Playmore / Capcom
svcplus	Fighting	2	horizontal	svc	SNK vs. Capcom - SVC Chaos Plus (bootleg set 1)	2003	bootleg
svcplusa	Fighting	2	horizontal	svc	SNK vs. Capcom - SVC Chaos Plus (bootleg set 2)	2003	bootleg
svcsplse	Fighting	2	horizontal	svc	SNK vs. Capcom - SVC Chaos Super Plus (Enhanced, Hack)	2023	hack
svcsplus	Fighting	2	horizontal	svc	SNK vs. Capcom - SVC Chaos Super Plus (bootleg)	2003	bootleg
svf	Football	2	horizontal		Super Visual Football: European Sega Cup (Rev A)	1994	Sega
svfo	Football	2	horizontal	svf	Super Visual Football: European Sega Cup	1994	Sega
svg	Fighting	4	horizontal		S.V.G. - Spectral vs Generation / Sheng Mo Shiji (M68k label V200) (ARM label V200, ROM 10/11/05 S.V.G V201)	2005	IGS / Idea Factory
svghk	Fighting	4	horizontal	svg	S.V.G. - Spectral vs Generation / Sheng Mo Shiji (M68k label V101HK) (ARM label V101HK, ROM 06/20/05 S.V.G V100)	2005	IGS / Idea Factory
svgpcb	Fighting	4	horizontal	svg	S.V.G. - Spectral vs Generation / Sheng Mo Shiji (M68k label V100JP) (ARM label V100JP, ROM 05/12/05 S.V.G V100) (Japan, JAMMA PCB)	2005	IGS / Idea Factory (AMI license)
svgtw	Fighting	4	horizontal	svg	S.V.G. - Spectral vs Generation / Sheng Mo Shiji (M68k label V101TW) (ARM label V101TW, ROM 06/20/05 S.V.G V100)	2005	IGS / Idea Factory
svolley	Sports	2	horizontal		Super Volleyball (Japan)	1989	V-System Co.
svolleyk	Sports	2	horizontal	svolley	Super Volleyball (Korea)	1989	V-System Co.
svolleyu	Sports	2	horizontal	svolley	Super Volleyball (US, Data East license)	1989	V-System Co. (Data East license)
svolleyua	Sports	2	horizontal	svolley	Super Volleyball (US)	1989	V-System Co.
svolly91	Sports	2	horizontal	pspikes	Super Volley '91 (Japan)	1991	Video System Co.
svs	Football	2	horizontal	svf	Super Visual Soccer: Sega Cup (US, Rev A)	1994	Sega
swarm	Vertical shooter	2	vertical	galaxian	Swarm (bootleg?)	1979	bootleg? (Subelectro)
swat	Shooter	2	vertical		SWAT (315-5048)	1984	Coreland / Sega
swatpolc	Shooter	2	horizontal		SWAT Police	2001	ESD
swcourt	Sports	4	horizontal		Super World Court (World)	1992	Namco
swcourtb	Sports	4	horizontal	swcourt	Super World Court (World, bootleg)	1994	bootleg (Playmark?)
swcourtj	Sports	4	horizontal	swcourt	Super World Court (Japan)	1992	Namco
swimmer	Action	2	horizontal		Swimmer (set 1)	1982	Tehkan
swimmera	Action	2	horizontal	swimmer	Swimmer (set 2)	1982	Tehkan
swimmerb	Action	2	horizontal	swimmer	Swimmer (set 3)	1982	Tehkan
sws	Sports	2	horizontal		Super World Stadium (Japan)	1992	Namco
sws92	Sports	2	horizontal		Super World Stadium '92 (Japan)	1992	Namco
sws92g	Sports	2	horizontal	sws92	Super World Stadium '92 Gekitouban (Japan)	1992	Namco
sws93	Sports	2	horizontal		Super World Stadium '93 (Japan)	1993	Namco
sws95	Sports	2	horizontal		Super World Stadium '95 (Japan)	1995	Namco
sws96	Sports	2	horizontal		Super World Stadium '96 (Japan)	1996	Namco
sws97	Sports	2	horizontal		Super World Stadium '97 (Japan)	1997	Namco
sxevious	Vertical shooter	2	vertical		Super Xevious	1984	Namco
sxeviousj	Vertical shooter	2	vertical	sxevious	Super Xevious (Japan)	1984	Namco
sxyreac2	Casino	2	horizontal		Pachinko Sexy Reaction 2 (Japan)	1999	Sammy
sxyreact	Casino	2	horizontal		Pachinko Sexy Reaction (Japan)	1998	Sammy
syscheck	Misc	1	horizontal		Neo System Check (ver 1.0b)	????	blastar@gmx.net
syvalion	Horizontal shooter	2	horizontal		Syvalion (Japan)	1988	Taito Corporation
syvalionp	Horizontal shooter	2	horizontal	syvalion	Syvalion (World, prototype)	1988	Taito Corporation
syvalionu	Horizontal shooter	2	horizontal	syvalion	Syvalion (US, PS2 Taito Legends 2)	1988	Taito America Corporation
syvalionw	Horizontal shooter	2	horizontal	syvalion	Syvalion (World, PS2 Taito Legends 2)	1988	Taito Corporation Japan
szaxxon	Vertical shooter	2	vertical		Super Zaxxon (315-5013)	1982	Sega
tacscan	Vertical shooter / Vector	2	vertical		Tac/Scan	1982	Sega
tactcian	Shooter	2	vertical		Tactician (set 1)	1982	Konami (Sega license)
tactcian2	Shooter	2	vertical	tactcian	Tactician (set 2)	1981	Konami (Sega license)
tagteam	Fighting	2	vertical	bigprowr	Tag Team Wrestling	1983	Technos Japan (Data East license)
tail2nos	Racing	2	vertical		Tail to Nose - Great Championship / Super Formula	1989	V-System Co.
tail2nosa	Racing	2	vertical	tail2nos	Tail to Nose - Great Championship	1989	V-System Co.
talbot	Action / Maze	2	vertical		Talbot (World)	1982	Alpha Denshi Co. (Volt Electronics license)
tangramq	Puzzle	2	vertical		Tangram Q	1983	SNK
tangtang	Platform	2	horizontal		Tang Tang (ver. 0526, 26/05/2000, set 1)	2000	ESD
tangtanga	Platform	2	horizontal	tangtang	Tang Tang (ver. 0526, 26/05/2000, set 2)	2000	ESD
tankbatt	Maze / Shooter	2	vertical		Tank Battalion	1980	Namco
tankbattb	Maze / Shooter	2	vertical	tankbatt	Tank Battalion (bootleg)	1980	bootleg
tankbust	Maze / Run & gun	2	vertical		Tank Busters	1985	Valadon Automation
tankfrce	Shooter	2	horizontal		Tank Force (US, 2 Players)	1991	Namco
tankfrce4	Shooter	4	horizontal	tankfrce	Tank Force (US, 4 Players)	1991	Namco
tankfrcej	Shooter	2	horizontal	tankfrce	Tank Force (Japan)	1991	Namco
tantr	Mini-games / Puzzle	2	horizontal		Puzzle & Action: Tant-R (Japan)	1992	Sega
tantrbl	Mini-games / Puzzle	2	horizontal	tantr	Puzzle & Action: Tant-R (Japan) (bootleg set 1)	1992	bootleg
tantrbl2	Mini-games / Puzzle	2	horizontal	tantr	Puzzle & Action: Tant-R (Japan) (bootleg set 2)	1994	bootleg
tantrbl3	Mini-games / Puzzle	2	horizontal	tantr	Puzzle & Action: Tant-R (Japan) (bootleg set 3)	1994	bootleg
tantrbl4	Mini-games / Puzzle	2	horizontal	tantr	Puzzle & Action: Tant-R (Japan) (bootleg set 4)	1992	bootleg
tantrkor	Mini-games / Puzzle	2	horizontal	tantr	Puzzle & Action: Tant-R (Korea)	1993	Sega
taotaido	Fighting	2	horizontal		Tao Taido (2 button version)	1993	Video System Co.
taotaido3	Fighting	2	horizontal	taotaido	Tao Taido (2/3 button version)	1993	Video System Co.
taotaidoa	Fighting	2	horizontal	taotaido	Tao Taido (6 button version)	1993	Video System Co.
tapper	Action	2	horizontal		Tapper (Budweiser, 1/27/84)	1983	Bally Midway
tappera	Action	2	horizontal	tapper	Tapper (Budweiser, 1/12/84)	1983	Bally Midway
tapperb	Action	2	horizontal	tapper	Tapper (Budweiser, 12/9/83)	1983	Bally Midway
tapperg	Action	2	horizontal	tapper	Tapper (Budweiser, 1/27/84 - Alternate graphics)	1983	Bally Midway
targ	Maze / Multi-directional shooter	2	horizontal		Targ	1980	Exidy
targc	Maze / Multi-directional shooter	2	horizontal	targ	Targ (cocktail?)	1980	Exidy
targeth	Shooter	2	horizontal		Target Hits (ver 1.1, checksum 5152)	1994	Gaelco
targeth10	Shooter	2	horizontal	targeth	Target Hits (ver 1.0, checksum FBCB)	1994	Gaelco
targetha	Shooter	2	horizontal	targeth	Target Hits (ver 1.1, checksum 86E1)	1994	Gaelco
targethb	Shooter	2	horizontal	targeth	Target Hits (ver 1.1, checksum B1F7)	1994	Gaelco
tattack	Breakout	2	vertical		Time Attacker	1983?	Shonan
tattass	Fighting	2	horizontal		Tattoo Assassins (US prototype, Mar 14 1995)	1994	Data East Pinball
tattassa	Fighting	2	horizontal	tattass	Tattoo Assassins (Asia prototype, Mar 14 1995)	1994	Data East Pinball
tattasso	Fighting	2	horizontal	tattass	Tattoo Assassins (US prototype, Mar 14 1995, older sound)	1994	Data East Pinball
taxidriv	Racing	2	vertical		Taxi Driver	1984	Graphic Techno
tazmani2	Maze	2	vertical	tazmania	Tazz-Mania (set 2, alt hardware)	1982	Stern Electronics
tazmania	Maze	2	vertical		Tazz-Mania (set 1)	1982	Stern Electronics
tazzmang	Maze	2	vertical	tazmania	Tazz-Mania (bootleg on Galaxian hardware)	1982	bootleg
tazzmang2	Maze	2	vertical	tazmania	Tazz-Mania (bootleg on Galaxian hardware with Starfield)	1982	bootleg
tbowl	Sports	2	horizontal		Tecmo Bowl (World, set 1)	1987	Tecmo
tbowla	Sports	2	horizontal	tbowl	Tecmo Bowl (World, set 2)	1987	Tecmo
tbowlj	Sports	2	horizontal	tbowl	Tecmo Bowl (Japan)	1987	Tecmo
tbowlp	Sports	2	horizontal	tbowl	Tecmo Bowl (World, prototype?)	1987	Tecmo
tceptor	Shooter / Action	2	horizontal		Thunder Ceptor	1986	Namco
tceptor2	Shooter / Action	2	horizontal	tceptor	3-D Thunder Ceptor II	1986	Namco
tcobra2	Vertical shooter	2	vertical		Twin Cobra II (Ver 2.1O 1995/11/30)	1995	Taito Corporation Japan
tcobra2u	Vertical shooter	2	vertical	tcobra2	Twin Cobra II (Ver 2.1A 1995/11/30)	1995	Taito America Corporation
tdpgal	Casino	2	vertical		Triple Draw Poker (Design Labs / Thomas Automatics)	1983	Design Labs / Thomas Automatics
tdpgala	Casino	2	vertical	tdpgal	Triple Draw Poker (Video Village)	1983	Video Village
tdragon	Vertical shooter	2	vertical		Thunder Dragon (8th Jan. 1992, unprotected)	1991	NMK (Tecmo license)
tdragon1	Vertical shooter	2	vertical	tdragon	Thunder Dragon (4th Jun. 1991, protected)	1991	NMK (Tecmo license)
tdragon2	Vertical shooter	2	vertical		Thunder Dragon 2 (9th Nov. 1993)	1993	NMK
tdragon2a	Vertical shooter	2	vertical	tdragon2	Thunder Dragon 2 (1st Oct. 1993)	1993	NMK
tdragon3h	Vertical shooter	2	vertical	tdragon2	Thunder Dragon 3 (bootleg of Thunder Dragon 2)	1996	bootleg (Conny Co Ltd.)
tdragonb	Vertical shooter	2	vertical	tdragon	Thunder Dragon (bootleg with Raiden sounds, encrypted)	1991	bootleg
tdragonb3	Vertical shooter	2	vertical	tdragon	Thunder Dragon (bootleg with Raiden sounds, unencrypted)	1991	bootleg
teddybb	Platform	2	horizontal		TeddyBoy Blues (315-5115, New Ver.)	1985	Sega
teddybbo	Platform	2	horizontal	teddybb	TeddyBoy Blues (315-5115, Old Ver.)	1985	Sega
teddybboa	Platform	2	horizontal	teddybb	TeddyBoy Blues (315-5111, Old Ver.)	1985	Sega
teddybbobl	Platform	2	horizontal	teddybb	TeddyBoy Blues (Old Ver. bootleg)	1985	bootleg
teedoff	Sports	2	vertical		Tee'd Off (World)	1987	Tecmo
teedoffj	Sports	2	vertical	teedoff	Tee'd Off (Japan)	1986	Tecmo
teetert	Vertical shooter	2	horizontal		Teeter Torture (prototype)	1982	Exidy
tehkanwc	Football	2	horizontal		Tehkan World Cup (set 1)	1985	Tehkan
tehkanwcb	Football	2	horizontal	tehkanwc	Tehkan World Cup (set 2, bootleg?)	1985	Tehkan
tehkanwcd	Football	2	horizontal	tehkanwc	Tehkan World Cup (set 4, earlier)	1985	Tehkan
tehkanwch	Football	2	horizontal	tehkanwc	Tehkan World Cup (1986 year hack)	1986	hack
tekipaki	Puzzle	2	horizontal		Teki Paki	1991	Toaplan
tekipakit	Puzzle	2	horizontal	tekipaki	Teki Paki (location test)	1991	Toaplan
teljan	Mahjong	2	horizontal		Tel Jan	1999	Electro Design
tempall	Shooter / Action / Vector	2	vertical	tempest	Tempest All Levels	2000	hack
temped	Shooter / Action / Vector	2	vertical	tempest	TempEd	2000	hack
tempest	Shooter / Action / Vector	2	vertical		Tempest (rev 3, Revised Hardware)	1980	Atari
tempest1	Shooter / Action / Vector	2	vertical	tempest	Tempest (rev 1)	1980	Atari
tempest1r	Shooter / Action / Vector	2	vertical	tempest	Tempest (rev 1, Revised Hardware)	1980	Atari
tempest2	Shooter / Action / Vector	2	vertical	tempest	Tempest (rev 2)	1980	Atari
tempest3	Shooter / Action / Vector	2	vertical	tempest	Tempest (rev 3)	1980	Atari
temptube	Shooter / Action / Vector	2	vertical	tempest	Tempest Tubes	1980	hack (Duncan Brown)
temptwst	Shooter / Action / Vector	2	vertical	tempest	Tempest Twisted	2000	Twisty
tengai	Horizontal shooter	2	horizontal		Tengai (World)	1996	Psikyo
tengaij	Horizontal shooter	2	horizontal	tengai	Sengoku Blade: Sengoku Ace Episode II (Japan) / Tengai (World)	1996	Psikyo
teot	Fighting	2	horizontal		The Eye of Typhoon (HB, Beta 7 Version)	2022	OzzyOuzo
term2	Shooter	2	horizontal		Terminator 2 - Judgment Day (rev LA4 08/03/92)	1991	Midway
term2la1	Shooter	2	horizontal	term2	Terminator 2 - Judgment Day (rev LA1 11/01/91)	1991	Midway
term2la2	Shooter	2	horizontal	term2	Terminator 2 - Judgment Day (rev LA2 12/09/91)	1991	Midway
term2la3	Shooter	2	horizontal	term2	Terminator 2 - Judgment Day (rev LA3 03/27/92)	1991	Midway
term2lg1	Shooter	2	horizontal	term2	Terminator 2 - Judgment Day (German, rev LG1 11/04/91)	1991	Midway
term2pa2	Shooter	2	horizontal	term2	Terminator 2 - Judgment Day (prototype, rev PA2 10/18/91)	1991	Midway
terracre	Vertical shooter	2	vertical		Terra Cresta (YM3526 set 1)	1985	Nichibutsu
terracrea	Vertical shooter	2	vertical	terracre	Terra Cresta (YM3526 set 3)	1985	Nichibutsu
terracren	Vertical shooter	2	vertical	terracre	Terra Cresta (YM2203)	1985	Nichibutsu
terracreo	Vertical shooter	2	vertical	terracre	Terra Cresta (YM3526 set 2)	1985	Nichibutsu
terraf	Horizontal shooter	2	horizontal		Terra Force	1987	Nichibutsu
terrafb	Horizontal shooter	2	horizontal	terraf	Terra Force (Japan, bootleg set 2)	1987	bootleg
terrafj	Horizontal shooter	2	horizontal	terraf	Terra Force (Japan)	1987	Nichibutsu Japan
terrafjb	Horizontal shooter	2	horizontal	terraf	Terra Force (Japan, bootleg with additional Z80)	1987	bootleg
terrafu	Horizontal shooter	2	horizontal	terraf	Terra Force (US)	1987	Nichibutsu USA
terrafua	Horizontal shooter	2	horizontal	terraf	Terra Force (US, alternate sound)	1987	Nichibutsu USA
test240p	Misc	2	horizontal		240p Test Suite (v1.0)	2023	Artemio
tetrbx	Beat 'em up	2	horizontal		Tetris / Bloxeed (Korean System 16 bootleg) (ISG Selection Master Type 2006)	2006	bootleg (ISG)
tetris	Puzzle	2	horizontal		Tetris (set 4, Japan, System 16A) (FD1094 317-0093)	1988	Sega
tetris1	Puzzle	2	horizontal	tetris	Tetris (set 1, Japan, System 16B) (FD1094 317-0091)	1988	Sega
tetris1d	Puzzle	2	horizontal	tetris	Tetris (set 1, Japan, System 16B) (bootleg of FD1094 317-0091 set)	1988	bootleg
tetris2	Puzzle	2	horizontal	tetris	Tetris (set 2, Japan, System 16B) (FD1094 317-0092)	1988	Sega
tetris2d	Puzzle	2	horizontal	tetris	Tetris (set 2, Japan, System 16B) (bootleg of FD1094 317-0092 set)	1988	bootleg
tetris3	Puzzle	2	horizontal	tetris	Tetris (set 3, Japan, System 16A) (FD1094 317-0093a)	1988	Sega
tetris3d	Puzzle	2	horizontal	tetris	Tetris (set 3, Japan, System 16A) (bootleg of FD1094 317-0093a set)	1988	bootleg
tetrisbl	Puzzle	2	horizontal	tetris	Tetris (bootleg)	1988	bootleg
tetrisd	Puzzle	2	horizontal	tetris	Tetris (set 4, Japan, System 16A) (bootleg of FD1094 317-0093 set)	1988	bootleg
tetrisp	Puzzle	2	horizontal		Tetris Plus (ver 1.0)	1995	Jaleco / BPS
tetrisp2	Puzzle	2	horizontal		Tetris Plus 2 (World, V2.8)	1997	Jaleco / The Tetris Company
tetrisp2a	Puzzle	2	horizontal	tetrisp2	Tetris Plus 2 (World, V2.7)	1997	Jaleco / The Tetris Company
tetrisp2j	Puzzle	2	horizontal	tetrisp2	Tetris Plus 2 (Japan, V2.2)	1997	Jaleco / The Tetris Company
tetrisp2ja	Puzzle	2	horizontal	tetrisp2	Tetris Plus 2 (Japan, V2.1)	1997	Jaleco / The Tetris Company
tetrisse	Puzzle	2	horizontal		Tetris (Japan, System E)	1988	Sega
tetrist	Puzzle	2	horizontal	tetris	Tetris (Japan, Taito B-System, Nastar Conversion Kit)	1988	Sega
tetrista	Puzzle	2	horizontal	tetris	Tetris (Japan, Taito B-System, Master of Weapon Conversion Kit)	1988	Sega
tetristh	Puzzle	2	horizontal	tetris	Tetris (Japan, rev 1, Taito H-System)	1988	Sega
tetrsark	Puzzle	2	horizontal		Tetris (D.R. Korea, set 1, encrypted)	19??	D.R. Korea
tetrsark2	Puzzle	2	horizontal	tetrsark	Tetris (D.R. Korea, set 2)	19??	D.R. Korea
tfrceac	Horizontal shooter	1	horizontal		Thunder Force AC	1990	Technosoft / Sega
tfrceacb	Horizontal shooter	1	horizontal	tfrceac	Thunder Force AC (bootleg)	1990	bootleg
tfrceacj	Horizontal shooter	1	horizontal	tfrceac	Thunder Force AC (Japan)	1990	Technosoft / Sega
tfrceacjpb	Horizontal shooter	1	horizontal	tfrceac	Thunder Force AC (Japan, prototype, bootleg)	1990	Technosoft / Sega
tgm2	Puzzle	2	horizontal		Tetris: The Absolute - The Grand Master 2	2000	Arika
tgm2p	Puzzle	2	horizontal	tgm2	Tetris: The Absolute - The Grand Master 2 Plus	2000	Arika
tharrier	Vertical shooter	2	vertical		Task Force Harrier	1989	UPL
tharrieru	Vertical shooter	2	vertical	tharrier	Task Force Harrier (US)	1989	UPL (American Sammy license)
the26thz	Vertical shooter	2	vertical	alphaxz	The 26th Z (Japan, location test)	1986	Ed Co., Ltd. (Taito license)
thedeep	Vertical shooter	2	vertical		The Deep (Japan)	1987	Woodplace Inc.
theend	Shooter	2	vertical		The End	1980	Konami
theends	Shooter	2	vertical	theend	The End (Stern Electronics)	1980	Konami (Stern Electronics license)
theendss	Shooter	2	vertical	theend	The End (SegaSA / Sonic)	1981	bootleg (Sonic)
theglad	Beat 'em up	4	horizontal		The Gladiator / Shenjian Fumo Lu / Shenjian Fengyun (M68k label V101) (ARM label V107, ROM 06/06/03 SHEN JIAN V107)	2003	IGS
theglad100	Beat 'em up	4	horizontal	theglad	The Gladiator / Shenjian Fumo Lu / Shenjian Fengyun (M68k label V100) (ARM label V100, ROM 01/16/03 SHEN JIAN)	2003	IGS
theglad101	Beat 'em up	4	horizontal	theglad	The Gladiator / Shenjian Fumo Lu / Shenjian Fengyun (M68k label V100) (ARM label V101, ROM 03/13/03 SHEN JIAN)	2003	IGS
theglad104	Beat 'em up	4	horizontal	theglad	The Gladiator / Shenjian Fumo Lu / Shenjian Fengyun (M68k label V100) (ARM label V104, ROM 04/02/03 SHEN JIAN V104)	2003	IGS
thegladpcb	Beat 'em up	4	horizontal	theglad	Tougenkyou - Road of the Sword (M68k label V100) (ARM label V101, ROM 03/13/03 SHEN JIAN) (Japan, JAMMA PCB)	2003	IGS (Alta/AMI license)
thegladpcba	Beat 'em up	4	horizontal	theglad	Tougenkyou - Road of the Sword (M68k label V100) (ARM label V100, ROM 02/25/03 SHEN JIAN) (Japan, JAMMA PCB)	2003	IGS (Alta/AMI license)
theglob	Platform	1	vertical	suprglob	The Glob	1983	Epos Corporation
theglob2	Platform	1	vertical	suprglob	The Glob (earlier)	1983	Epos Corporation
theglob3	Platform	1	vertical	suprglob	The Glob (set 3)	1983	Epos Corporation
theglobp	Platform	2	vertical	suprglob	The Glob (Pac-Man hardware, set 1)	1983	Epos Corporation
theglobpa	Platform	2	vertical	suprglob	The Glob (Pac-Man hardware, set 2)	1983	Epos Corporation
theglobpb	Platform	2	vertical	suprglob	The Glob (Pac-Man hardware, bootleg)	1983	bootleg
thehand	Maze	2	vertical		The Hand	1981	T.I.C.
thehole	Platform	2	vertical	thepit	The Hole (bootleg of The Pit)	1982	bootleg
thehustl	Sports	2	vertical	rackemup	The Hustler (Japan, version M)	1987	Konami
thehustlj	Sports	2	vertical	rackemup	The Hustler (Japan, version J)	1987	Konami
thepit	Platform	2	vertical		The Pit	1982	Zilec Electronics
thepitj	Platform	2	vertical	thepit	The Pit (Japan)	1982	Zilec Electronics (Taito license)
thepitm	Platform	2	vertical	thepit	The Pit (bootleg on Moon Quasar hardware)	198?	bootleg (KZH)
thepitu1	Platform	2	vertical	thepit	The Pit (US set 1)	1982	Zilec Electronics (Centuri license)
thepitu2	Platform	2	vertical	thepit	The Pit (US set 2)	1982	Zilec Electronics (Centuri license)
thepitu3	Platform	2	vertical	thepit	The Pit (US set 3)	1982	Zilec Electronics (Centuri license)
theroes	Beat 'em up	2	horizontal		Thunder Heroes (set 1)	2001	Primetek Investments
theroesa	Beat 'em up	2	horizontal	theroes	Thunder Heroes (set 2)	2001	Primetek Investments
thetogyu	Sports	2	horizontal	bullfgt	The Togyu (315-5065, Japan)	1984	Coreland / Sega
thief	Maze	2	horizontal		Thief	1981	Pacific Novelty
thndblst	Vertical shooter	2	vertical	lethalth	Thunder Blaster (Japan)	1991	Irem
thndrbld	Shooter	2	horizontal		Thunder Blade (upright) (FD1094 317-0056)	1987	Sega
thndrbld1	Shooter	2	horizontal	thndrbld	Thunder Blade (deluxe/standing) (unprotected)	1987	Sega
thndrbldd	Shooter	2	horizontal	thndrbld	Thunder Blade (upright) (bootleg of FD1094 317-0056 set)	1987	bootleg
thndrx2	Horizontal shooter	2	horizontal		Thunder Cross II (World)	1991	Konami
thndrx2a	Horizontal shooter	2	horizontal	thndrx2	Thunder Cross II (Asia)	1991	Konami
thndrx2j	Horizontal shooter	2	horizontal	thndrx2	Thunder Cross II (Japan)	1991	Konami
thndzone	Run & gun	4	horizontal		Thunder Zone (World, Rev 1)	1991	Data East Corporation
thndzone4	Run & gun	4	horizontal	thndzone	Thunder Zone (World 4 Players)	1991	Data East Corporation
thndzonea	Run & gun	4	horizontal	thndzone	Thunder Zone (World)	1991	Data East Corporation
thndzonej	Run & gun	4	horizontal	thndzone	Thunder Zone (Japan)	1991	Data East Corporation
thoop	Run & gun	2	horizontal		Thunder Hoop (ver. 1, checksum 02a09f7d)	1992	Gaelco
thoop2	Run & gun	2	horizontal		TH Strikes Back (non North America, version 1.0, checksum 020EB356)	1994	Gaelco
thoop2a	Run & gun	2	horizontal	thoop2	TH Strikes Back (non North America, version 1.0, checksum 020EB346)	1994	Gaelco
thoop2b	Run & gun	2	horizontal	thoop2	TH Strikes Back (non North America, version 1.0, checksum 020E0867)	1994	Gaelco
thoop2c	Run & gun	2	horizontal	thoop2	TH Strikes Back (non North America, version 1.0, checksum 020E154A)	1994	Gaelco
thoop2d	Run & gun	2	horizontal	thoop2	TH Strikes Back (non North America, version 1.0, checksum 0206DF91)	1994	Gaelco
thoop2e	Run & gun	2	horizontal	thoop2	TH Strikes Back (non North America, version 1.0, checksum 0206DF91, without title)	1994	Gaelco
thoopa	Run & gun	2	horizontal	thoop	Thunder Hoop (ver. 1, checksum 02a09fcd)	1992	Gaelco
thoopb	Run & gun	2	horizontal	thoop	Thunder Hoop (ver. X, checksum 00000020, without title)	1992	Gaelco
thoopna	Run & gun	2	horizontal	thoop	Thunder Hoop (North America, ver. C4, checksum 02A0A008)	1992	Gaelco
thoopnna	Run & gun	2	horizontal	thoop	Thunder Hoop (non North America, ver. X, checksum 00000020, set 1)	1992	Gaelco
thoopnnaa	Run & gun	2	horizontal	thoop	Thunder Hoop (non North America, ver. X, checksum 00000020, set 2)	1992	Gaelco
thunderj	Run & gun	2	horizontal		ThunderJaws (rev 3)	1990	Atari Games
thunderja	Run & gun	2	horizontal	thunderj	ThunderJaws (rev 2)	1990	Atari Games
thunderl	Breakout	2	vertical		Thunder & Lightning (set 1)	1990	Seta
thunderla	Breakout	2	vertical	thunderl	Thunder & Lightning (set 2)	1990	Seta
thunderx	Horizontal shooter	2	horizontal		Thunder Cross (set 1)	1988	Konami
thunderxa	Horizontal shooter	2	horizontal	thunderx	Thunder Cross (set 2)	1988	Konami
thunderxb	Horizontal shooter	2	horizontal	thunderx	Thunder Cross (set 3)	1988	Konami
thunderxj	Horizontal shooter	2	horizontal	thunderx	Thunder Cross (Japan)	1988	Konami
thundfox	Beat 'em up	2	horizontal		Thunder Fox (World, rev 1)	1990	Taito Corporation Japan
thundfoxj	Beat 'em up	2	horizontal	thundfox	Thunder Fox (Japan, rev 1)	1990	Taito Corporation
thundfoxu	Beat 'em up	2	horizontal	thundfox	Thunder Fox (US, rev 1)	1990	Taito America Corporation
tigerh	Vertical shooter	2	vertical		Tiger-Heli (US)	1985	Toaplan / Taito America Corp.
tigerhb1	Vertical shooter	2	vertical	tigerh	Tiger-Heli (bootleg set 1)	1985	bootleg
tigerhb2	Vertical shooter	2	vertical	tigerh	Tiger-Heli (bootleg set 2)	1985	bootleg
tigerhb3	Vertical shooter	2	vertical	tigerh	Tiger-Heli (bootleg set 3)	1985	bootleg
tigerhbt	Vertical shooter	2	vertical	tigerh	Tiger-Heli (Tecfri bootleg)	1985	bootleg (Tecfri)
tigerhj	Vertical shooter	2	vertical	tigerh	Tiger-Heli (Japan)	1985	Toaplan / Taito
tigeroad	Beat 'em up / Platform	2	horizontal		Tiger Road (US)	1987	Capcom
tigeroadb	Beat 'em up / Platform	2	horizontal	tigeroad	Tiger Road (US bootleg, set 1)	1987	bootleg
tigeroadba	Beat 'em up / Platform	2	horizontal	tigeroad	Tiger Road (US bootleg, set 2)	1987	bootleg
tigeroadu	Beat 'em up / Platform	2	horizontal	tigeroad	Tiger Road (US, Romstar license)	1987	Capcom (Romstar license)
timber	Action	2	horizontal		Timber	1984	Bally Midway
timefgtr	Vertical shooter	2	vertical		Time Fighter (Time Pilot conversion on Galaxian hardware)	198?	Taito do Brasil
timekill	Fighting	2	horizontal		Time Killers (v1.32)	1992	Strata / Incredible Technologies
timekill100	Fighting	2	horizontal	timekill	Time Killers (v1.00)	1992	Strata / Incredible Technologies
timekill120	Fighting	2	horizontal	timekill	Time Killers (v1.20, alternate ROM board)	1992	Strata / Incredible Technologies
timekill121	Fighting	2	horizontal	timekill	Time Killers (v1.21)	1992	Strata / Incredible Technologies
timekill121a	Fighting	2	horizontal	timekill	Time Killers (v1.21, alternate ROM board)	1992	Strata / Incredible Technologies
timekill131	Fighting	2	horizontal	timekill	Time Killers (v1.31)	1992	Strata / Incredible Technologies
timekill132i	Fighting	2	horizontal	timekill	Time Killers (v1.32I)	1992	Strata / Incredible Technologies
timelimt	Platform	1	vertical		Time Limit	1983	Chuo Co. Ltd
timeplt	Vertical shooter	2	vertical		Time Pilot	1982	Konami
timeplta	Vertical shooter	2	vertical	timeplt	Time Pilot (Atari)	1982	Konami (Atari license)
timepltc	Vertical shooter	2	vertical	timeplt	Time Pilot (Centuri)	1982	Konami (Centuri license)
timescan	Pinball	2	vertical		Time Scanner (set 2, System 16B)	1987	Sega
timescan1	Pinball	2	vertical	timescan	Time Scanner (set 1, System 16A, FD1089B 317-0024)	1987	Sega
timescan3	Pinball	2	vertical	timescan	Time Scanner (set 3, Japan, System 16B) (FD1089B 317-0024)	1987	Sega
timesold	Run & gun	2	vertical		Time Soldiers (US Rev 3)	1987	Alpha Denshi Co. (SNK/Romstar license)
timesold1	Run & gun	2	vertical	timesold	Time Soldiers (US Rev 1)	1987	Alpha Denshi Co. (SNK/Romstar license)
timesup	Vertical shooter	2	horizontal		Time's UP! (HB)	2012	NGF Dev. Inc.
timesupd	Vertical shooter	2	horizontal	timesup	Time's UP! (HB, Demo)	2012	NGF Dev. Inc.
timetunl	Maze	2	horizontal		Time Tunnel	1982	Taito Corporation
tinklpit	Maze	2	horizontal		Tinkle Pit (Japan)	1993	Namco
tinstar	Shooter	2	horizontal		The Tin Star (A10, 4 PCB version)	1983	Taito Corporation
tinstara	Shooter	2	horizontal	tinstar	The Tin Star (TS, 5 PCB version)	1983	Taito Corporation
tiptop	Platform	2	vertical	congo	Tip Top (3 board stack)	1983	Sega
titanpac	Maze / Action	2	vertical	puckman	Titan (hack of Pac-Man)	1981	hack (NSM)
titlef	Fighting	4	horizontal		Title Fight (World)	1992	Sega
titlefj	Fighting	4	horizontal	titlef	Title Fight (Japan)	1992	Sega
titlefu	Fighting	4	horizontal	titlef	Title Fight (US)	1992	Sega
tkdensho	Fighting	2	horizontal		Toukidenshou - Angel Eyes (VER. 960614)	1996	Tecmo
tkdenshoa	Fighting	2	horizontal	tkdensho	Toukidenshou - Angel Eyes (VER. 960427)	1996	Tecmo
tknight	Beat 'em up	2	horizontal	wildfang	Tecmo Knight (US)	1989	Tecmo
tmht	Beat 'em up	4	horizontal	tmnt	Teenage Mutant Hero Turtles (UK 4 Players, version F)	1989	Konami
tmht22pe	Beat 'em up	2	horizontal	tmnt2	Teenage Mutant Hero Turtles - Turtles in Time (2 Players ver EBA)	1991	Konami
tmht24pe	Beat 'em up	2	horizontal	tmnt2	Teenage Mutant Hero Turtles - Turtles in Time (4 Players ver EAA)	1991	Konami
tmht2p	Beat 'em up	2	horizontal	tmnt	Teenage Mutant Hero Turtles (UK 2 Players, version U)	1989	Konami
tmht2pa	Beat 'em up	2	horizontal	tmnt	Teenage Mutant Hero Turtles (UK 2 Players, version ?)	1989	Konami
tmhta	Beat 'em up	4	horizontal	tmnt	Teenage Mutant Hero Turtles (UK 4 Players, version S)	1989	Konami
tmhtb	Beat 'em up	4	horizontal	tmnt	Teenage Mutant Hero Turtles (UK 4 Players, version ?)	1989	Konami
tmnt	Beat 'em up	4	horizontal		Teenage Mutant Ninja Turtles (World 4 Players, version X)	1989	Konami
tmnt2	Beat 'em up	4	horizontal		Teenage Mutant Ninja Turtles - Turtles in Time (4 Players ver UAA)	1991	Konami
tmnt22pu	Beat 'em up	2	horizontal	tmnt2	Teenage Mutant Ninja Turtles - Turtles in Time (2 Players ver UDA)	1991	Konami
tmnt24pu	Beat 'em up	2	horizontal	tmnt2	Teenage Mutant Ninja Turtles - Turtles in Time (4 Players ver UEA)	1991	Konami
tmnt2a	Beat 'em up	4	horizontal	tmnt2	Teenage Mutant Ninja Turtles - Turtles in Time (4 Players ver ADA)	1991	Konami
tmnt2o	Beat 'em up	4	horizontal	tmnt2	Teenage Mutant Ninja Turtles - Turtles in Time (4 Players ver OAA)	1991	Konami
tmnt2pj	Beat 'em up	2	horizontal	tmnt	Teenage Mutant Ninja Turtles (Japan 2 Players, version 1)	1990	Konami
tmnt2po	Beat 'em up	2	horizontal	tmnt	Teenage Mutant Ninja Turtles (Oceania 2 Players, version ?)	1989	Konami
tmnta	Beat 'em up	4	horizontal	tmnt	Teenage Mutant Ninja Turtles (Asia 4 Players, version ?)	1989	Konami
tmnti	Misc	1	horizontal		Teenage Mutant Ninja Turtles (FMV Demo)	2009	Sergi
tmntia	Misc	1	horizontal	tmnti	Teenage Mutant Ninja Turtles (FMV Demo, alt)	2009	Sergi
tmntj	Beat 'em up	4	horizontal	tmnt	Teenage Mutant Ninja Turtles (Japan 4 Players, version 2)	1990	Konami
tmntu	Beat 'em up	4	horizontal	tmnt	Teenage Mutant Ninja Turtles (US 4 Players, version R)	1989	Konami
tmntua	Beat 'em up	4	horizontal	tmnt	Teenage Mutant Ninja Turtles (US 4 Players, version N)	1989	Konami
tmntub	Beat 'em up	4	horizontal	tmnt	Teenage Mutant Ninja Turtles (US 4 Players, version J)	1989	Konami
tmntuc	Beat 'em up	4	horizontal	tmnt	Teenage Mutant Ninja Turtles (US 4 Players, version H)	1989	Konami
tndrcade	Vertical shooter	2	vertical		Thundercade / Twin Formation	1987	Seta (Taito license)
tndrcadej	Vertical shooter	2	vertical	tndrcade	Tokusyu Butai U.A.G. (Japan)	1987	Seta (Taito license)
tnextspc	Vertical shooter	2	vertical		The Next Space (set 1)	1989	SNK
tnextspc2	Vertical shooter	2	vertical	tnextspc	The Next Space (set 2)	1989	SNK
tnextspcj	Vertical shooter	2	vertical	tnextspc	The Next Space (Japan)	1989	SNK (Pasadena International Corp. license)
tnk3	Run & gun	2	vertical		T.N.K III (US)	1985	SNK
tnk3b	Run & gun	2	vertical	tnk3	T.A.N.K (bootleg, 8-way joystick)	1985	bootleg
tnk3j	Run & gun	2	vertical	tnk3	T.A.N.K (Japan)	1985	SNK
tnzs	Platform	2	horizontal		The NewZealand Story (World, new version) (P0-043A PCB)	1988	Taito Corporation Japan
tnzsj	Platform	2	horizontal	tnzs	The NewZealand Story (Japan, new version) (P0-043A PCB)	1988	Taito Corporation
tnzsjo	Platform	2	horizontal	tnzs	The NewZealand Story (Japan, old version) (P0-041A PCB)	1988	Taito Corporation
tnzso	Platform	2	horizontal	tnzs	The NewZealand Story (World, old version) (P0-041A PCB)	1988	Taito Corporation Japan
tnzsoa	Platform	2	horizontal	tnzs	The NewZealand Story (World, unknown version) (P0-041A PCB)	1988	Taito Corporation Japan
tnzsop	Platform	2	horizontal	tnzs	The NewZealand Story (World, prototype) (P0-041-1 PCB)	1988	Taito Corporation Japan
tnzsuo	Platform	2	horizontal	tnzs	The NewZealand Story (US, old version) (P0-041A PCB)	1988	Taito America Corporation
todruaga	Maze	2	vertical		The Tower of Druaga (New Ver.)	1984	Namco
todruagao	Maze	2	vertical	todruaga	The Tower of Druaga (Old Ver.)	1984	Namco
todruagas	Maze	2	vertical	todruaga	The Tower of Druaga (Sidam)	1984	bootleg? (Sidam)
toffy	Maze / Puzzle	2	horizontal		Toffy (encrypted)	1993	Midas
toffya	Maze / Puzzle	2	horizontal	toffy	Toffy (unencrypted)	1993	Midas
toki	Run & gun	2	horizontal		Toki (World, set 1)	1989	TAD Corporation
tokia	Run & gun	2	horizontal	toki	Toki (World, set 2)	1989	TAD Corporation
tokib	Run & gun	2	horizontal	toki	Toki (Datsu bootleg)	1990	bootleg (Datsu)
tokibr	Run & gun	2	horizontal	toki	Toki (Portuguese-BR Translation v1.07, Hack)	2019	hack (Antigeno)
tokio	Vertical shooter	2	vertical		Tokio / Scramble Formation (newer)	1986	Taito Corporation
tokiob	Vertical shooter	2	vertical	tokio	Tokio / Scramble Formation (bootleg)	1986	bootleg
tokioo	Vertical shooter	2	vertical	tokio	Tokio / Scramble Formation (older)	1986	Taito Corporation
tokiou	Vertical shooter	2	vertical	tokio	Tokio / Scramble Formation (US)	1986	Taito America Corporation (Romstar license)
tokip	Run & gun	2	horizontal	toki	Toki (US, prototype?)	1989	TAD Corporation (Fabtek license)
tokisens	Platform	2	vertical		Toki no Senshi - Chrono Soldier (MC-8123, 317-0040)	1987	Sega
tokisensa	Platform	2	vertical	tokisens	Toki no Senshi - Chrono Soldier (prototype?)	1987	Sega
tokiu	Run & gun	2	horizontal	toki	Toki (US, set 1)	1989	TAD Corporation (Fabtek license)
tokiua	Run & gun	2	horizontal	toki	Toki (US, set 2)	1989	TAD Corporation (Fabtek license)
tomagic	Pinball	2	horizontal		Tom Tom Magic	1997	Hobbitron T.K.Trading Co. Ltd.
tomcatsw	Shooter / Vector	2	horizontal	tomcat	TomCat (Star Wars hardware, prototype)	1983	Atari
toobin	Action	2	vertical		Toobin' (rev 3)	1988	Atari Games
toobin1	Action	2	vertical	toobin	Toobin' (rev 1)	1988	Atari Games
toobin2	Action	2	vertical	toobin	Toobin' (rev 2)	1988	Atari Games
toobin2e	Action	2	vertical	toobin	Toobin' (Europe, rev 2)	1988	Atari Games
toobine	Action	2	vertical	toobin	Toobin' (Europe, rev 3)	1988	Atari Games
toobing	Action	2	vertical	toobin	Toobin' (German, rev 3)	1988	Atari Games
topdrive	Racing	2	horizontal		Top Driving (version 1.1)	1995	Proyesel
topgunbl	Run & gun	2	vertical	jackal	Top Gunner (bootleg, Rotary Joystick)	1986	bootleg
topgunr	Run & gun	2	vertical	jackal	Top Gunner (US, 8-way Joystick)	1986	Konami
tophuntr	Beat 'em up	2	horizontal		Top Hunter - Roddy & Cathy (NGM-046)	1994	SNK
tophuntrh	Beat 'em up	2	horizontal	tophuntr	Top Hunter - Roddy & Cathy (NGH-046)	1994	SNK
toppyrap	Platform	2	horizontal		Toppy & Rappy	1996	SemiCom
toprollr	Misc	2	vertical		Top Roller	1983	Jaleco
topsecex	Action	1	horizontal		Top Secret (Exidy) (version 1.0)	1986	Exidy
topsecrt	Platform / Run & gun	2	horizontal	bionicc	Top Secret (Japan, old revision)	1987	Capcom
topsecrt2	Platform / Run & gun	2	horizontal	bionicc	Top Secret (Japan, revision B)	1987	Capcom
topspeed	Racing	2	horizontal		Top Speed (World, rev 1)	1987	Taito Corporation Japan
topspeedu	Racing	2	horizontal	topspeed	Top Speed (US)	1987	Taito America Corporation (Romstar license)
toramich	Beat 'em up / Platform	2	horizontal	tigeroad	Tora e no Michi (Japan)	1987	Capcom
toride2g	Mahjong	2	horizontal		Toride II Adauchi Gaiden	1994	Metro
toride2gg	Mahjong	2	horizontal	toride2g	Toride II Adauchi Gaiden (German)	1994	Metro
toride2gk	Mahjong	2	horizontal	toride2g	Toride II Bok Su Oi Jeon Adauchi Gaiden (Korea)	1994	Metro
toride2j	Mahjong	2	horizontal	toride2g	Toride II (Japan, revision K)	1994	Metro
toride2ji	Mahjong	2	horizontal	toride2g	Toride II (Japan, revision I)	1994	Metro
toryumon	Puzzle	2	horizontal		Toryumon	1994	Sega
toryumondx	Puzzle	2	horizontal	toryumon	Toryumon DX	2023	hack (bankbank)
totc	Platform	2	horizontal		Treasure of the Caribbean	2011	FACE Corporation / N.C.I - Le Cortex
totcarn	Run & gun	4	horizontal		Total Carnage (rev LA1 03/10/92)	1992	Midway
totcarnp1	Run & gun	4	horizontal	totcarn	Total Carnage (prototype, proto v 1.0 01/25/92)	1992	Midway
totcarnp2	Run & gun	4	horizontal	totcarn	Total Carnage (prototype, proto v 2.0 02/10/92)	1992	Midway
toto	Platform	2	horizontal		Come Back Toto	1996	SoftClub
toucheme	Action / Maze	2	vertical		Touche Me (set 1)	19??	<unknown>
touchemea	Action / Maze	2	vertical	toucheme	Touche Me (set 2, harder)	19??	<unknown>
touchgo	Sports	4	horizontal		Touch and Go (World, checksum 059D0235)	1996	Gaelco
touchgoa	Sports	4	horizontal	touchgo	Touch and Go (World, checksum 05A0C7FB)	1995	Gaelco
touchgona	Sports	4	horizontal	touchgo	Touch and Go (North America, checksum 05737572)	1995	Gaelco
touchgonna	Sports	4	horizontal	touchgo	Touch and Go (non North America, checksum 056533F0)	1995	Gaelco
touchgonnaa	Sports	4	horizontal	touchgo	Touch and Go (non North America, checksum 056C2336)	1995	Gaelco
touchgonnab	Sports	4	horizontal	touchgo	Touch and Go (non North America, checksum 056C138F)	1995	Gaelco
touchgonnac	Sports	4	horizontal	touchgo	Touch and Go (non North America, checksum 056AA304)	1995	Gaelco
touchgoun	Sports	4	horizontal	touchgo	Touch and Go (unprotected, checksum 059CC336)	1995	Gaelco
toutrun	Racing	2	horizontal		Turbo Out Run (Out Run upgrade) (FD1094 317-0118)	1989	Sega
toutrun1	Racing	2	horizontal	toutrun	Turbo Out Run (deluxe cockpit) (FD1094 317-0109)	1989	Sega
toutrun2	Racing	2	horizontal	toutrun	Turbo Out Run (cockpit) (FD1094 317-0106)	1989	Sega
toutrun2d	Racing	2	horizontal	toutrun	Turbo Out Run (cockpit) (bootleg of FD1094 317-0106 set)	1989	bootleg
toutrun3	Racing	2	horizontal	toutrun	Turbo Out Run (cockpit) (FD1094 317-0107)	1989	Sega
toutrun3d	Racing	2	horizontal	toutrun	Turbo Out Run (cockpit) (bootleg of FD1094 317-0107 set)	1989	bootleg
toutrund	Racing	2	horizontal	toutrun	Turbo Out Run (Out Run upgrade) (bootleg of FD1094 317-0118 set)	1989	bootleg
toutrunj	Racing	2	horizontal	toutrun	Turbo Out Run (Japan, Out Run upgrade) (FD1094 317-0117)	1989	Sega
toutrunj1	Racing	2	horizontal	toutrun	Turbo Out Run (Japan, cockpit) (FD1094 317-0101)	1989	Sega
toutrunj1d	Racing	2	horizontal	toutrun	Turbo Out Run (Japan, cockpit) (bootleg of FD1094 317-0101 set)	1989	bootleg
toutrunjd	Racing	2	horizontal	toutrun	Turbo Out Run (Japan, Out Run upgrade) (bootleg of FD1094 317-0117 set)	1989	bootleg
toyland	Platform	2	horizontal		Toy Land Adventure	2001	SemiCom
toypop	Puzzle	2	horizontal		Toypop	1986	Namco
tp2m32	Puzzle	2	horizontal	tetrisp2	Tetris Plus 2 (ver 1.0, MegaSystem 32 Version)	1997	Jaleco
tp84	Vertical shooter	2	vertical		Time Pilot '84 (set 1)	1984	Konami
tp84a	Vertical shooter	2	vertical	tp84	Time Pilot '84 (set 2)	1984	Konami
tp84b	Vertical shooter	2	vertical	tp84	Time Pilot '84 (set 3)	1984	Konami
tpgolf	Sports	2	horizontal		Top Player's Golf (NGM-003 ~ NGH-003)	1990	SNK
trackfld	Sports	2	horizontal		Track & Field	1983	Konami
trackfldc	Sports	2	horizontal	trackfld	Track & Field (Centuri)	1983	Konami (Centuri license)
trackfldnz	Sports	2	horizontal	trackfld	Track & Field (NZ bootleg?)	1982	bootleg? (Goldberg Enterprizes Inc.)
trackfldu	Sports	2	horizontal	trackfld	Track & Field (Centuri, unencrypted)	1983	Konami (Centuri license)
trally	Racing	2	horizontal		Thrash Rally (ALM-003 ~ ALH-003)	1991	Alpha Denshi Co.
tranqgun	Maze	2	vertical		Tranquillizer Gun	1980	Sega
transfrm	Horizontal shooter	2	horizontal		Transformer	1986	Sega
trapeze	Action	2	horizontal		Trapeze / Trampoline	1978	Exidy / Taito
travrusa	Racing	2	vertical		Traverse USA / Zippy Race	1983	Irem
travrusab	Racing	2	vertical	travrusa	Traverse USA (bootleg, set 1)	1983	bootleg (I.P.)
travrusab2	Racing	2	vertical	travrusa	Traverse USA (bootleg, set 2)	1983	bootleg
trckydoc	Platform	2	horizontal		Tricky Doc (set 1)	1987	Tecfri
trckydoca	Platform	2	horizontal	trckydoc	Tricky Doc (set 2)	1987	Tecfri
treahunt	Maze	2	vertical	jack	Treasure Hunt	1982	Hara Industries
tricktrp	Run & gun	2	vertical		Trick Trap (World?)	1987	Konami
trigon	Vertical shooter	2	vertical	lgtnfght	Trigon (Japan)	1990	Konami
trikitri	Maze	2	vertical	loverboy	Triki Triki (bootleg of Lover Boy)	1993	bootleg (DDT Enterprise Inc)
triothep	Beat 'em up	2	horizontal		Trio The Punch - Never Forget Me... (World)	1989	Data East Corporation
triothepj	Beat 'em up	2	horizontal	triothep	Trio The Punch - Never Forget Me... (Japan)	1989	Data East Corporation
triplep	Maze	2	vertical		Triple Punch (set 1)	1982	K.K. International
triplepa	Maze	2	vertical	triplep	Triple Punch (set 2)	1982	K.K. International
triplfun	Mini-games	2	horizontal	oisipuzl	Triple Fun	1993	bootleg
triplfunk	Mini-games	2	horizontal	oisipuzl	Sum-eoitneun Deongdalireul Chat-ara!	1993	bootleg (Jin Young)
tripool	Sports	2	vertical		Tri-Pool: 3-In-One (Casino Tech)	1981	Noma (Casino Tech license)
tripoola	Sports	2	vertical	tripool	Tri-Pool: 3-In-One (Coastal Games)	1981	Noma (Coastal Games license)
trisport	Sports	2	vertical		Tri-Sports	1989	Bally Midway
troangel	Sports / Action	2	horizontal		Tropical Angel	1983	Irem
trog	Maze	4	horizontal		Trog (rev LA5 3/29/91)	1990	Midway
trog3	Maze	4	horizontal	trog	Trog (rev LA3 2/14/91)	1990	Midway
trog3a	Maze	4	horizontal	trog	Trog (rev LA3 2/10/91)	1990	Midway
trog4	Maze	4	horizontal	trog	Trog (rev LA4 3/11/91)	1990	Midway
trogpa4	Maze	4	horizontal	trog	Trog (prototype, rev 4.00 7/27/90)	1990	Midway
trogpa5	Maze	4	horizontal	trog	Trog (prototype, rev PA5-PAC 8/28/90)	1990	Midway
trogpa6	Maze	4	horizontal	trog	Trog (prototype, rev PA6-PAC 9/09/90)	1990	Midway
trojan	Platform / Beat 'em up	2	horizontal		Trojan (US set 1)	1986	Capcom
trojana	Platform / Beat 'em up	2	horizontal	trojan	Trojan (US set 2)	1986	Capcom
trojanb	Platform / Beat 'em up	2	horizontal	trojan	Trojan (bootleg)	1986	bootleg
trojanj	Platform / Beat 'em up	2	horizontal	trojan	Tatakai no Banka (Japan)	1986	Capcom
trojanjo	Platform / Beat 'em up	2	horizontal	trojan	Tatakai no Banka (Japan, old ver.)	1986	Capcom
trojanlt	Platform / Beat 'em up	2	horizontal	trojan	Trojan (location test)	1986	Capcom
trojanr	Platform / Beat 'em up	2	horizontal	trojan	Trojan (Romstar, set 1)	1986	Capcom (Romstar license)
trojanra	Platform / Beat 'em up	2	horizontal	trojan	Trojan (Romstar, set 2)	1986	Capcom (Romstar license)
tron	Action	2	vertical		Tron (8/9)	1982	Bally Midway
tron2	Action	2	vertical	tron	Tron (6/25)	1982	Bally Midway
tron3	Action	2	vertical	tron	Tron (6/17)	1982	Bally Midway
tron4	Action	2	vertical	tron	Tron (6/15)	1982	Bally Midway
tron5	Action	2	vertical	tron	Tron (5/12)	1982	Bally Midway
tronger	Action	2	vertical	tron	Tron (Germany)	1982	Bally Midway
trophyh	Shooter	2	horizontal		Trophy Hunting - Bear & Moose V1.00	2002	Sammy USA Corporation
trstar	Fighting	2	horizontal		Top Ranking Stars (Ver 2.1O 1993/05/21) (New Version)	1993	Taito Corporation Japan
trstarj	Fighting	2	horizontal	trstar	Top Ranking Stars (Ver 2.1J 1993/05/21) (New Version)	1993	Taito Corporation
trstaro	Fighting	2	horizontal	trstar	Top Ranking Stars (Ver 2.1O 1993/05/21) (Old Version)	1993	Taito Corporation Japan
trstaroj	Fighting	2	horizontal	trstar	Top Ranking Stars (Ver 2.1J 1993/05/21) (Old Version)	1993	Taito Corporation
truxton	Vertical shooter	2	vertical		Truxton (Europe, US) / Tatsujin (Japan)	1988	Toaplan / Taito Corporation
truxton2	Vertical shooter	2	horizontal		Truxton II / Tatsujin Oh	1992	Toaplan
trvgns	Quiz	2	vertical	trvmstr	Trivia Genius	1985	bootleg
trvmstr	Quiz	2	vertical		Trivia Master (set 1)	1985	Enerdyne Technologies Inc.
trvmstra	Quiz	2	vertical	trvmstr	Trivia Master (set 2)	1985	Enerdyne Technologies Inc.
trvmstrb	Quiz	2	vertical	trvmstr	Trivia Master (set 3)	1985	Enerdyne Technologies Inc.
trvmstrc	Quiz	2	vertical	trvmstr	Trivia Master (set 4)	1985	Enerdyne Technologies Inc.
trvmstrd	Quiz	2	vertical	trvmstr	Trivia Master (set 5)	1985	Enerdyne Technologies Inc.
tsamurai	Beat 'em up	2	vertical		Samurai Nihon-Ichi (rev 1)	1985	Kaneko / Taito
tsamuraia	Beat 'em up	2	vertical	tsamurai	Samurai Nihon-Ichi	1985	Kaneko / Taito
tsamuraih	Beat 'em up	2	vertical	tsamurai	Samurai Nihon-Ichi (bootleg, harder)	1985	bootleg
tshingen	Beat 'em up	2	horizontal		Shingen Samurai-Fighter (Japan, English)	1988	Jaleco
tshingena	Beat 'em up	2	horizontal	tshingen	Takeda Shingen (Japan, Japanese)	1988	Jaleco
tst_galx	Vertical shooter	2	vertical	galaxian	Galaxian Test ROM	19??	<unknown>
tstrike	Horizontal shooter	2	horizontal		Thunder Strike (set 1)	1991	East Coast Coin Company
tstrikea	Horizontal shooter	2	horizontal	tstrike	Thunder Strike (set 2, older)	1991	The Game Room
ttfitter	Maze	2	vertical	roundup	T.T Fitter (Japan)	1981	Taito Corporation
ttmahjng	Mahjong	2	horizontal	jongpute	T.T Mahjong	1981	Alpha Denshi Co. (Taito license)
tturf	Beat 'em up	2	horizontal		Tough Turf (set 2, Japan) (8751 317-0104)	1989	Sega / Sunsoft
tturfu	Beat 'em up	2	horizontal	tturf	Tough Turf (set 1, US) (8751 317-0099)	1989	Sega / Sunsoft
tubeit	Breakout	2	horizontal	cachat	Tube-It	1993	bootleg
tubep	Vertical shooter	2	horizontal		Tube Panic	1984	Nichibutsu / Fujitek
tubepb	Vertical shooter	2	horizontal	tubep	Tube Panic (bootleg)	1984	bootleg
tumbleb	Platform	2	horizontal	tumblep	Tumble Pop (bootleg)	1991	bootleg
tumbleb2	Platform	2	horizontal	tumblep	Tumble Pop (bootleg with PIC)	1991	bootleg
tumblep	Platform	2	horizontal		Tumble Pop (World)	1991	Data East Corporation
tumblepj	Platform	2	horizontal	tumblep	Tumble Pop (Japan)	1991	Data East Corporation
turbo	Racing	2	vertical		Turbo (program 1513-1515)	1981	Sega
turboa	Racing	2	vertical	turbo	Turbo (encrypted, program 1262-1264)	1981	Sega
turbob	Racing	2	vertical	turbo	Turbo (encrypted, program 1363-1365 rev C)	1981	Sega
turbobl	Racing	2	vertical	turbo	Indianapolis (bootleg of Turbo)	1981	bootleg
turboc	Racing	2	vertical	turbo	Turbo (encrypted, program 1363-1365 rev B)	1981	Sega
turbod	Racing	2	vertical	turbo	Turbo (encrypted, program 1363-1365 rev A)	1981	Sega
turboe	Racing	2	vertical	turbo	Turbo (encrypted, program 1363-1365)	1981	Sega
turbofrc	Vertical shooter	3	vertical		Turbo Force (World, set 1)	1991	Video System Co.
turbofrco	Vertical shooter	3	vertical	turbofrc	Turbo Force (World, set 2)	1991	Video System Co.
turbofrcu	Vertical shooter	3	vertical	turbofrc	Turbo Force (US, set 1)	1991	Video System Co.
turbofrcua	Vertical shooter	3	vertical	turbofrc	Turbo Force (US, set 2)	1991	Video System Co.
turfmast	Sports	2	horizontal		Neo Turf Masters / Big Tournament Golf	1996	Nazca
turfmastsc	Sports	2	horizontal	turfmast	Neo Turf Masters / Big Tournament Golf: Scotland Course (Hack, v1.10)	2026	dericmiller
turkhunt	Shooter	1	horizontal		Turkey Hunting USA V1.00	2001	Sammy USA Corporation
turpin	Maze	2	vertical	turtles	Turpin	1981	Konami (Sega license)
turpins	Maze	2	vertical	turtles	Turpin (bootleg on Super Cobra hardware)	1981	bootleg
turtles	Maze	2	vertical		Turtles	1981	Konami (Stern Electronics license)
turtship	Horizontal shooter	2	horizontal		Turtle Ship (North America)	1988	Philko (Sharp Image license)
turtshipj	Horizontal shooter	2	horizontal	turtship	Turtle Ship (Japan)	1988	Philko (Pacific Games license)
turtshipk	Horizontal shooter	2	horizontal	turtship	Turtle Ship (Korea)	1988	Philko
turtshipkn	Horizontal shooter	2	horizontal	turtship	Turtle Ship (Korea, 88/9)	1988	Philko
turtshipko	Horizontal shooter	2	horizontal	turtship	Turtle Ship (Korea, older)	1988	Philko
tutankhm	Maze	4	vertical		Tutankham	1982	Konami
tutankhmb	Maze	4	vertical	tutankhm	Tutankham (bootleg)	1982	bootleg
tutankhms	Maze	4	vertical	tutankhm	Tutankham (Stern Electronics)	1982	Konami (Stern Electronics license)
twcup90	Football	2	horizontal		Tecmo World Cup '90 (World set 1)	1989	Tecmo
twcup90a	Football	2	horizontal	twcup90	Tecmo World Cup '90 (Europe set 1)	1989	Tecmo
twcup90b	Football	2	horizontal	twcup90	Tecmo World Cup '90 (Europe set 2)	1989	Tecmo
twcup90b1	Football	2	horizontal	twcup90	Euro League (Italian hack of Tecmo World Cup '90, set 1)	1989	bootleg
twcup90b2	Football	2	horizontal	twcup90	Worldcup '90 (hack)	1989	bootleg
twcup90b3	Football	2	horizontal	twcup90	Euro League (Italian hack of Tecmo World Cup '90, set 3)	1989	bootleg
twcup90b4	Football	2	horizontal	twcup90	World Cup '90 (hack, alt)	1989	bootleg
twcup90ba	Football	2	horizontal	twcup90	Euro League (Italian hack of Tecmo World Cup '90, set 2)	1989	bootleg
twcup90bb	Football	2	horizontal	twcup90	World Cup '90 (European hack, different title)	1989	bootleg
twcup90c	Football	2	horizontal	twcup90	Tecmo World Cup '90 (Europe set 3)	1989	Tecmo
twcup90t	Football	2	horizontal	twcup90	Tecmo World Cup '90 (trackball set 1)	1989	Tecmo
twinactn	Horizontal shooter	2	horizontal		Twin Action	1995	Afega
twinadv	Mini-games	2	horizontal		Twin Adventure (World)	1995	Barko Corp.
twinadvk	Mini-games	2	horizontal	twinadv	Twin Adventure (Korea)	1995	Barko Corp.
twinbee	Vertical shooter	2	vertical		TwinBee (ROM version)	1985	Konami
twinbrat	Maze	2	horizontal		Twin Brats (set 1)	1995	Elettronica Video-Games
twinbrata	Maze	2	horizontal	twinbrat	Twin Brats (set 2)	1995	Elettronica Video-Games
twinbratb	Maze	2	horizontal	twinbrat	Twin Brats (set 3)	1995	Elettronica Video-Games
twincobr	Vertical shooter	2	vertical		Twin Cobra (World)	1987	Toaplan / Taito Corporation
twincobru	Vertical shooter	2	vertical	twincobr	Twin Cobra (US)	1987	Toaplan / Taito America Corporation (Romstar license)
twineag2	Vertical shooter	2	vertical		Twin Eagle II - The Rescue Mission	1994	Seta
twineagl	Vertical shooter	2	vertical		Twin Eagle - Revenge Joe's Brother	1988	Seta (Taito license)
twinfalc	Horizontal shooter	2	horizontal		Twin Falcons	1989	Philko (Poara Enterprises license)
twinhawk	Vertical shooter	2	vertical		Twin Hawk (World)	1989	Taito Corporation Japan
twinhawku	Vertical shooter	2	vertical	twinhawk	Twin Hawk (US)	1989	Taito America Corporation
twinkle	Maze	2	horizontal		Twinkle (set 1)	1997	SemiCom / Tirano
twinklea	Maze	2	horizontal	twinkle	Twinkle (set 2)	1997	SemiCom / Tirano
twinqix	Puzzle	2	horizontal		Twin Qix (Ver 1.0A 1995/01/17, prototype)	1995	Taito America Corporation
twinqixjh	Puzzle	2	horizontal	twinqix	Twin Qix Japan (Ver 1.0A 1995/01/17) (Hack)	1995	hack
twinspri	Vertical shooter	2	horizontal		Twinkle Star Sprites	1996	ADK / SNK
twinsqua	Breakout	2	horizontal		Twin Squash	1991	Sega
twocrude	Platform / Beat 'em up	2	horizontal	cbuster	Two Crude (US FT revision 1)	1990	Data East USA
twocrudea	Platform / Beat 'em up	2	horizontal	cbuster	Two Crude (US FT version)	1990	Data East USA
twotiger	Shooter	2	horizontal		Two Tigers (dedicated)	1984	Bally Midway
twsoc96	Football	2	horizontal		Tecmo World Soccer '96	1996	Tecmo
tylz	Action	1	horizontal		Tylz (prototype)	1982	Mylstar
typhoon	Vertical shooter	2	vertical	ajax	Typhoon	1987	Konami
uballoon	Platform	2	horizontal		Ultra Balloon	1996	SunA (Unico license)
uccops	Beat 'em up	3	horizontal		Undercover Cops (World)	1992	Irem
uccopsar	Beat 'em up	3	horizontal	uccops	Undercover Cops - Alpha Renewal Version (World)	1992	Irem
uccopsaru	Beat 'em up	3	horizontal	uccops	Undercover Cops - Alpha Renewal Version (US)	1992	Irem America
uccopsj	Beat 'em up	3	horizontal	uccops	Undercover Cops (Japan)	1992	Irem
uccopsu	Beat 'em up	3	horizontal	uccops	Undercover Cops (US)	1992	Irem
uecology	Horizontal shooter	2	horizontal	ecofghtr	Ultimate Ecology (Japan 931203)	1993	Capcom
ufosensi	Platform	2	horizontal		Ufo Senshi Yohko Chan (MC-8123, 317-0064)	1988	Sega
ultennis	Sports	2	horizontal		Ultimate Tennis	1993	Art & Magic
ultennisj	Sports	2	horizontal	ultennis	Ultimate Tennis (v 1.4, Japan)	1993	Art & Magic (Banpresto license)
ultracin	Racing	2	horizontal		Waku Waku Ultraman Racing	1996	Sega
ultraman	Fighting	2	horizontal		Ultraman (Japan)	1991	Banpresto / Bandai
ultrax	Vertical shooter	2	vertical		Ultra X Weapons / Ultra Keibitai	1995	Banpresto / Tsuburaya Productions / Seta
ultraxg	Vertical shooter	2	vertical	ultrax	Ultra X Weapons / Ultra Keibitai (Gamest review build)	1995	Banpresto / Tsuburaya Productions / Seta
umanclub	Shooter	2	horizontal		Ultraman Club - Tatakae! Ultraman Kyoudai!!	1992	Banpresto
umk3	Fighting	2	horizontal		Ultimate Mortal Kombat 3 (rev 1.2)	1994	Midway
umk3p	Fighting	2	horizontal	umk3	Ultimate Mortal Kombat 3 Plus (Hack, Beta 2)	2022	Midway
umk3r10	Fighting	2	horizontal	umk3	Ultimate Mortal Kombat 3 (rev 1.0)	1994	Midway
umk3r11	Fighting	2	horizontal	umk3	Ultimate Mortal Kombat 3 (rev 1.1)	1994	Midway
umk3te	Fighting	2	horizontal	umk3	Ultimate Mortal Kombat 3 Tournament Edition (hack, V2.0.042/August 2018)	2018	Midway
umk3uk	Fighting	2	horizontal	umk3	Ultimate Mortal Kombat 3 Uk (FBNeo, Ver. 2021-07-20)	2021	hack
umk3w	Fighting	2	horizontal	umk3	Ultimate Mortal Kombat 3 WaveNet Edition (rev 2.03 04/01/97)	1997	Midway
umk3wp	Fighting	2	horizontal	umk3	Ultimate Mortal Kombat 3 WaveNet Edition + (Kano Transformations) (rev 2.03 04/01/97)	1997	Midway
unclepoo	Maze / Action	2	vertical		Uncle Poo	1983	Diatec
undrfire	Shooter	2	horizontal		Under Fire (World)	1993	Taito Corporation Japan
undrfirej	Shooter	2	horizontal	undrfire	Under Fire (Japan)	1993	Taito Corporation
undrfireu	Shooter	2	horizontal	undrfire	Under Fire (US)	1993	Taito America Corporation
uniwars	Vertical shooter	2	vertical		UniWar S	1980	Irem
uniwarsa	Vertical shooter	2	vertical	uniwars	UniWar S (bootleg)	1980	bootleg (Karateco)
unkpacg	Maze	2	horizontal		unknown 'Pac-Man' gambling game (set 1)	199?	<unknown>
unkpacga	Maze	2	horizontal	unkpacg	Pucman	199?	IDI SRL
unkpacgb	Maze	2	horizontal	unkpacg	unknown 'Pac-Man' gambling game (set 2)	199?	<unknown>
unkpacgc	Maze	2	horizontal	unkpacg	Coco Louco	1988	<unknown>
unkpacgd	Maze	2	horizontal	unkpacg	unknown 'Pac Man with cars' gambling game	1988	<unknown>
unksig	Maze	2	horizontal		unknown 'Space Invaders' gambling game (encrypted, set 1)	199?	<unknown>
unksiga	Maze	2	horizontal	unksig	unknown 'Space Invaders' gambling game (encrypted, set 2)	199?	<unknown>
unksigb	Maze	2	horizontal	unksig	unknown 'Space Invaders' gambling game (unencrypted)	199?	<unknown>
unsquad	Horizontal shooter	2	horizontal		U.N. Squadron (USA)	1989	Daipro (Capcom license)
uopoko	Puzzle	2	horizontal		Puzzle Uo Poko (World)	1998	Cave (Jaleco license)
uopokoj	Puzzle	2	horizontal	uopoko	Puzzle Uo Poko (Japan)	1998	Cave (Jaleco license)
upndown	Racing	2	vertical		Up'n Down (315-5030)	1983	Sega
upndownu	Racing	2	vertical	upndown	Up'n Down (not encrypted)	1983	Sega
usclssic	Sports	2	vertical		U.S. Classic	1989	Seta
usg182	Quiz	2	horizontal	usgames	Games V18.2	1989	U.S. Games, Inc.
usg185	Quiz	2	horizontal	usgames	Games V18.5	1990	U.S. Games, Inc.
usg187c	Quiz	2	horizontal	usgames	Games V18.7C	1991	U.S. Games, Inc.
usg211c	Quiz	2	horizontal	usgames	Games V21.1C	1991	U.S. Games, Inc.
usg251	Quiz	2	horizontal	usgames	Games V25.1	1991	U.S. Games, Inc.
usg32	Quiz	2	horizontal		Super Duper Casino (California V3.2)	1987	U.S. Games, Inc.
usg82	Quiz	2	horizontal	superten	Super Ten V8.2	1988	U.S. Games, Inc.
usg83x	Quiz	2	horizontal	superten	Super Ten V8.3X	1988	U.S. Games, Inc.
usgames	Quiz	2	horizontal		Games V25.4X	1992	U.S. Games, Inc.
utoukond	Fighting	2	horizontal		Ultra Toukon Densetsu (Japan)	1993	Banpresto
valkyrie	Beat 'em up	2	vertical		Valkyrie no Densetsu (Japan)	1989	Namco
valtric	Vertical shooter	2	vertical		Valtric	1986	NMK (Jaleco license)
vamphalf	Beat 'em up	2	horizontal		Vamf x1/2 (Europe, version 1.1.0908)	1999	Danbi / F2 System
vamphalfk	Beat 'em up	2	horizontal	vamphalf	Vamp x1/2 (Korea, version 1.1.0908)	1999	Danbi / F2 System
vamphalfr1	Beat 'em up	2	horizontal	vamphalf	Vamf x1/2 (Europe, version 1.0.0903)	1999	Danbi / F2 System
vampire	Maze	2	vertical		Vampire (prototype?)	1983	Entertainment Enterprises, Ltd.
vampj	Fighting	2	horizontal	dstlk	Vampire: The Night Warriors (Japan 940705)	1994	Capcom
vampja	Fighting	2	horizontal	dstlk	Vampire: The Night Warriors (Japan 940705 alt)	1994	Capcom
vampjbh	Fighting	2	horizontal	dstlk	Vampire: The Night Warriors (Enable hidden characters ver. 2006-05-31, Hack)	2006	Yumeji
vampjr1	Fighting	2	horizontal	dstlk	Vampire: The Night Warriors (Japan 940630)	1994	Capcom
vandyke	Beat 'em up	2	vertical		Vandyke (Japan)	1990	UPL
vandykeb	Beat 'em up	2	vertical	vandyke	Vandyke (bootleg with PIC16c57)	1990	bootleg
vandykejal	Beat 'em up	2	vertical	vandyke	Vandyke (Jaleco, set 1)	1990	UPL (Jaleco license)
vandykejal2	Beat 'em up	2	vertical	vandyke	Vandyke (Jaleco, set 2)	1990	UPL (Jaleco license)
vangrd2	Vertical shooter	2	vertical		Vanguard II	1984	SNK
vanguard	Horizontal shooter	2	vertical		Vanguard (SNK)	1981	SNK
vanguardc	Horizontal shooter	2	vertical	vanguard	Vanguard (Centuri)	1981	SNK (Centuri license)
vanguardg	Horizontal shooter	2	vertical	vanguard	Vanguard (Germany)	1981	SNK
vanguardj	Horizontal shooter	2	vertical	vanguard	Vanguard (Japan)	1981	SNK
vanvan	Maze / Action	2	vertical		Van-Van Car	1983	Sanritsu
vanvanb	Maze / Action	2	vertical	vanvan	Van-Van Car (Karateco, set 2)	1983	Sanritsu (Karateco license?)
vanvank	Maze / Action	2	vertical	vanvan	Van-Van Car (Karateco, set 1)	1983	Sanritsu (Karateco license?)
vaportra	Vertical shooter	2	vertical		Vapor Trail - Hyper Offence Formation (World revision 1)	1989	Data East Corporation
vaportra3	Vertical shooter	2	vertical	vaportra	Vapor Trail - Hyper Offence Formation (World revision 3?)	1989	Data East Corporation
vaportrau	Vertical shooter	2	vertical	vaportra	Vapor Trail - Hyper Offence Formation (US)	1989	Data East USA
varth	Vertical shooter	2	vertical		Varth: Operation Thunderstorm (World 920714)	1992	Capcom
varthb	Vertical shooter	2	vertical	varth	Varth: Operation Thunderstorm (bootleg, set 1)	1992	bootleg
varthb2	Vertical shooter	2	vertical	varth	Varth: Operation Thunderstorm (bootleg, set 2)	1992	bootleg
varthb3	Vertical shooter	2	vertical	varth	Varth: Operation Thunderstorm (bootleg, set 3)	1992	bootleg
varthj	Vertical shooter	2	vertical	varth	Varth: Operation Thunderstorm (Japan 920714)	1992	Capcom
varthjr	Vertical shooter	2	vertical	varth	Varth: Operation Thunderstorm (Japan Resale Ver. 920714)	1992	Capcom
varthr1	Vertical shooter	2	vertical	varth	Varth: Operation Thunderstorm (World 920612)	1992	Capcom
varthu	Vertical shooter	2	vertical	varth	Varth: Operation Thunderstorm (USA 920612)	1992	Capcom (Romstar license)
vasara	Vertical shooter	2	vertical		Vasara	2000	Visco
vasara2	Vertical shooter	2	vertical		Vasara 2 (set 1)	2001	Visco
vasara2a	Vertical shooter	2	vertical	vasara2	Vasara 2 (set 2)	2001	Visco
vastar	Horizontal shooter	2	vertical		Vastar (set 1)	1983	Orca (Sesame Japan license)
vastar2	Horizontal shooter	2	vertical	vastar	Vastar (set 2)	1983	Orca (Sesame Japan license)
vastar3	Horizontal shooter	2	vertical	vastar	Vastar (set 3)	1983	Orca (Sesame Japan license)
vastar4	Horizontal shooter	2	vertical	vastar	Vastar (set 4)	1983	Orca (Sesame Japan license)
vautour	Shooter	2	vertical	phoenix	Vautour (bootleg of Phoenix) (8085A CPU)	1980	bootleg (Jeutel)
vautourz	Shooter	2	vertical	phoenix	Vautour (bootleg of Phoenix) (Z80 CPU)	1980	bootleg
vautourza	Shooter	2	vertical	phoenix	Vautour (bootleg of Phoenix) (Z80 CPU, single PROM)	1980	bootleg (Jeutel)
vball	Sports	2	horizontal		U.S. Championship V'ball (US)	1988	Technos Japan
vball2pj	Sports	2	horizontal	vball	U.S. Championship V'ball (Japan)	1988	Technos Japan
vball2pjb	Sports	2	horizontal	vball	U.S. Championship V'ball (bootleg of Japan set)	1988	bootleg
vballb	Sports	2	horizontal	vball	U.S. Championship V'ball (bootleg of US set)	1988	bootleg
vblokbrk	Breakout	2	horizontal		VS Block Breaker (Europe)	1997	Kaneko / Mediaworks
vblokbrka	Breakout	2	horizontal	vblokbrk	VS Block Breaker (Asia)	1997	Kaneko / Mediaworks
vbowl	Sports	2	horizontal		Virtua Bowling (World, V101XCM)	1996	IGS
vbowlhk	Sports	2	horizontal	vbowl	Virtua Bowling (Hong Kong, V101HJS)	1996	IGS / Tai Tin Amusement
vbowlj	Sports	2	horizontal	vbowl	Virtua Bowling (Japan, V100JCM)	1996	IGS / Alta
vbrakout	Breakout / Vector	2	vertical	tempest	Vector Breakout [h]	1999	Clay Cowgill
vectrgal	Vertical shooter	2	vertical	galaxian	Galaxian (Vector Sim, Hack)	1998	T-Bone
vectrsup	Maze / Action	2	vertical	superpac	Super Pac-Man (Vector sim)	2000	hack (T-Bone)
vendetta	Beat 'em up	4	horizontal		Vendetta (World, 4 Players, ver. T)	1991	Konami
vendetta2pd	Beat 'em up	2	horizontal	vendetta	Vendetta (Asia, 2 Players, ver. D)	1991	Konami
vendetta2peba	Beat 'em up	2	horizontal	vendetta	Vendetta (World, 2 Players, ver. EB-A?)	1991	Konami
vendetta2pp	Beat 'em up	2	horizontal	vendetta	Crime Fighters 2 (Japan, 2 Players, ver. P)	1991	Konami
vendetta2pu	Beat 'em up	2	horizontal	vendetta	Vendetta (Asia, 2 Players, ver. U)	1991	Konami
vendetta2pun	Beat 'em up	2	horizontal	vendetta	Vendetta (World, 2 Players, ver. ?)	1991	Konami
vendetta2pw	Beat 'em up	2	horizontal	vendetta	Vendetta (World, 2 Players, ver. W)	1991	Konami
vendettan	Beat 'em up	2	horizontal	vendetta	Crime Fighters 2 (Japan, 4 Players, ver. N)	1991	Konami
vendettar	Beat 'em up	4	horizontal	vendetta	Vendetta (US, 4 Players, ver. R)	1991	Konami
vendettaun	Beat 'em up	4	horizontal	vendetta	Vendetta (World, 4 Players, ver. ?)	1991	Konami
vendettaz	Beat 'em up	4	horizontal	vendetta	Vendetta (Asia, 4 Players, ver. Z)	1991	Konami
venture	Maze / Run & gun	2	horizontal		Venture (version 5 set 1)	1981	Exidy
venture4	Maze / Run & gun	2	horizontal	venture	Venture (version 4)	1981	Exidy
venture5a	Maze / Run & gun	2	horizontal	venture	Venture (version 5 set 2)	1981	Exidy
venture5b	Maze / Run & gun	2	horizontal	venture	Venture (version 5 set 2, bootleg)	1981	bootleg
venus	Shooter	2	vertical	gyruss	Venus (bootleg of Gyruss)	1983	bootleg
verbena	Shooter	2	vertical	carnival	Verbena (bootleg of Carnival)	1980	bootleg (Cocamatic)
vfive	Vertical shooter	2	horizontal	grindstm	V-Five (Japan)	1993	Toaplan
vhunt2	Fighting	2	horizontal		Vampire Hunter 2: Darkstalkers Revenge (Japan 970929)	1997	Capcom
vhunt2d	Fighting	2	horizontal	vhunt2	Vampire Hunter 2: Darkstalkers Revenge (Japan 970913 Phoenix Edition) (bootleg)	1997	bootleg
vhunt2r1	Fighting	2	horizontal	vhunt2	Vampire Hunter 2: Darkstalkers Revenge (Japan 970913)	1997	Capcom
vhunt2te	Fighting	2	horizontal	vhunt2	Night Warriors 2: Darkstalkers Revenge (Hack, English RC1)	2026	Strygo
vhuntj	Fighting	2	horizontal	nwarr	Vampire Hunter: Darkstalkers' Revenge (Japan 950316)	1995	Capcom
vhuntjr1	Fighting	2	horizontal	nwarr	Vampire Hunter: Darkstalkers' Revenge (Japan 950307)	1995	Capcom
vhuntjr1s	Fighting	2	horizontal	nwarr	Vampire Hunter: Darkstalkers' Revenge (Japan 950307 stop version)	1995	Capcom
vhuntjr2	Fighting	2	horizontal	nwarr	Vampire Hunter: Darkstalkers' Revenge (Japan 950302)	1995	Capcom
victnine	Sports	2	horizontal		Victorious Nine	1984	Taito
victoryc	Shooter	2	vertical		Victory (Comsoft)	1982	Comsoft
victorycb	Shooter	2	vertical	victoryc	Victory (Comsoft) (bootleg)	1982	bootleg
victroad	Run & gun	2	vertical		Victory Road	1986	SNK
vidvince	Platform	1	horizontal		Video Vince and the Game Factory (prototype)	1984	Mylstar
viewpoin	Shooter	2	horizontal		Viewpoint	1992	Sammy / Aicom
viewpoinp	Shooter	2	horizontal	viewpoin	Viewpoint (prototype)	1992	Sammy / Aicom
vigilant	Beat 'em up	2	horizontal		Vigilante (World, Rev E)	1988	Irem
vigilanta	Beat 'em up	2	horizontal	vigilant	Vigilante (World, Rev A)	1988	Irem
vigilantb	Beat 'em up	2	horizontal	vigilant	Vigilante (US, Rev B)	1988	Irem (Data East license)
vigilantbl	Beat 'em up	2	horizontal	vigilant	Vigilante (bootleg)	1988	bootleg
vigilantc	Beat 'em up	2	horizontal	vigilant	Vigilante (World, Rev C)	1988	Irem
vigilantd	Beat 'em up	2	horizontal	vigilant	Vigilante (Japan, Rev D)	1988	Irem
vigilantg	Beat 'em up	2	horizontal	vigilant	Vigilante (US, Rev G)	1988	Irem (Data East license)
vigilanto	Beat 'em up	2	horizontal	vigilant	Vigilante (US)	1988	Irem (Data East license)
vimana	Vertical shooter	2	vertical		Vimana (World, rev A)	1991	Toaplan
vimanaj	Vertical shooter	2	vertical	vimana	Vimana (Japan)	1991	Toaplan
vimanan	Vertical shooter	2	vertical	vimana	Vimana (World)	1991	Toaplan
vindctr2	Shooter	2	horizontal		Vindicators Part II (rev 3)	1988	Atari Games
vindctr2r1	Shooter	2	horizontal	vindctr2	Vindicators Part II (rev 1)	1988	Atari Games
vindctr2r2	Shooter	2	horizontal	vindctr2	Vindicators Part II (rev 2)	1988	Atari Games
vindictr	Shooter	4	horizontal		Vindicators (rev 5)	1988	Atari Games
vindictr1	Shooter	4	horizontal	vindictr	Vindicators (rev 1)	1988	Atari Games
vindictr2	Shooter	4	horizontal	vindictr	Vindicators (rev 2)	1988	Atari Games
vindictr4	Shooter	4	horizontal	vindictr	Vindicators (rev 4)	1988	Atari Games
vindictre	Shooter	4	horizontal	vindictr	Vindicators (Europe, rev 5)	1988	Atari Games
vindictre3	Shooter	4	horizontal	vindictr	Vindicators (Europe, rev 3)	1988	Atari Games
vindictre4	Shooter	4	horizontal	vindictr	Vindicators (Europe, rev 4)	1988	Atari Games
vindictrg	Shooter	4	horizontal	vindictr	Vindicators (German, rev 1)	1988	Atari Games
viofight	Fighting	2	horizontal		Violence Fight (World)	1989	Taito Corporation Japan
viofightj	Fighting	2	horizontal	viofight	Violence Fight (Japan)	1989	Taito Corporation
viofightu	Fighting	2	horizontal	viofight	Violence Fight (US)	1989	Taito America Corporation
violentv	Fighting	2	horizontal		Violent Vengeance: The Universe Hero (Beta 3.28, FEB 1 2026)	2026	Balek Corp.
viostorm	Beat 'em up	3	horizontal		Violent Storm (ver EAC)	1993	Konami
viostorma	Beat 'em up	3	horizontal	viostorm	Violent Storm (ver AAC)	1993	Konami
viostormab	Beat 'em up	3	horizontal	viostorm	Violent Storm (ver AAB)	1993	Konami
viostormeb	Beat 'em up	3	horizontal	viostorm	Violent Storm (ver EAB)	1993	Konami
viostormj	Beat 'em up	3	horizontal	viostorm	Violent Storm (ver JAC)	1993	Konami
viostormu	Beat 'em up	3	horizontal	viostorm	Violent Storm (ver UAC)	1993	Konami
viostormub	Beat 'em up	3	horizontal	viostorm	Violent Storm (ver UAB)	1993	Konami
viostormubbl	Beat 'em up	3	horizontal	viostorm	Violent Storm (ver UAB, bootleg)	1993	bootleg (Eye Pro)
viprp1	Vertical shooter	2	vertical		Viper Phase 1 (New Version, World)	1995	Seibu Kaihatsu
viprp1h	Vertical shooter	2	vertical	viprp1	Viper Phase 1 (New Version, Holland)	1995	Seibu Kaihatsu
viprp1hk	Vertical shooter	2	vertical	viprp1	Viper Phase 1 (Hong Kong)	1995	Seibu Kaihatsu (Metrotainment license)
viprp1j	Vertical shooter	2	vertical	viprp1	Viper Phase 1 (New Version, Japan)	1995	Seibu Kaihatsu
viprp1k	Vertical shooter	2	vertical	viprp1	Viper Phase 1 (New Version, Korea)	1995	Seibu Kaihatsu (Dream Island license)
viprp1oj	Vertical shooter	2	vertical	viprp1	Viper Phase 1 (Japan)	1995	Seibu Kaihatsu
viprp1ot	Vertical shooter	2	vertical	viprp1	Viper Phase 1 (Germany)	1995	Seibu Kaihatsu (Tuning license)
viprp1pt	Vertical shooter	2	vertical	viprp1	Viper Phase 1 (New Version, Portugal)	1995	Seibu Kaihatsu
viprp1s	Vertical shooter	2	vertical	viprp1	Viper Phase 1 (New Version, Switzerland)	1995	Seibu Kaihatsu
viprp1t	Vertical shooter	2	vertical	viprp1	Viper Phase 1 (New Version, Germany)	1995	Seibu Kaihatsu (Tuning license)
viprp1u	Vertical shooter	2	vertical	viprp1	Viper Phase 1 (New Version, US set 1)	1995	Seibu Kaihatsu (Fabtek license)
viprp1ua	Vertical shooter	2	vertical	viprp1	Viper Phase 1 (New Version, US set 2)	1995	Seibu Kaihatsu (Fabtek license)
vliner	Casino	2	horizontal		V-Liner (v0.7a)	2001	Dyna / BrezzaSoft
vliner53	Casino	2	horizontal	vliner	V-Liner (v0.53)	2001	Dyna / BrezzaSoft
vliner54	Casino	2	horizontal	vliner	V-Liner (v0.54)	2001	Dyna / BrezzaSoft
vliner6e	Casino	2	horizontal	vliner	V-Liner (v0.6e)	2001	Dyna / BrezzaSoft
vliner7e	Casino	2	horizontal	vliner	V-Liner (v0.7e)	2001	Dyna / BrezzaSoft
vmetal	Vertical shooter	2	vertical		Varia Metal	1995	Excellent System
vmetaln	Vertical shooter	2	vertical	vmetal	Varia Metal (New Ways Trading Co.)	1995	Excellent System (New Ways Trading Co. license)
volfied	Puzzle	2	vertical		Volfied (World, rev 1)	1989	Taito Corporation Japan
volfiedj	Puzzle	2	vertical	volfied	Volfied (Japan, rev 1)	1989	Taito Corporation
volfiedjo	Puzzle	2	vertical	volfied	Volfied (Japan)	1989	Taito Corporation
volfiedo	Puzzle	2	vertical	volfied	Volfied (World)	1989	Taito Corporation Japan
volfiedu	Puzzle	2	vertical	volfied	Volfied (US, rev 1)	1989	Taito America Corporation
volfieduo	Puzzle	2	vertical	volfied	Volfied (US)	1989	Taito America Corporation
vpool	Sports	2	vertical	hustler	Video Pool (bootleg on Moon Cresta hardware)	1981	bootleg
vs10yard	Sports	2	horizontal	10yard	Vs 10-Yard Fight (World, 11/05/84)	1984	Irem
vs10yardj	Sports	2	horizontal	10yard	Vs 10-Yard Fight (Japan)	1984	Irem
vs10yardu	Sports	2	horizontal	10yard	Vs 10-Yard Fight (US, Taito license)	1984	Irem (Taito license)
vsav	Fighting	2	horizontal		Vampire Savior: The Lord of Vampire (Europe 970519)	1997	Capcom
vsav2	Fighting	2	horizontal		Vampire Savior 2: The Lord of Vampire (Japan 970913)	1997	Capcom
vsav2d	Fighting	2	horizontal	vsav2	Vampire Savior 2: The Lord of Vampire (Japan 970913 Phoenix Edition) (bootleg)	1997	bootleg
vsav2te	Fighting	2	horizontal	vsav2	Vampire Savior 2: The Lord of Vampire (Hack, English RC1)	2026	Strygo
vsava	Fighting	2	horizontal	vsav	Vampire Savior: The Lord of Vampire (Asia 970519)	1997	Capcom
vsavb	Fighting	2	horizontal	vsav	Vampire Savior: The Lord of Vampire (Brazil 970519)	1997	Capcom
vsavd	Fighting	2	horizontal	vsav	Vampire Savior: The Lord of Vampire (Europe 970519 Phoenix Edition) (bootleg)	1997	bootleg
vsavh	Fighting	2	horizontal	vsav	Vampire Savior: The Lord of Vampire (Hispanic 970519)	1997	Capcom
vsavj	Fighting	2	horizontal	vsav	Vampire Savior: The Lord of Vampire (Japan 970519)	1997	Capcom
vsavu	Fighting	2	horizontal	vsav	Vampire Savior: The Lord of Vampire (USA 970519)	1997	Capcom
vsgongf	Sports	2	vertical		VS Gong Fight	1984	Kaneko
vshoot	Football	2	horizontal		J-League Soccer V-Shoot (Japan)	1994	Namco
vueloesp	Vertical shooter	2	vertical	uniwars	Vuelo Espacial (Spanish bootleg of UniWar S)	1980	bootleg (Centromatic)
vulcan	Horizontal shooter	2	horizontal		Vulcan Venture (new)	1988	Konami
vulcana	Horizontal shooter	2	horizontal	vulcan	Vulcan Venture (old)	1988	Konami
vulcanb	Horizontal shooter	2	horizontal	vulcan	Vulcan Venture (older)	1988	Konami
vulgus	Vertical shooter	2	vertical		Vulgus (set 1)	1984	Capcom
vulgusa	Vertical shooter	2	vertical	vulgus	Vulgus (set 2)	1984	Capcom
vulgusj	Vertical shooter	2	vertical	vulgus	Vulgus (Japan?)	1984	Capcom
wacko	Shooter / Action	2	horizontal		Wacko	1982	Bally Midway
wakuw7jq	Fighting	2	horizontal	wakuwak7	Waku Waku 7 (Enhanced, Hack)	2023	hack
wakuwak7	Fighting	2	horizontal		Waku Waku 7	1996	Sunsoft
wakuwak7bh	Fighting	2	horizontal	wakuwak7	Waku Waku 7 (Boss Hack)	1996	hack
wallc	Breakout	1	horizontal		Wall Crash (set 1)	1984	Midcoin
wallca	Breakout	1	horizontal	wallc	Wall Crash (set 2)	1984	Midcoin
wanted	Shooter	2	vertical		Wanted	1984	Sigma Enterprises Inc.
wardner	Platform	2	horizontal		Wardner (World)	1987	Toaplan / Taito Corporation Japan
wardnerb	Platform	2	horizontal	wardner	Wardner (World, bootleg)	1987	bootleg
wardnerj	Platform	2	horizontal	wardner	Wardner no Mori (Japan)	1987	Toaplan / Taito Corporation
wardnerjb	Platform	2	horizontal	wardner	Wardner no Mori (Japan, bootleg)	1987	bootleg
warlords	Action	2	horizontal		Warlords	1980	Atari
warofbug	Vertical shooter	2	vertical		War of the Bugs or Monsterous Manouvers in a Mushroom Maze	1981	Armenia / Food and Fun Corp
warofbugu	Vertical shooter	2	vertical	warofbug	War of the Bugs or Monsterous Manouvers in a Mushroom Maze (US)	1981	Armenia / Super Video Games
warpsped	Misc	2	horizontal		Warp Speed (prototype)	1979?	Meadows Games, Inc.
warpwarp	Shooter / Maze	2	vertical		Warp & Warp	1981	Namco
warpwarpr	Shooter / Maze	2	vertical	warpwarp	Warp Warp (Rock-Ola set 1)	1981	Namco (Rock-Ola license)
warpwarpr2	Shooter / Maze	2	vertical	warpwarp	Warp Warp (Rock-Ola set 2)	1981	Namco (Rock-Ola license)
warriorb	Beat 'em up	2	horizontal		Warrior Blade - Rastan Saga Episode III (Japan)	1991	Taito Corporation
warzard	Fighting	2	horizontal	redearth	Warzard (Japan 961121)	1996	Capcom
warzardr1	Fighting	2	horizontal	redearth	Warzard (Japan 961023)	1996	Capcom
waterski	Racing	2	vertical		Water Ski	1983	Taito Corporation
watrball	Puzzle	2	horizontal		Water Balls	1996	ABM
wavybug	Maze / Action	2	vertical	lazybug	Wavy Bug	1981	David Widel
wb3	Platform	2	horizontal		Wonder Boy III - Monster Lair (set 6, World, System 16B) (8751 317-0098)	1988	Sega / Westone
wb31	Platform	2	horizontal	wb3	Wonder Boy III - Monster Lair (set 1, Japan, System 16A) (FD1094 317-0084)	1988	Sega / Westone
wb31d	Platform	2	horizontal	wb3	Wonder Boy III - Monster Lair (set 1, Japan, System 16A) (bootleg of FD1094 317-0084 set)	1988	bootleg
wb32	Platform	2	horizontal	wb3	Wonder Boy III - Monster Lair (set 2, Japan, System 16B) (FD1094 317-0085)	1988	Sega / Westone
wb32d	Platform	2	horizontal	wb3	Wonder Boy III - Monster Lair (set 2, Japan, System 16B) (bootleg of FD1094 317-0085 set)	1988	bootleg
wb33	Platform	2	horizontal	wb3	Wonder Boy III - Monster Lair (set 3, World, System 16B) (FD1094 317-0089)	1988	Sega / Westone
wb33d	Platform	2	horizontal	wb3	Wonder Boy III - Monster Lair (set 3, World, System 16B) (bootleg of FD1094 317-0089 set)	1988	bootleg
wb34	Platform	2	horizontal	wb3	Wonder Boy III - Monster Lair (set 4, Japan, System 16B) (FD1094 317-0087)	1988	Sega / Westone
wb34d	Platform	2	horizontal	wb3	Wonder Boy III - Monster Lair (set 4, Japan, System 16B) (bootleg of FD1094 317-0087 set)	1988	bootleg
wb35	Platform	2	horizontal	wb3	Wonder Boy III - Monster Lair (set 5, Japan, System 16A) (FD1089A 317-0086)	1988	Sega / Westone
wb35d	Platform	2	horizontal	wb3	Wonder Boy III - Monster Lair (set 5, Japan, System 16A) (bootleg of FD1089A 317-0086 set)	1988	bootleg
wbdeluxe	Platform	2	horizontal	wboy	Wonder Boy Deluxe	1986	hack (Vision Electronics)
wbeachvl	Sports	4	horizontal		World Beach Volley (set 1, PIC16C57 audio CPU)	1995	Playmark
wbeachvl2	Sports	4	horizontal	wbeachvl	World Beach Volley (set 2)	1995	Playmark
wbeachvl3	Sports	4	horizontal	wbeachvl	World Beach Volley (set 3)	1995	Playmark
wbml	Platform	2	horizontal		Wonder Boy: Monster Land (Japan New Ver., MC-8123, 317-0043)	1987	Sega / Westone
wbmlb	Platform	2	horizontal	wbml	Wonder Boy: Monster Land (English bootleg set 1)	1987	bootleg
wbmlb2	Platform	2	horizontal	wbml	Wonder Boy: Monster Land (English bootleg set 4)	1987	bootleg
wbmlbg	Platform	2	horizontal	wbml	Wonder Boy: Monster Land (English bootleg set 2)	1987	bootleg (Galaxy Electronics)
wbmlbge	Platform	2	horizontal	wbml	Wonder Boy: Monster Land (English bootleg set 3)	1987	bootleg (Gecas)
wbmld	Platform	2	horizontal	wbml	Wonder Boy: Monster Land (decrypted bootleg of Japan New Ver., MC-8123, 317-0043)	1987	bootleg (mpatou)
wbmlh	Platform	2	horizontal	wbml	Wonder Boy: Monster Land (English, difficulty hack)	1987	bootleg
wbmljb	Platform	2	horizontal	wbml	Wonder Boy: Monster Land (Japan bootleg)	1987	bootleg
wbmljo	Platform	2	horizontal	wbml	Wonder Boy: Monster Land (Japan Old Ver., MC-8123, 317-0043)	1987	Sega / Westone
wbmljod	Platform	2	horizontal	wbml	Wonder Boy: Monster Land (decrypted bootleg of Japan Old Ver., MC-8123, 317-0043)	1987	bootleg (mpatou)
wbmlvc	Platform	2	horizontal	wbml	Wonder Boy: Monster Land (English, Virtual Console)	2009	Sega
wbmlvcd	Platform	2	horizontal	wbml	Wonder Boy: Monster Land (decrypted bootleg of English, Virtual Console release)	2009	bootleg (mpatou)
wboy	Platform	2	horizontal		Wonder Boy (set 1, 315-5177)	1986	Escape (Sega license)
wboy2	Platform	2	horizontal	wboy	Wonder Boy (set 2, 315-5178)	1986	Escape (Sega license)
wboy2u	Platform	2	horizontal	wboy	Wonder Boy (set 2, not encrypted)	1986	Escape (Sega license)
wboy3	Platform	2	horizontal	wboy	Wonder Boy (set 3, 315-5135)	1986	Escape (Sega license)
wboy4	Platform	2	horizontal	wboy	Wonder Boy (315-5162, 4-D Warriors Conversion)	1986	Escape (Sega license)
wboy5	Platform	2	horizontal	wboy	Wonder Boy (set 5, bootleg)	1986	bootleg
wboy6	Platform	2	horizontal	wboy	Wonder Boy (set 6, 315-5179)	1986	Escape (Sega license)
wboyblt	Platform	2	horizontal	wboy	Wonder Boy (Tecfri bootleg)	1986	bootleg (Tecfri)
wboyo	Platform	2	horizontal	wboy	Wonder Boy (set 2, 315-5135)	1986	Escape (Sega license)
wboysys2	Platform	2	horizontal	wboy	Wonder Boy (system 2, set 1, 315-5177)	1986	Escape (Sega license)
wboysys2a	Platform	2	horizontal	wboy	Wonder Boy (system 2, set 2, 315-5176)	1986	Escape (Sega license)
wboyu	Platform	2	horizontal	wboy	Wonder Boy (prototype?)	1986	Escape (Sega license)
wboyub	Platform	2	horizontal	wboy	Wonder Boy (US bootleg)	1986	bootleg
wcbowl	Sports	4	horizontal		World Class Bowling (v1.66)	1995	Incredible Technologies
wcbowl10	Sports	4	horizontal	wcbowl	World Class Bowling (v1.0)	1995	Incredible Technologies
wcbowl11	Sports	4	horizontal	wcbowl	World Class Bowling (v1.1)	1995	Incredible Technologies
wcbowl12	Sports	4	horizontal	wcbowl	World Class Bowling (v1.2)	1995	Incredible Technologies
wcbowl13	Sports	4	horizontal	wcbowl	World Class Bowling (v1.3)	1995	Incredible Technologies
wcbowl130	Sports	4	horizontal	wcbowl	World Class Bowling Tournament (v1.30)	1997	Incredible Technologies
wcbowl13j	Sports	4	horizontal	wcbowl	World Class Bowling (v1.3J, Japan)	1995	Incredible Technologies (Excellent System Ltd. license)
wcbowl14	Sports	4	horizontal	wcbowl	World Class Bowling (v1.4)	1995	Incredible Technologies
wcbowl140	Sports	4	horizontal	wcbowl	World Class Bowling Tournament (v1.40)	1997	Incredible Technologies
wcbowl15	Misc	2	horizontal	wcbowl	World Class Bowling (v1.5)	1995	Incredible Technologies
wcbowl16	Sports	4	horizontal	wcbowl	World Class Bowling (v1.6)	1995	Incredible Technologies
wcbowl161	Sports	4	horizontal	wcbowl	World Class Bowling (v1.61)	1995	Incredible Technologies
wcbowl165	Sports	4	horizontal	wcbowl	World Class Bowling (v1.65)	1995	Incredible Technologies
wcbowldx	Sports	4	horizontal	wcbowl	World Class Bowling Deluxe (v2.00)	1999	Incredible Technologies
wcvol95	Sports	2	horizontal		World Cup Volley '95 (Asia v1.0)	1995	Data East Corporation
wcvol95j	Sports	2	horizontal	wcvol95	World Cup Volley '95 (Japan v1.0)	1995	Data East Corporation
wcvol95x	Sports	2	horizontal	wcvol95	World Cup Volley '95 Extra Version (Asia v2.0B)	1995	Data East Corporation
wecleman	Racing	2	horizontal		WEC Le Mans 24 (v2.01)	1986	Konami
weclemana	Racing	2	horizontal	wecleman	WEC Le Mans 24 (v2.00)	1986	Konami
weclemanb	Racing	2	horizontal	wecleman	WEC Le Mans 24 (v2.00, hack)	1988	hack
weclemanc	Racing	2	horizontal	wecleman	WEC Le Mans 24 (v1.26)	1986	Konami
welltris	Puzzle	2	horizontal		Welltris (World?, 2 players)	1991	Video System Co.
welltrisj	Puzzle	2	horizontal	welltris	Welltris (Japan, 2 players)	1991	Video System Co.
wexpress	Beat 'em up	2	horizontal	exprraid	Western Express (Japan, rev 4)	1986	Data East Corporation
wexpressb1	Beat 'em up	2	horizontal	exprraid	Western Express (bootleg set 1)	1986	bootleg
wexpressb2	Beat 'em up	2	horizontal	exprraid	Western Express (bootleg set 2)	1986	bootleg
wexpressb3	Beat 'em up	2	horizontal	exprraid	Western Express (bootleg set 3)	1986	bootleg
wfortune	Misc	3	horizontal		Wheel Of Fortune (set 1)	1989	GameTek
wfortunea	Misc	3	horizontal	wfortune	Wheel Of Fortune (set 2)	1989	GameTek
wh1	Fighting	2	horizontal		World Heroes (ALM-005)	1992	Alpha Denshi Co.
wh1h	Fighting	2	horizontal	wh1	World Heroes (ALH-005)	1992	Alpha Denshi Co.
wh1ha	Fighting	2	horizontal	wh1	World Heroes (set 3)	1992	Alpha Denshi Co.
wh2	Fighting	2	horizontal		World Heroes 2 (ALM-006 ~ ALH-006)	1993	ADK
wh2es	Fighting	2	horizontal	wh2	World Heroes 2 (Easy Special Attacks, Hack)	1993	hack
wh2h	Fighting	2	horizontal	wh2	World Heroes 2 (ALH-006)	1993	ADK
wh2j	Fighting	2	horizontal		World Heroes 2 Jet (ADM-007 ~ ADH-007)	1994	ADK / SNK
wh2ja	Fighting	2	horizontal	wh2j	World Heroes 2 Jet (ADM-007)	1994	ADK / SNK
wh2jes	Fighting	2	horizontal	wh2j	World Heroes 2 Jet (Easy Special Attacks, Hack)	1994	hack
wheelrun	Racing	2	horizontal		Wheels Runner	19??	International Games
whizz	Horizontal shooter	2	horizontal	twinfalc	Whizz	1989	Philko
whodunit	Shooter	2	horizontal		Who Dunit (version 9.0)	1988	Exidy
whodunit8	Shooter	2	horizontal	whodunit	Who Dunit (version 8.0)	1988	Exidy
whoopee	Platform	2	horizontal	pipibibs	Pipi & Bibis / Whoopee!! (Teki Paki hardware)	1991	Toaplan
whp	Fighting	2	horizontal		World Heroes Perfect	1995	ADK / SNK
whpjq	Fighting	2	horizontal	whp	World Heroes Perfect (Enhanced, Hack)	2023	hack
wiggie	Breakout	2	vertical		Wiggie Waggie	1994	Promat
wildfang	Beat 'em up	2	horizontal		Wild Fang / Tecmo Knight (World?)	1989	Tecmo
wildfangh	Beat 'em up	2	horizontal	wildfang	Wild Fang (1991 year hack)	1991	Tecmo
wildfangs	Beat 'em up	2	horizontal	wildfang	Wild Fang (Japan)	1989	Tecmo
wildplt	Shooter	2	horizontal		Wild Pilot	1992	Jaleco
willow	Platform / Run & gun	2	horizontal		Willow (World)	1989	Capcom
willowbr	Platform	2	horizontal	willow	Willow (Hack, Portuguese-BR Translation, v1.06)	2019	hack (Antigeno)
willowj	Platform / Run & gun	2	horizontal	willow	Willow (Japan)	1989	Capcom
willowu	Platform / Run & gun	2	horizontal	willow	Willow (USA)	1989	Capcom
willowuo	Platform / Run & gun	2	horizontal	willow	Willow (USA Old Ver.)	1989	Capcom
wilytowr	Platform	2	horizontal		Wily Tower	1984	Irem
wingforc	Horizontal shooter	2	vertical		Wing Force (Japan, prototype)	1993	A.I (Atlus license)
wink	Ball & paddle	2	horizontal		Wink (set 1)	1985	Midcoin
winka	Ball & paddle	2	horizontal	wink	Wink (set 2)	1985	Midcoin
wintbob	Platform	2	horizontal	snowbros	The Winter Bobble (bootleg of Snow Bros.)	1990	bootleg (Sakowa Project Korea)
wiping	Maze	2	vertical		Wiping	1982	Nichibutsu
wits	Maze	4	horizontal		Wit's (Japan)	1989	Athena (Visco license)
wivernwg	Vertical shooter	2	vertical		Wivern Wings	2001	SemiCom
wiz	Platform	2	vertical		Wiz	1985	Seibu Kaihatsu
wizdfire	Beat 'em up	2	horizontal		Wizard Fire (Over Sea v2.1)	1992	Data East Corporation
wizdfirea	Beat 'em up	2	horizontal	wizdfire	Wizard Fire (Over Sea v1.0)	1992	Data East Corporation
wizdfireu	Beat 'em up	2	horizontal	wizdfire	Wizard Fire (US v1.1)	1992	Data East Corporation
wizt	Platform	2	vertical	wiz	Wiz (Taito, set 1)	1985	Seibu Kaihatsu (Taito license)
wizta	Platform	2	vertical	wiz	Wiz (Taito, set 2)	1985	Seibu Kaihatsu (Taito license)
wizwarz	Shooter	1	horizontal		Wiz Warz (prototype)	1984	Mylstar
wjammeb	Sports	2	horizontal	wjammers	Windjammers / Flying Power Disc (Endless Breeze, Hack, v1.1.0)	2025-26	Boomchil
wjammers	Sports	2	horizontal		Windjammers / Flying Power Disc	1994	Data East Corporation
wldcourt	Sports	2	horizontal		Pro Tennis World Court (Japan)	1988	Namco
wlstar	Sports	2	horizontal		Wonder League Star - Sok-Magicball Fighting (Korea)	1995	Mijin
wmatch	Sports	2	vertical		Water Match (315-5064)	1984	Sega
wndrmomo	Beat 'em up	2	horizontal		Wonder Momo	1987	Namco
wndrplnt	Vertical shooter	2	vertical		Wonder Planet (Japan)	1987	Data East Corporation
wof	Beat 'em up	3	horizontal		Warriors of Fate (World 921031)	1992	Capcom
wof1v3	Beat 'em up	3	horizontal	wof	Tenchi wo Kurau II: Sekiheki no Tatakai (1v3, Hack)	2023	hack
wof1v3p	Beat 'em up	3	horizontal	wof	Tenchi wo Kurau II: Sekiheki no Tatakai (1v3 Plus, Hack)	2023	hack
wofa	Beat 'em up	3	horizontal	wof	Sangokushi II (Asia 921005)	1992	Capcom
wofabl	Beat 'em up	3	horizontal	wof	Sangokushi II (bootleg, set 1)	1992	bootleg
wofabla	Beat 'em up	3	horizontal	wof	Sangokushi II (bootleg, set 2)	1992	bootleg
wofah	Beat 'em up	3	horizontal	wof	Sangokushi II (Asia 921005, hack, set 1)	1992	hack
wofaha	Beat 'em up	3	horizontal	wof	Sangokushi II (Asia 921005, hack, set 2)	1992	hack
wofahb	Beat 'em up	3	horizontal	wof	Sangokushi II (Asia 921005, hack, set 3)	1992	hack
wofc	Beat 'em up	3	horizontal	wof	Sangokushi II (hack, Chinese Translation)	2013	hack
wofch	Beat 'em up	3	horizontal		Tenchi wo Kurau II: Sekiheki no Tatakai (CPS Changer, Japan 921031)	1994	Capcom
wofchdx	Beat 'em up	3	horizontal	wofch	Sangokushi III Gaiden: Kakou-On's Revenge DX (hack)	2018	hack
wofchp	Beat 'em up	3	horizontal	wofch	Tenchi wo Kurau II: Sekiheki no Tatakai (PS/SS Version, Hack)	2019	hack
wofdr	Beat 'em up	3	horizontal	wof	Tenchi wo Kurau II: Sekiheki no Tatakai (Master, Hack)	2022	hack
wofdr20	Beat 'em up	3	horizontal	wof	Tenchi wo Kurau II: Sekiheki no Tatakai (Master 2020, Hack)	2024	hack
woffr	Beat 'em up	3	horizontal	wof	Warriors of Fate (hack, French Translation)	1992	Capcom
wofhfh	Beat 'em up	3	horizontal	wof	Huo Feng Huang (Chinese bootleg of Sangokushi II)	1999	bootleg
wofj	Beat 'em up	3	horizontal	wof	Tenchi wo Kurau II: Sekiheki no Tatakai (Japan 921031)	1992	Capcom
wofjh	Beat 'em up	3	horizontal	wof	Tenchi wo Kurau II: Sekiheki no Tatakai (hack, Japan 921031)	1992	hack
wofkm3	Beat 'em up	3	horizontal	wof	Tenchi wo Kurau II: Sekiheki no Tatakai (Subject 3, Hack)	2023	hack
wofmws	Beat 'em up	3	horizontal	wof	Tenchi wo Kurau II: Sekiheki no Tatakai (3M Warriors, Hack)	2023	hack
wofmz1v3	Beat 'em up	3	horizontal	wof	Tenchi wo Kurau II: Sekiheki no Tatakai (Cavalry 1v3, Hack)	2023	hack
wofpic	Beat 'em up	3	horizontal	wof	Warriors of Fate (bootleg with PIC16C57)	1992	bootleg
wofr1	Beat 'em up	3	horizontal	wof	Warriors of Fate (World 921002)	1992	Capcom
wofr1bl	Beat 'em up	3	horizontal	wof	Warriors of Fate (bootleg)	1992	bootleg
wofsc	Beat 'em up	3	horizontal	wof	Tenchi wo Kurau II: Sekiheki no Tatakai (Switchable Character, Hack)	2023	hack
wofsgzb	Beat 'em up	3	horizontal	wof	Sanguo Zhengba (Chinese bootleg of Sangokushi II)	2005	bootleg
wofsj	Beat 'em up	3	horizontal	wof	Sangokushi II: Sheng Jian (Chinese bootleg, set 1)	1992	bootleg
wofsja	Beat 'em up	3	horizontal	wof	Sangokushi II: Sheng Jian (Chinese bootleg, set 2)	1992	bootleg
wofsjb	Beat 'em up	3	horizontal	wof	Sangokushi II: Sheng Jian (Chinese bootleg, set 3)	1992	bootleg
wofsjs	Beat 'em up	3	horizontal	wof	San Jian Sheng (Chinese bootleg of Sangokushi II, set 1)	1992	bootleg
wofsjsa	Beat 'em up	3	horizontal	wof	San Jian Sheng (Chinese bootleg of Sangokushi II, set 2)	1992	bootleg
wofsjsb	Beat 'em up	3	horizontal	wof	San Jian Sheng (Chinese bootleg of Sangokushi II, set 3)	1992	bootleg
wofsm	Beat 'em up	3	horizontal	wof	Tenchi wo Kurau II: Sekiheki no Tatakai (3M, Hack)	2014	hack
wofssj	Beat 'em up	3	horizontal	wof	Sangokushi II: San Sheng Jian (Chinese bootleg, set 1)	1992	bootleg
wofssja	Beat 'em up	3	horizontal	wof	Sangokushi II: San Sheng Jian (Chinese bootleg, set 2)	1992	bootleg
wofu	Beat 'em up	3	horizontal	wof	Warriors of Fate (USA 921031)	1992	Capcom
wofwjq	Beat 'em up	3	horizontal	wof	Tenchi wo Kurau II: Sekiheki no Tatakai (Warriors Enhanced, Hack)	2023	hack
wofwp	Beat 'em up	3	horizontal	wof	Tenchi wo Kurau II: Sekiheki no Tatakai (Warriors Plus, Hack)	2014	hack
wofzl	Beat 'em up	3	horizontal	wof	Tenchi wo Kurau II: Sekiheki no Tatakai (Wolf Warriors, Hack)	2022	hack
wolffang	Beat 'em up / Platform	2	horizontal	rohga	Wolf Fang: Kuuga 2001 (Japan)	1991	Data East Corporation
wonder3	Mini-games	2	horizontal	3wonders	Wonder 3 (Japan 910520)	1991	Capcom
wondl96	Sports	2	horizontal		Wonder League '96 (Korea)	1996	SemiCom
wondstck	Puzzle	2	horizontal		Wonder Stick (set 1)	????	Yun Sung
wondstcka	Puzzle	2	horizontal	wondstck	Wonder Stick (set 2, censored)	????	Yun Sung
woodpeca	Platform	2	vertical	woodpeck	Woodpecker (set 2)	1981	Amenip
woodpeck	Platform	2	vertical		Woodpecker (set 1)	1981	Amenip (Palcom Queen River)
worldadv	Mahjong	2	horizontal		World Adventure	1999	Logic / F2 System
worldwar	Vertical shooter	2	vertical		World Wars (World?)	1987	SNK
wow	Maze / Shooter	2	horizontal		Wizard of Wor	1980	Dave Nutting Associates / Midway
wowg	Maze / Shooter	2	horizontal	wow	Wizard of Wor (with German language ROM)	1980	Dave Nutting Associates / Midway
wownfant	Puzzle	2	horizontal		WOW New Fantasia (Explicit)	2002	Comad
wownfanta	Puzzle	2	horizontal	wownfant	WOW New Fantasia	2002	Comad
wpksocv2	Football	2	horizontal		World PK Soccer V2 (ver 1.1)	1996	Jaleco
wrally	Racing	2	horizontal		World Rally Championship (version 1.0, checksum DE0D, 08 Nov 1993)	1993	Gaelco
wrally2	Racing	2	horizontal		World Rally 2: Twin Racing (version 20-07, checksum B1B8)	1995	Gaelco
wrally2a	Racing	2	horizontal	wrally2	World Rally 2: Twin Racing (version 26-06, checksum 3EDB, mask ROM version)	1995	Gaelco
wrally2b	Racing	2	horizontal	wrally2	World Rally 2: Twin Racing (version 26-06, checksum 3EDB)	1995	Gaelco
wrally2c	Racing	2	horizontal	wrally2	World Rally 2: Twin Racing (version 09-06, checksum 7BE1)	1995	Gaelco
wrally2d	Racing	2	horizontal	wrally2	World Rally 2: Twin Racing (version 09-06, checksum 50A2)	1995	Gaelco
wrallya	Racing	2	horizontal	wrally	World Rally Championship (version 1.0, checksum E586, 25 Jun 1993)	1993	Gaelco
wrallyac	Racing	2	horizontal	wrally	World Rally Championship (version 1.0, checksum C448)	1993	Gaelco (AutomÃ¡ticos Canarios license)
wrallyat	Racing	2	horizontal	wrally	World Rally Championship (America, version 1.0, checksum 2CC1)	1993	Gaelco (Atari license)
wrallyata	Racing	2	horizontal	wrally	World Rally Championship (America, version 1.0, checksum 75A5, 16 Jun 1993)	1993	Gaelco (Atari license)
wrallyb	Racing	2	horizontal	wrally	World Rally Championship (version 1.0, checksum 8AA2)	1993	Gaelco
wrallyc	Racing	2	horizontal	wrally	World Rally Championship (version 1.0, checksum 3873, 06 Apr 1993)	1993	Gaelco
wrallyd	Racing	2	horizontal	wrally	World Rally Championship (version 1.0, checksum 0E56, 06 Apr 1993)	1993	Gaelco
wrallye	Racing	2	horizontal	wrally	World Rally Championship (version 1.0, checksum 3D84, 02 Apr 1993)	1993	Gaelco
wrestwar	Fighting	2	vertical		Wrestle War (set 3, World) (8751 317-0103)	1989	Sega
wrestwar1	Fighting	2	vertical	wrestwar	Wrestle War (set 1, Japan) (FD1094 317-0090)	1989	Sega
wrestwar1d	Fighting	2	vertical	wrestwar	Wrestle War (set 1, Japan) (bootleg of FD1094 317-0090 set)	1989	bootleg
wrestwar2	Fighting	2	vertical	wrestwar	Wrestle War (set 2, World) (FD1094 317-0102)	1989	Sega
wrestwar2d	Fighting	2	vertical	wrestwar	Wrestle War (set 2, World) (bootleg of FD1094 317-0102 set)	1989	bootleg
wrldrc32	Racing	4	horizontal		World Racer 32Kb (HB, 251226)	2025	Blastar
wrofaero	Vertical shooter	2	vertical		War of Aero - Project MEIOU	1993	Yang Cheng
ws	Sports	2	horizontal		Pro Yakyuu World Stadium (Japan)	1988	Namco
ws89	Sports	2	horizontal	ws	Pro Yakyuu World Stadium '89 (Japan)	1989	Namco
ws90	Sports	2	horizontal	ws	Pro Yakyuu World Stadium '90 (Japan)	1990	Namco
wschamp	Shooter	2	horizontal		Wing Shooting Championship V2.00	2001	Sammy USA Corporation
wschampa	Shooter	2	horizontal	wschamp	Wing Shooting Championship V1.01	2001	Sammy USA Corporation
wschampb	Shooter	2	horizontal	wschamp	Wing Shooting Championship V1.00	2001	Sammy USA Corporation
wwallyj	Puzzle	2	horizontal		Wally wo Sagase! (rev B, Japan, 2 players) (FD1094 317-0197B)	1992	Sega
wwallyja	Puzzle	2	horizontal	wwallyj	Wally wo Sagase! (rev A, Japan, 2 players) (FD1094 317-0197A)	1992	Sega
wwallyja3p	Puzzle	2	horizontal	wwallyj	Wally wo Sagase! (rev A, Japan, 3 players) (FD1094 317-0198A)	1992	Sega
wwallyjad	Puzzle	2	horizontal	wwallyj	Wally wo Sagase! (rev A, Japan) (bootleg of FD1094 317-0197A set)	1992	bootleg
wwallyjd	Puzzle	2	horizontal	wwallyj	Wally wo Sagase! (rev B, Japan) (bootleg of FD1094 317-0197B set)	1992	bootleg
wwanpanm	Misc	1	horizontal		Waku Waku Anpanman (Rev A)	1992	Sega
wwanpanmo	Misc	1	horizontal	wwanpanm	Waku Waku Anpanman	1992	Sega
wwestern	Shooter	2	vertical		Wild Western (set 1)	1982	Taito Corporation
wwestern1	Shooter	2	vertical	wwestern	Wild Western (set 2)	1982	Taito Corporation
wwfmanac	Sports	2	horizontal	wwfmania	WWF: Wrestlemania (Acid Clown Edition 2020.12.02 SP2)	1995	Midway
wwfmania	Sports	2	horizontal		WWF: Wrestlemania (rev 1.30 08/10/95)	1995	Midway
wwfmaniab	Sports	2	horizontal	wwfmania	WWF: Wrestlemania (rev 1.20 08/02/95)	1995	Midway
wwfmaniac	Sports	2	horizontal	wwfmania	WWF: Wrestlemania (rev 1.1 07/11/95)	1995	Midway
wwfmaniap	Sports	2	horizontal	wwfmania	WWF: Wrestlemania (proto 2.01 06/07/95)	1995	Midway
wwfsstar	Fighting	2	horizontal		WWF Superstars (Europe)	1989	Technos Japan
wwfsstarb	Fighting	2	horizontal	wwfsstar	WWF Superstars (bootleg)	1989	bootleg
wwfsstarc	Fighting	2	horizontal	wwfsstar	WWF Superstars (Canada)	1989	Technos Japan
wwfsstarj	Fighting	2	horizontal	wwfsstar	WWF Superstars (Japan)	1989	Technos Japan
wwfsstaru4	Fighting	2	horizontal	wwfsstar	WWF Superstars (US revision 4)	1989	Technos Japan
wwfsstaru6	Fighting	2	horizontal	wwfsstar	WWF Superstars (US revision 6)	1989	Technos Japan
wwfsstaru7	Fighting	2	horizontal	wwfsstar	WWF Superstars (US revision 7)	1989	Technos Japan
wwfwfest	Fighting	4	horizontal		WWF WrestleFest (World)	1991	Technos Japan (Tecmo license)
wwfwfestj	Fighting	4	horizontal	wwfwfest	WWF WrestleFest (Japan)	1991	Technos Japan (Tecmo license)
wwfwfestk	Fighting	4	horizontal	wwfwfest	WWF WrestleFest (Korea)	1991	Technos Japan (Tecmo license)
wwfwfestu	Fighting	4	horizontal	wwfwfest	WWF WrestleFest (US, rev 2)	1991	Technos Japan
wwfwfestu1	Fighting	4	horizontal	wwfwfest	WWF WrestleFest (US)	1991	Technos Japan
wwfwfestub	Fighting	4	horizontal	wwfwfest	WWF WrestleFest (US bootleg)	1991	bootleg
wwjgtin	Racing	2	horizontal		Wai Wai Jockey Gate-In!	1984	Jaleco / Casio
wwmarine	Misc	1	horizontal		Waku Waku Marine	1992	Sega
wyvernf0	Vertical shooter	2	vertical		Wyvern F-0 (Rev 1)	1985	Taito Corporation
wyvernf0a	Vertical shooter	2	vertical	wyvernf0	Wyvern F-0	1985	Taito Corporation
wyvernwg	Vertical shooter	2	vertical	wivernwg	Wyvern Wings (set 1)	2001	SemiCom (Game Vision license)
wyvernwga	Vertical shooter	2	vertical	wivernwg	Wyvern Wings (set 2)	2001	SemiCom (Game Vision license)
x2222	Vertical shooter	2	vertical		X2222 (final debug?)	2000	Oriental Soft / Promat
x2222o	Vertical shooter	2	vertical	x2222	X2222 (5-level prototype)	2000	Oriental Soft / Promat
xday2	Misc	2	horizontal		X-Day 2 (Japan)	1995	Namco
xenocrisis	Run & gun	2	horizontal		Xeno Crisis (HB)	2019	Bitmap Bureau
xenophob	Run & gun	3	horizontal		Xenophobe	1987	Bally Midway
xevious	Vertical shooter	2	vertical		Xevious (Namco)	1982	Namco
xeviousa	Vertical shooter	2	vertical	xevious	Xevious (Atari, harder)	1982	Namco (Atari license)
xeviousb	Vertical shooter	2	vertical	xevious	Xevious (Atari)	1982	Namco (Atari license)
xeviousc	Vertical shooter	2	vertical	xevious	Xevious (Atari, Namco PCB)	1982	Namco (Atari license)
xeviousd	Vertical shooter	2	vertical	xevious	Xevious (Atari, set 4)	1982	Namco (Atari license)
xeviousng	Vertical shooter	2	vertical		Xevious - Neo Geo Conversion (HB, Beta1)	1982-2023	Namco - tcdev
xexex	Horizontal shooter	2	horizontal		Xexex (ver EAA)	1991	Konami
xexexa	Horizontal shooter	2	horizontal	xexex	Xexex (ver AAA)	1991	Konami
xexexj	Horizontal shooter	2	horizontal	xexex	Xexex (ver JAA)	1991	Konami
xmcota	Fighting	2	horizontal		X-Men: Children of the Atom (Europe 950331)	1994	Capcom
xmcotaa	Fighting	2	horizontal	xmcota	X-Men: Children of the Atom (Asia 950105)	1994	Capcom
xmcotaar1	Fighting	2	horizontal	xmcota	X-Men: Children of the Atom (Asia 941219)	1994	Capcom
xmcotaar2	Fighting	2	horizontal	xmcota	X-Men: Children of the Atom (Asia 941217)	1994	Capcom
xmcotab	Fighting	2	horizontal	xmcota	X-Men: Children of the Atom (Brazil 950331)	1994	Capcom
xmcotabh	Fighting	2	horizontal	xmcota	X-Men: Children of the Atom (Boss Hack)	1994	Yumeji
xmcotah	Fighting	2	horizontal	xmcota	X-Men: Children of the Atom (Hispanic 950331)	1994	Capcom
xmcotahr1	Fighting	2	horizontal	xmcota	X-Men: Children of the Atom (Hispanic 950105)	1994	Capcom
xmcotaj	Fighting	2	horizontal	xmcota	X-Men: Children of the Atom (Japan 950105)	1994	Capcom
xmcotaj1	Fighting	2	horizontal	xmcota	X-Men: Children of the Atom (Japan 941222)	1994	Capcom
xmcotaj2	Fighting	2	horizontal	xmcota	X-Men: Children of the Atom (Japan 941219)	1994	Capcom
xmcotaj3	Fighting	2	horizontal	xmcota	X-Men: Children of the Atom (Japan 941217)	1994	Capcom
xmcotajr	Fighting	2	horizontal	xmcota	X-Men: Children of the Atom (Japan 941208 rent version)	1994	Capcom
xmcotar1	Fighting	2	horizontal	xmcota	X-Men: Children of the Atom (Europe 950105)	1994	Capcom
xmcotar1d	Fighting	2	horizontal	xmcota	X-Men: Children of the Atom (Europe 950105 Phoenix Edition) (bootleg)	1994	bootleg
xmcotau	Fighting	2	horizontal	xmcota	X-Men: Children of the Atom (USA 950105)	1994	Capcom
xmen	Beat 'em up	4	horizontal		X-Men (4 Players ver EBA)	1992	Konami
xmen2pa	Beat 'em up	2	horizontal	xmen	X-Men (2 Players ver AAA)	1992	Konami
xmen2pe	Beat 'em up	2	horizontal	xmen	X-Men (2 Players ver EAA)	1992	Konami
xmen2pj	Beat 'em up	2	horizontal	xmen	X-Men (2 Players ver JAA)	1992	Konami
xmen2pu	Beat 'em up	2	horizontal	xmen	X-Men (2 Players ver UAB)	1992	Konami
xmen6p	Beat 'em up	6	horizontal	xmen	X-Men (6 Players ver ECB)	1992	Konami
xmen6pu	Beat 'em up	6	horizontal	xmen	X-Men (6 Players ver UCB)	1992	Konami
xmena	Beat 'em up	4	horizontal	xmen	X-Men (4 Players ver AEA)	1992	Konami
xmenaa	Beat 'em up	4	horizontal	xmen	X-Men (4 Players ver ADA)	1992	Konami
xmenj	Beat 'em up	4	horizontal	xmen	X-Men (4 Players ver JBA)	1992	Konami
xmenja	Beat 'em up	4	horizontal	xmen	X-Men (4 Players ver JEA)	1992	Konami
xmenu	Beat 'em up	4	horizontal	xmen	X-Men (4 Players ver UBB)	1992	Konami
xmenua	Beat 'em up	4	horizontal	xmen	X-Men (4 Players ver UEB)	1992	Konami
xmultipl	Horizontal shooter	2	horizontal		X Multiply (World, M81 hardware)	1989	Irem
xmultiplm72	Horizontal shooter	2	horizontal	xmultipl	X Multiply (Japan, M72 hardware)	1989	Irem
xmvsf	Fighting	2	horizontal		X-Men Vs. Street Fighter (Europe 961004)	1996	Capcom
xmvsfa	Fighting	2	horizontal	xmvsf	X-Men Vs. Street Fighter (Asia 961023)	1996	Capcom
xmvsfar1	Fighting	2	horizontal	xmvsf	X-Men Vs. Street Fighter (Asia 961004)	1996	Capcom
xmvsfar2	Fighting	2	horizontal	xmvsf	X-Men Vs. Street Fighter (Asia 960919)	1996	Capcom
xmvsfar3	Fighting	2	horizontal	xmvsf	X-Men Vs. Street Fighter (Asia 960910)	1996	Capcom
xmvsfb	Fighting	2	horizontal	xmvsf	X-Men Vs. Street Fighter (Brazil 961023)	1996	Capcom
xmvsfcph	Fighting	2	horizontal	xmvsf	X-Men Vs. Street Fighter (Coop, Hack)	2022	hack (bankbank)
xmvsfem	Fighting	2	horizontal	xmvsf	X-Men Vs. Street Fighter (Easy Moves, Hack)	2009	hack
xmvsfh	Fighting	2	horizontal	xmvsf	X-Men Vs. Street Fighter (Hispanic 961004)	1996	Capcom
xmvsfj	Fighting	2	horizontal	xmvsf	X-Men Vs. Street Fighter (Japan 970113)	1996	Capcom
xmvsfjr1	Fighting	2	horizontal	xmvsf	X-Men Vs. Street Fighter (Japan 961023)	1996	Capcom
xmvsfjr2	Fighting	2	horizontal	xmvsf	X-Men Vs. Street Fighter (Japan 961004)	1996	Capcom
xmvsfjr3	Fighting	2	horizontal	xmvsf	X-Men Vs. Street Fighter (Japan 960910)	1996	Capcom
xmvsfjr4	Fighting	2	horizontal	xmvsf	X-Men Vs. Street Fighter (Japan 960909)	1996	Capcom
xmvsfr1	Fighting	2	horizontal	xmvsf	X-Men Vs. Street Fighter (Europe 960910)	1996	Capcom
xmvsfu	Fighting	2	horizontal	xmvsf	X-Men Vs. Street Fighter (USA 961023)	1996	Capcom
xmvsfu1d	Fighting	2	horizontal	xmvsf	X-Men Vs. Street Fighter (USA 961004 Phoenix Edition) (bootleg)	1996	bootleg
xmvsfur1	Fighting	2	horizontal	xmvsf	X-Men Vs. Street Fighter (USA 961004)	1996	Capcom
xmvsfur2	Fighting	2	horizontal	xmvsf	X-Men Vs. Street Fighter (USA 960910)	1996	Capcom
xorwldms	Misc	2	horizontal		Xor World (Modular System, prototype, set 1)	1990	Gaelco
xorwldmsa	Misc	2	horizontal	xorwldms	Xor World (Modular System, prototype, set 2)	1990	Gaelco
xorworld	Puzzle	2	horizontal		Xor World (ver 1.2, checksum DB5D0F, prototype)	1990	Gaelco
xorworlda	Puzzle	2	horizontal	xorworld	Xor World (ver 1.2, checksum DB5D10, prototype)	1990	Gaelco
xsedae	Quiz	2	horizontal		X Se Dae Quiz (Korea)	1995	Dream Island
xsleena	Run & gun	2	horizontal		Xain'd Sleena (World)	1986	Technos Japan (Taito license)
xsleenab	Run & gun	2	horizontal	xsleena	Xain'd Sleena (bootleg, set 1)	1986	bootleg
xsleenaba	Run & gun	2	horizontal	xsleena	Xain'd Sleena (bootleg, bugfixed)	1987	bootleg
xsleenabb	Run & gun	2	horizontal	xsleena	Xain'd Sleena (bootleg, set 2)	1987	bootleg
xsleenaj	Run & gun	2	horizontal	xsleena	Xain'd Sleena (Japan)	1986	Technos Japan
xxmissio	Vertical shooter	2	vertical		XX Mission	1986	UPL
xybots	Maze / Shooter	2	horizontal		Xybots (rev 2)	1987	Atari Games
xybots0	Maze / Shooter	2	horizontal	xybots	Xybots (rev 0)	1987	Atari Games
xybots1	Maze / Shooter	2	horizontal	xybots	Xybots (rev 1)	1987	Atari Games
xybotsf	Maze / Shooter	2	horizontal	xybots	Xybots (French, rev 3)	1987	Atari Games
xybotsg	Maze / Shooter	2	horizontal	xybots	Xybots (German, rev 3)	1987	Atari Games
xyonix	Puzzle	2	horizontal		Xyonix	1989	Philko
yamagchi	Beat 'em up	2	vertical		Go Go Mr. Yamaguchi / Yuke Yuke Yamaguchi-kun	1985	Kaneko / Taito
yamato	Shooter	2	vertical		Yamato (set 1)	1983	Sega
yamatoa	Shooter	2	vertical	yamato	Yamato (set 2)	1983	Sega
yamatou	Shooter	2	vertical	yamato	Yamato (US)	1983	Sega
yanchamr	Platform	2	horizontal	kidniki	Kaiketsu Yanchamaru (Japan)	1986	Irem
yankeedo	Maze / Action	2	vertical	mrdo	Yankee DO!	1982	hack
yellowcbb	Action	2	vertical	kamikcab	Yellow Cab (bootleg)	1984	bootleg
yellowcbj	Action	2	vertical	kamikcab	Yellow Cab (Japan)	1984	Data East Corporation
yesnoj	Quiz	2	horizontal		Yes/No Sinri Tokimeki Chart	1992	Taito Corporation
yiear	Fighting	2	horizontal		Yie Ar Kung-Fu (version I)	1985	Konami
yiear2	Fighting	2	horizontal	yiear	Yie Ar Kung-Fu (version G)	1985	Konami
yieartf	Fighting	2	horizontal	yiear	Yie Ar Kung-Fu (bootleg GX361 conversion)	1985	bootleg
youjyudn	Run & gun	2	vertical		Youjyuden (Japan)	1986	Irem
youkaidk1	Run & gun	2	horizontal	shadowld	Youkai Douchuuki (Japan, old version (YD1))	1987	Namco
youkaidk2	Run & gun	2	horizontal	shadowld	Youkai Douchuuki (Japan, new version (YD2, Rev B))	1987	Namco
youma	Shooter	2	vertical	ninjemak	Youma Ninpou Chou (Japan)	1986	Nichibutsu
youma2	Shooter	2	vertical	ninjemak	Youma Ninpou Chou (Japan, alt)	1986	Nichibutsu
yoyoshkn	Run & gun	2	horizontal		Yo-Yo Shuriken (HB)	2023	LudoSience
yoyospel	Platform	2	horizontal	littlerb	YoYo Spell (prototype)	1992	Inder
yukiwo	Vertical shooter	2	vertical	masterw	Yukiwo (World, prototype)	1989	Taito Corporation Japan
yukon	Casino	1	horizontal		Yukon (version 2.0)	1989	Exidy
yukon1	Casino	1	horizontal	yukon	Yukon (version 1.0)	1989	Exidy
yuyugogo	Quiz	2	horizontal		Yuuyu no Quiz de GO!GO! (Japan)	1990	Taito Corporation
zarzon	Shooter	2	vertical	satansat	Zarzon	1981	SNK (Taito America license)
zaviga	Vertical shooter	2	vertical		Zaviga	1984	Data East Corporation
zavigaj	Vertical shooter	2	vertical	zaviga	Zaviga (Japan)	1984	Data East Corporation
zaxxon	Vertical shooter	2	vertical		Zaxxon (set 1, rev D)	1982	Sega
zaxxon2	Vertical shooter	2	vertical	zaxxon	Zaxxon (set 2, unknown rev)	1982	Sega
zaxxon3	Vertical shooter	2	vertical	zaxxon	Zaxxon (set 3, unknown rev)	1982	Sega
zaxxonb	Vertical shooter	2	vertical	zaxxon	Jackson	1982	bootleg
zaxxonj	Vertical shooter	2	vertical	zaxxon	Zaxxon (Japan)	1982	Sega
zedblade	Horizontal shooter	2	horizontal		Zed Blade / Operation Ragnarok	1994	NMK
zektor	Shooter / Vector	2	horizontal		Zektor (revision B)	1982	Sega
zerofxz	Beat 'em up	4	horizontal	olds	Oriental Legend ZERO (Hack)	2019	Hack
zerohour	Vertical shooter	2	vertical		Zero Hour (set 1)	1980	Universal
zerohoura	Vertical shooter	2	vertical	zerohour	Zero Hour (set 2)	1980	Universal
zerohouri	Vertical shooter	2	vertical	zerohour	Zero Hour (bootleg)	1980	bootleg (Inder SA)
zeropnt	Shooter	2	horizontal		Zero Point (set 1)	1998	Unico
zeropnt2	Shooter	2	horizontal		Zero Point 2	1999	Unico
zeropnta	Shooter	2	horizontal	zeropnt	Zero Point (set 2)	1998	Unico
zeropntj	Shooter	2	horizontal	zeropnt	Zero Point (Japan)	1998	Unico
zeroteam	Beat 'em up	4	horizontal		Zero Team USA (US)	1993	Seibu Kaihatsu (Fabtek license)
zeroteama	Beat 'em up	2	horizontal	zeroteam	Zero Team (Japan?, earlier?, set 1)	1993	Seibu Kaihatsu
zeroteamb	Beat 'em up	2	horizontal	zeroteam	Zero Team (Japan?, later batteryless)	1993	Seibu Kaihatsu
zeroteamc	Beat 'em up	2	horizontal	zeroteam	Zero Team (Taiwan)	1993	Seibu Kaihatsu (Liang Hwa license)
zeroteamd	Beat 'em up	2	horizontal	zeroteam	Zero Team (Korea)	1993	Seibu Kaihatsu (Dream Soft license)
zeroteame	Beat 'em up	2	horizontal	zeroteam	Zero Team (Japan?, earlier?, set 2)	1993	Seibu Kaihatsu
zeroteams	Beat 'em up	2	horizontal	zeroteam	Zero Team Selection	1993	Seibu Kaihatsu
zeroteamsr	Beat 'em up	2	horizontal	zeroteam	Zero Team Suicide Revival Kit	1993	Seibu Kaihatsu
zerotime	Vertical shooter	2	vertical	galaxian	Zero Time (Petaco S.A.)	1979	bootleg? (Petaco S.A.)
zerotimea	Vertical shooter	2	vertical	galaxian	Zero Time (Spanish bootleg, set 1)	1979	bootleg
zerotimeb	Vertical shooter	2	vertical	galaxian	Zero Time (Spanish bootleg, set 2)	1979	bootleg
zerotimed	Vertical shooter	2	vertical	galaxian	Zero Time (Datamat)	1979	bootleg (Datamat)
zerotimemc	Vertical shooter	2	vertical	galaxian	Zero Time (Marti Colls)	1979	bootleg (Marti Colls)
zerotm2k	Beat 'em up	2	horizontal	zeroteam	Zero Team 2000	2000	Seibu Kaihatsu
zerowing	Horizontal shooter	2	horizontal		Zero Wing (2P set)	1989	Toaplan
zerowing1	Horizontal shooter	2	horizontal	zerowing	Zero Wing (1P set)	1989	Toaplan
zerowingw	Horizontal shooter	2	horizontal	zerowing	Zero Wing (2P set, Williams license)	1989	Toaplan (Williams license)
zerozone	Puzzle	2	horizontal		Zero Zone	1993	Comad
zetsuxeving	Vertical shooter	2	vertical	xeviousng	Zetsu Xevious - Neo Geo Conversion (HB)	1982-2025	Namco - zeroco
zigzagb	Maze	2	vertical		Zig Zag (bootleg Dig Dug conversion on Galaxian hardware, set 1)	1982	bootleg (LAX)
zigzagb2	Maze	2	vertical	zigzagb	Zig Zag (bootleg Dig Dug conversion on Galaxian hardware, set 2)	1982	bootleg (LAX)
zingzip	Vertical shooter	2	vertical		Zing Zing Zip (World) / Zhen Zhen Ji Pao (China?)	1992	Allumer / Tecmo
zintrckb	Puzzle	2	horizontal		Zintrick / Oshidashi Zentrix (bootleg of CD version)	1996	bootleg
zintrckbp	Puzzle	2	horizontal	zintrckb	Zintrick / Oshidashi Zentrix (bootleg of CD version, multi-V)	1996	bootleg
zintrkcd	Puzzle	2	horizontal	zintrckb	Zintrick / Oshidashi Zentrix (Neo CD conversion)	1996	hack
zipzap	Puzzle	2	vertical		Zip & Zap (Explicit)	1995	Barko Corp
zipzapa	Puzzle	2	vertical	zipzap	Zip & Zap (Less Explicit)	1995	Barko Corp
zoar	Vertical shooter	2	vertical		Zoar	1982	Data East USA
zodiack	Shooter	2	vertical		Zodiack	1983	Orca (Esco Trading Co., Inc. license)
zolapac	Maze / Action	2	vertical	mspacman	Super Zola Pac Gal	2000	Tqwn Amusement
zombraid	Shooter	2	horizontal		Zombie Raid (9/28/95, US)	1995	American Sammy
zombraidp	Shooter	2	horizontal	zombraid	Zombie Raid (9/28/95, US, prototype PCB)	1995	American Sammy
zombraidpj	Shooter	2	horizontal	zombraid	Zombie Raid (9/28/95, Japan, prototype PCB)	1995	Sammy Industries
zookeep	Action	2	horizontal		Zoo Keeper (set 1)	1982	Taito America Corporation
zookeep2	Action	2	horizontal	zookeep	Zoo Keeper (set 2)	1982	Taito America Corporation
zookeep3	Action	2	horizontal	zookeep	Zoo Keeper (set 3)	1982	Taito America Corporation
zoom909	Shooter	2	horizontal	buckrog	Zoom 909	1982	Sega
zteam1v4	Beat 'em up	4	horizontal	zeroteam	Zero Team USA (1v4, Hack)	2018	hack
zteamdr	Beat 'em up	4	horizontal	zeroteam	Zero Team USA (Providence, Hack)	2024	hack
zteamdw	Beat 'em up	4	horizontal	zeroteam	Zero Team USA (Warriors, Hack)	2018	hack
zteamem	Beat 'em up	4	horizontal	zeroteam	Zero Team USA (Nightmare, Hack)	2018	hack
zteaml6	Beat 'em up	4	horizontal	zeroteam	Zero Team USA (Camper, Hack)	2024	hack
zteammm	Beat 'em up	4	horizontal	zeroteam	Zero Team USA (Incubus, Hack)	2025	hack
zteampls	Beat 'em up	4	horizontal	zeroteam	Zero Team USA (Plus, Hack)	2022	hack
zteamwh	Beat 'em up	4	horizontal	zeroteam	Zero Team USA (Question Mark, Hack)	2022	hack
zteamwxp	Beat 'em up	4	horizontal	zeroteam	Zero Team USA (Infinite Cannon, Hack)	2022	hack
zteamym	Beat 'em up	4	horizontal	zeroteam	Zero Team USA (Devil, Hack)	2024	hack
zteamymp	Beat 'em up	4	horizontal	zeroteam	Zero Team USA (Devil Plus, Hack)	2025	hack
zteamys	Beat 'em up	4	horizontal	zeroteam	Zero Team USA (God, Hack)	2024	hack
zteamzs	Beat 'em up	4	horizontal	zeroteam	Zero Team USA (God of War, Hack)	2021	hack
zunkyou	Vertical shooter	2	horizontal		Zunzunkyou no Yabou (Japan)	1994	Sega
zupapa	Platform	2	horizontal		Zupapa!	2001	SNK
zwackery	Platform	2	horizontal		Zwackery	1984	Bally Midway
zzyzzyxx	Maze / Action	2	vertical		Zzyzzyxx (set 1)	1982	Cinematronics / Advanced Microcomputer Systems
zzyzzyxx2	Maze / Action	2	vertical	zzyzzyxx	Zzyzzyxx (set 2)	1982	Cinematronics / Advanced Microcomputer Systems
